DROP DATABASE usthbiobank;
CREATE DATABASE  IF NOT EXISTS `usthbiobank` /*!40100 DEFAULT CHARACTER SET latin1 */;
USE `usthbiobank`;
-- MySQL dump 10.13  Distrib 5.7.12, for Win64 (x86_64)
--
-- Host: 127.0.0.1    Database: usthbiobank
-- ------------------------------------------------------
-- Server version	5.6.21

/*!40101 SET @OLD_CHARACTER_SET_CLIENT=@@CHARACTER_SET_CLIENT */;
/*!40101 SET @OLD_CHARACTER_SET_RESULTS=@@CHARACTER_SET_RESULTS */;
/*!40101 SET @OLD_COLLATION_CONNECTION=@@COLLATION_CONNECTION */;
/*!40101 SET NAMES utf8 */;
/*!40103 SET @OLD_TIME_ZONE=@@TIME_ZONE */;
/*!40103 SET TIME_ZONE='+00:00' */;
/*!40014 SET @OLD_UNIQUE_CHECKS=@@UNIQUE_CHECKS, UNIQUE_CHECKS=0 */;
/*!40014 SET @OLD_FOREIGN_KEY_CHECKS=@@FOREIGN_KEY_CHECKS, FOREIGN_KEY_CHECKS=0 */;
/*!40101 SET @OLD_SQL_MODE=@@SQL_MODE, SQL_MODE='NO_AUTO_VALUE_ON_ZERO' */;
/*!40111 SET @OLD_SQL_NOTES=@@SQL_NOTES, SQL_NOTES=0 */;

--
-- Table structure for table `accounttable`
--

DROP TABLE IF EXISTS `accounttable`;
/*!40101 SET @saved_cs_client     = @@character_set_client */;
/*!40101 SET character_set_client = utf8 */;
CREATE TABLE `accounttable` (
  `AccountID` int(11) NOT NULL AUTO_INCREMENT,
  `Username` varchar(750) NOT NULL,
  `Password` varchar(750) NOT NULL,
  `LastName` varchar(500) NOT NULL,
  `FirstName` varchar(500) NOT NULL,
  `MiddleName` varchar(500) DEFAULT NULL,
  `RoleID` int(11) NOT NULL,
  `Active` int(11) NOT NULL,
  PRIMARY KEY (`AccountID`),
  KEY `AccountTable_fk0` (`RoleID`),
  CONSTRAINT `AccountTable_fk0` FOREIGN KEY (`RoleID`) REFERENCES `roletable` (`RoleID`)
) ENGINE=InnoDB AUTO_INCREMENT=4 DEFAULT CHARSET=latin1;
/*!40101 SET character_set_client = @saved_cs_client */;

--
-- Dumping data for table `accounttable`
--

LOCK TABLES `accounttable` WRITE;
/*!40000 ALTER TABLE `accounttable` DISABLE KEYS */;
INSERT INTO `accounttable` VALUES (1,'1','1','LAST NAME','ADMIN','A.',1,1),(2,'2','2','LAST NAME','ENCODER','B.',2,1),(3,'3','3','LAST NAME','ADMIN','C.',1,1);
/*!40000 ALTER TABLE `accounttable` ENABLE KEYS */;
UNLOCK TABLES;

--
-- Table structure for table `addresstable`
--

DROP TABLE IF EXISTS `addresstable`;
/*!40101 SET @saved_cs_client     = @@character_set_client */;
/*!40101 SET character_set_client = utf8 */;
CREATE TABLE `addresstable` (
  `AddressID` int(11) NOT NULL AUTO_INCREMENT,
  `StreetAddress` varchar(500) NOT NULL,
  `City` varchar(200) NOT NULL,
  `ZIPCode` varchar(200) NOT NULL,
  PRIMARY KEY (`AddressID`)
) ENGINE=InnoDB AUTO_INCREMENT=108 DEFAULT CHARSET=latin1;
/*!40101 SET character_set_client = @saved_cs_client */;

--
-- Dumping data for table `addresstable`
--

LOCK TABLES `addresstable` WRITE;
/*!40000 ALTER TABLE `addresstable` DISABLE KEYS */;
INSERT INTO `addresstable` VALUES (1,'R9PQHzzQmMZ3flzk6sJ87g==','WTWct/N2weeIl81YyLTW+A==','TO5PrAJoeKB7znK+nsRaew=='),(2,'R9PQHzzQmMZ3flzk6sJ87g==','WTWct/N2weeIl81YyLTW+A==','TO5PrAJoeKB7znK+nsRaew=='),(3,'R9PQHzzQmMZ3flzk6sJ87g==','WTWct/N2weeIl81YyLTW+A==','TO5PrAJoeKB7znK+nsRaew=='),(4,'R9PQHzzQmMZ3flzk6sJ87g==','WTWct/N2weeIl81YyLTW+A==','TO5PrAJoeKB7znK+nsRaew=='),(5,'R9PQHzzQmMZ3flzk6sJ87g==','WTWct/N2weeIl81YyLTW+A==','TO5PrAJoeKB7znK+nsRaew=='),(6,'R9PQHzzQmMZ3flzk6sJ87g==','WTWct/N2weeIl81YyLTW+A==','TO5PrAJoeKB7znK+nsRaew=='),(7,'R9PQHzzQmMZ3flzk6sJ87g==','WTWct/N2weeIl81YyLTW+A==','TO5PrAJoeKB7znK+nsRaew=='),(8,'R9PQHzzQmMZ3flzk6sJ87g==','WTWct/N2weeIl81YyLTW+A==','TO5PrAJoeKB7znK+nsRaew=='),(9,'R9PQHzzQmMZ3flzk6sJ87g==','WTWct/N2weeIl81YyLTW+A==','TO5PrAJoeKB7znK+nsRaew=='),(10,'R9PQHzzQmMZ3flzk6sJ87g==','WTWct/N2weeIl81YyLTW+A==','TO5PrAJoeKB7znK+nsRaew=='),(11,'R9PQHzzQmMZ3flzk6sJ87g==','WTWct/N2weeIl81YyLTW+A==','TO5PrAJoeKB7znK+nsRaew=='),(12,'R9PQHzzQmMZ3flzk6sJ87g==','WTWct/N2weeIl81YyLTW+A==','TO5PrAJoeKB7znK+nsRaew=='),(13,'R9PQHzzQmMZ3flzk6sJ87g==','WTWct/N2weeIl81YyLTW+A==','TO5PrAJoeKB7znK+nsRaew=='),(14,'R9PQHzzQmMZ3flzk6sJ87g==','WTWct/N2weeIl81YyLTW+A==','TO5PrAJoeKB7znK+nsRaew=='),(15,'R9PQHzzQmMZ3flzk6sJ87g==','WTWct/N2weeIl81YyLTW+A==','TO5PrAJoeKB7znK+nsRaew=='),(16,'R9PQHzzQmMZ3flzk6sJ87g==','WTWct/N2weeIl81YyLTW+A==','TO5PrAJoeKB7znK+nsRaew=='),(17,'R9PQHzzQmMZ3flzk6sJ87g==','WTWct/N2weeIl81YyLTW+A==','TO5PrAJoeKB7znK+nsRaew=='),(18,'R9PQHzzQmMZ3flzk6sJ87g==','WTWct/N2weeIl81YyLTW+A==','TO5PrAJoeKB7znK+nsRaew=='),(19,'R9PQHzzQmMZ3flzk6sJ87g==','WTWct/N2weeIl81YyLTW+A==','TO5PrAJoeKB7znK+nsRaew=='),(20,'R9PQHzzQmMZ3flzk6sJ87g==','WTWct/N2weeIl81YyLTW+A==','TO5PrAJoeKB7znK+nsRaew=='),(21,'R9PQHzzQmMZ3flzk6sJ87g==','WTWct/N2weeIl81YyLTW+A==','TO5PrAJoeKB7znK+nsRaew=='),(22,'R9PQHzzQmMZ3flzk6sJ87g==','WTWct/N2weeIl81YyLTW+A==','TO5PrAJoeKB7znK+nsRaew=='),(23,'R9PQHzzQmMZ3flzk6sJ87g==','WTWct/N2weeIl81YyLTW+A==','TO5PrAJoeKB7znK+nsRaew=='),(24,'R9PQHzzQmMZ3flzk6sJ87g==','WTWct/N2weeIl81YyLTW+A==','TO5PrAJoeKB7znK+nsRaew=='),(25,'R9PQHzzQmMZ3flzk6sJ87g==','WTWct/N2weeIl81YyLTW+A==','TO5PrAJoeKB7znK+nsRaew=='),(26,'R9PQHzzQmMZ3flzk6sJ87g==','WTWct/N2weeIl81YyLTW+A==','TO5PrAJoeKB7znK+nsRaew=='),(27,'R9PQHzzQmMZ3flzk6sJ87g==','WTWct/N2weeIl81YyLTW+A==','TO5PrAJoeKB7znK+nsRaew=='),(28,'R9PQHzzQmMZ3flzk6sJ87g==','WTWct/N2weeIl81YyLTW+A==','TO5PrAJoeKB7znK+nsRaew=='),(29,'R9PQHzzQmMZ3flzk6sJ87g==','WTWct/N2weeIl81YyLTW+A==','TO5PrAJoeKB7znK+nsRaew=='),(30,'R9PQHzzQmMZ3flzk6sJ87g==','WTWct/N2weeIl81YyLTW+A==','TO5PrAJoeKB7znK+nsRaew=='),(31,'R9PQHzzQmMZ3flzk6sJ87g==','WTWct/N2weeIl81YyLTW+A==','TO5PrAJoeKB7znK+nsRaew=='),(32,'R9PQHzzQmMZ3flzk6sJ87g==','WTWct/N2weeIl81YyLTW+A==','TO5PrAJoeKB7znK+nsRaew=='),(33,'R9PQHzzQmMZ3flzk6sJ87g==','WTWct/N2weeIl81YyLTW+A==','TO5PrAJoeKB7znK+nsRaew=='),(34,'R9PQHzzQmMZ3flzk6sJ87g==','WTWct/N2weeIl81YyLTW+A==','TO5PrAJoeKB7znK+nsRaew=='),(35,'R9PQHzzQmMZ3flzk6sJ87g==','WTWct/N2weeIl81YyLTW+A==','TO5PrAJoeKB7znK+nsRaew=='),(36,'R9PQHzzQmMZ3flzk6sJ87g==','WTWct/N2weeIl81YyLTW+A==','TO5PrAJoeKB7znK+nsRaew=='),(37,'R9PQHzzQmMZ3flzk6sJ87g==','WTWct/N2weeIl81YyLTW+A==','TO5PrAJoeKB7znK+nsRaew=='),(38,'R9PQHzzQmMZ3flzk6sJ87g==','WTWct/N2weeIl81YyLTW+A==','TO5PrAJoeKB7znK+nsRaew=='),(39,'R9PQHzzQmMZ3flzk6sJ87g==','WTWct/N2weeIl81YyLTW+A==','TO5PrAJoeKB7znK+nsRaew=='),(40,'R9PQHzzQmMZ3flzk6sJ87g==','WTWct/N2weeIl81YyLTW+A==','TO5PrAJoeKB7znK+nsRaew=='),(41,'R9PQHzzQmMZ3flzk6sJ87g==','WTWct/N2weeIl81YyLTW+A==','TO5PrAJoeKB7znK+nsRaew=='),(42,'R9PQHzzQmMZ3flzk6sJ87g==','WTWct/N2weeIl81YyLTW+A==','TO5PrAJoeKB7znK+nsRaew=='),(43,'R9PQHzzQmMZ3flzk6sJ87g==','WTWct/N2weeIl81YyLTW+A==','TO5PrAJoeKB7znK+nsRaew=='),(44,'R9PQHzzQmMZ3flzk6sJ87g==','WTWct/N2weeIl81YyLTW+A==','TO5PrAJoeKB7znK+nsRaew=='),(45,'R9PQHzzQmMZ3flzk6sJ87g==','WTWct/N2weeIl81YyLTW+A==','TO5PrAJoeKB7znK+nsRaew=='),(46,'R9PQHzzQmMZ3flzk6sJ87g==','WTWct/N2weeIl81YyLTW+A==','TO5PrAJoeKB7znK+nsRaew=='),(47,'R9PQHzzQmMZ3flzk6sJ87g==','WTWct/N2weeIl81YyLTW+A==','TO5PrAJoeKB7znK+nsRaew=='),(48,'R9PQHzzQmMZ3flzk6sJ87g==','WTWct/N2weeIl81YyLTW+A==','TO5PrAJoeKB7znK+nsRaew=='),(49,'R9PQHzzQmMZ3flzk6sJ87g==','WTWct/N2weeIl81YyLTW+A==','TO5PrAJoeKB7znK+nsRaew=='),(50,'R9PQHzzQmMZ3flzk6sJ87g==','WTWct/N2weeIl81YyLTW+A==','TO5PrAJoeKB7znK+nsRaew=='),(51,'R9PQHzzQmMZ3flzk6sJ87g==','WTWct/N2weeIl81YyLTW+A==','TO5PrAJoeKB7znK+nsRaew=='),(52,'R9PQHzzQmMZ3flzk6sJ87g==','WTWct/N2weeIl81YyLTW+A==','TO5PrAJoeKB7znK+nsRaew=='),(53,'R9PQHzzQmMZ3flzk6sJ87g==','WTWct/N2weeIl81YyLTW+A==','TO5PrAJoeKB7znK+nsRaew=='),(54,'R9PQHzzQmMZ3flzk6sJ87g==','WTWct/N2weeIl81YyLTW+A==','TO5PrAJoeKB7znK+nsRaew=='),(55,'R9PQHzzQmMZ3flzk6sJ87g==','WTWct/N2weeIl81YyLTW+A==','TO5PrAJoeKB7znK+nsRaew=='),(56,'R9PQHzzQmMZ3flzk6sJ87g==','WTWct/N2weeIl81YyLTW+A==','TO5PrAJoeKB7znK+nsRaew=='),(57,'R9PQHzzQmMZ3flzk6sJ87g==','WTWct/N2weeIl81YyLTW+A==','TO5PrAJoeKB7znK+nsRaew=='),(58,'R9PQHzzQmMZ3flzk6sJ87g==','WTWct/N2weeIl81YyLTW+A==','TO5PrAJoeKB7znK+nsRaew=='),(59,'R9PQHzzQmMZ3flzk6sJ87g==','WTWct/N2weeIl81YyLTW+A==','TO5PrAJoeKB7znK+nsRaew=='),(60,'R9PQHzzQmMZ3flzk6sJ87g==','WTWct/N2weeIl81YyLTW+A==','TO5PrAJoeKB7znK+nsRaew=='),(61,'R9PQHzzQmMZ3flzk6sJ87g==','WTWct/N2weeIl81YyLTW+A==','TO5PrAJoeKB7znK+nsRaew=='),(62,'R9PQHzzQmMZ3flzk6sJ87g==','WTWct/N2weeIl81YyLTW+A==','TO5PrAJoeKB7znK+nsRaew=='),(63,'R9PQHzzQmMZ3flzk6sJ87g==','WTWct/N2weeIl81YyLTW+A==','TO5PrAJoeKB7znK+nsRaew=='),(64,'R9PQHzzQmMZ3flzk6sJ87g==','WTWct/N2weeIl81YyLTW+A==','TO5PrAJoeKB7znK+nsRaew=='),(65,'R9PQHzzQmMZ3flzk6sJ87g==','WTWct/N2weeIl81YyLTW+A==','TO5PrAJoeKB7znK+nsRaew=='),(66,'R9PQHzzQmMZ3flzk6sJ87g==','WTWct/N2weeIl81YyLTW+A==','TO5PrAJoeKB7znK+nsRaew=='),(67,'R9PQHzzQmMZ3flzk6sJ87g==','WTWct/N2weeIl81YyLTW+A==','TO5PrAJoeKB7znK+nsRaew=='),(68,'R9PQHzzQmMZ3flzk6sJ87g==','WTWct/N2weeIl81YyLTW+A==','TO5PrAJoeKB7znK+nsRaew=='),(69,'R9PQHzzQmMZ3flzk6sJ87g==','WTWct/N2weeIl81YyLTW+A==','TO5PrAJoeKB7znK+nsRaew=='),(70,'R9PQHzzQmMZ3flzk6sJ87g==','WTWct/N2weeIl81YyLTW+A==','TO5PrAJoeKB7znK+nsRaew=='),(71,'R9PQHzzQmMZ3flzk6sJ87g==','WTWct/N2weeIl81YyLTW+A==','TO5PrAJoeKB7znK+nsRaew=='),(72,'R9PQHzzQmMZ3flzk6sJ87g==','WTWct/N2weeIl81YyLTW+A==','TO5PrAJoeKB7znK+nsRaew=='),(73,'R9PQHzzQmMZ3flzk6sJ87g==','WTWct/N2weeIl81YyLTW+A==','TO5PrAJoeKB7znK+nsRaew=='),(74,'R9PQHzzQmMZ3flzk6sJ87g==','WTWct/N2weeIl81YyLTW+A==','TO5PrAJoeKB7znK+nsRaew=='),(75,'R9PQHzzQmMZ3flzk6sJ87g==','WTWct/N2weeIl81YyLTW+A==','TO5PrAJoeKB7znK+nsRaew=='),(76,'R9PQHzzQmMZ3flzk6sJ87g==','WTWct/N2weeIl81YyLTW+A==','TO5PrAJoeKB7znK+nsRaew=='),(77,'R9PQHzzQmMZ3flzk6sJ87g==','WTWct/N2weeIl81YyLTW+A==','TO5PrAJoeKB7znK+nsRaew=='),(78,'R9PQHzzQmMZ3flzk6sJ87g==','WTWct/N2weeIl81YyLTW+A==','TO5PrAJoeKB7znK+nsRaew=='),(79,'R9PQHzzQmMZ3flzk6sJ87g==','WTWct/N2weeIl81YyLTW+A==','TO5PrAJoeKB7znK+nsRaew=='),(80,'R9PQHzzQmMZ3flzk6sJ87g==','WTWct/N2weeIl81YyLTW+A==','TO5PrAJoeKB7znK+nsRaew=='),(81,'R9PQHzzQmMZ3flzk6sJ87g==','WTWct/N2weeIl81YyLTW+A==','TO5PrAJoeKB7znK+nsRaew=='),(82,'R9PQHzzQmMZ3flzk6sJ87g==','WTWct/N2weeIl81YyLTW+A==','TO5PrAJoeKB7znK+nsRaew=='),(83,'R9PQHzzQmMZ3flzk6sJ87g==','WTWct/N2weeIl81YyLTW+A==','TO5PrAJoeKB7znK+nsRaew=='),(84,'R9PQHzzQmMZ3flzk6sJ87g==','WTWct/N2weeIl81YyLTW+A==','TO5PrAJoeKB7znK+nsRaew=='),(85,'R9PQHzzQmMZ3flzk6sJ87g==','WTWct/N2weeIl81YyLTW+A==','TO5PrAJoeKB7znK+nsRaew=='),(86,'R9PQHzzQmMZ3flzk6sJ87g==','WTWct/N2weeIl81YyLTW+A==','TO5PrAJoeKB7znK+nsRaew=='),(87,'R9PQHzzQmMZ3flzk6sJ87g==','WTWct/N2weeIl81YyLTW+A==','TO5PrAJoeKB7znK+nsRaew=='),(88,'R9PQHzzQmMZ3flzk6sJ87g==','WTWct/N2weeIl81YyLTW+A==','TO5PrAJoeKB7znK+nsRaew=='),(89,'R9PQHzzQmMZ3flzk6sJ87g==','WTWct/N2weeIl81YyLTW+A==','TO5PrAJoeKB7znK+nsRaew=='),(90,'R9PQHzzQmMZ3flzk6sJ87g==','WTWct/N2weeIl81YyLTW+A==','TO5PrAJoeKB7znK+nsRaew=='),(91,'R9PQHzzQmMZ3flzk6sJ87g==','WTWct/N2weeIl81YyLTW+A==','TO5PrAJoeKB7znK+nsRaew=='),(92,'R9PQHzzQmMZ3flzk6sJ87g==','WTWct/N2weeIl81YyLTW+A==','TO5PrAJoeKB7znK+nsRaew=='),(93,'R9PQHzzQmMZ3flzk6sJ87g==','WTWct/N2weeIl81YyLTW+A==','TO5PrAJoeKB7znK+nsRaew=='),(94,'R9PQHzzQmMZ3flzk6sJ87g==','WTWct/N2weeIl81YyLTW+A==','TO5PrAJoeKB7znK+nsRaew=='),(95,'R9PQHzzQmMZ3flzk6sJ87g==','WTWct/N2weeIl81YyLTW+A==','TO5PrAJoeKB7znK+nsRaew=='),(96,'R9PQHzzQmMZ3flzk6sJ87g==','WTWct/N2weeIl81YyLTW+A==','TO5PrAJoeKB7znK+nsRaew=='),(97,'R9PQHzzQmMZ3flzk6sJ87g==','WTWct/N2weeIl81YyLTW+A==','TO5PrAJoeKB7znK+nsRaew=='),(98,'R9PQHzzQmMZ3flzk6sJ87g==','WTWct/N2weeIl81YyLTW+A==','TO5PrAJoeKB7znK+nsRaew=='),(99,'R9PQHzzQmMZ3flzk6sJ87g==','WTWct/N2weeIl81YyLTW+A==','TO5PrAJoeKB7znK+nsRaew=='),(100,'R9PQHzzQmMZ3flzk6sJ87g==','WTWct/N2weeIl81YyLTW+A==','TO5PrAJoeKB7znK+nsRaew=='),(101,'R9PQHzzQmMZ3flzk6sJ87g==','WTWct/N2weeIl81YyLTW+A==','TO5PrAJoeKB7znK+nsRaew=='),(102,'R9PQHzzQmMZ3flzk6sJ87g==','WTWct/N2weeIl81YyLTW+A==','TO5PrAJoeKB7znK+nsRaew=='),(103,'R9PQHzzQmMZ3flzk6sJ87g==','WTWct/N2weeIl81YyLTW+A==','TO5PrAJoeKB7znK+nsRaew=='),(104,'R9PQHzzQmMZ3flzk6sJ87g==','WTWct/N2weeIl81YyLTW+A==','TO5PrAJoeKB7znK+nsRaew=='),(105,'R9PQHzzQmMZ3flzk6sJ87g==','WTWct/N2weeIl81YyLTW+A==','TO5PrAJoeKB7znK+nsRaew=='),(106,'R9PQHzzQmMZ3flzk6sJ87g==','WTWct/N2weeIl81YyLTW+A==','TO5PrAJoeKB7znK+nsRaew=='),(107,'R9PQHzzQmMZ3flzk6sJ87g==','WTWct/N2weeIl81YyLTW+A==','TO5PrAJoeKB7znK+nsRaew==');
/*!40000 ALTER TABLE `addresstable` ENABLE KEYS */;
UNLOCK TABLES;

--
-- Table structure for table `audittable`
--

DROP TABLE IF EXISTS `audittable`;
/*!40101 SET @saved_cs_client     = @@character_set_client */;
/*!40101 SET character_set_client = utf8 */;
CREATE TABLE `audittable` (
  `AuditID` int(11) NOT NULL AUTO_INCREMENT,
  `Action` varchar(300) DEFAULT NULL,
  `PerformedOn` varchar(300) DEFAULT NULL,
  `PerformedBy` varchar(300) DEFAULT NULL,
  `Date` varchar(100) DEFAULT NULL,
  `Time` varchar(100) DEFAULT NULL,
  `UserID` int(11) NOT NULL,
  PRIMARY KEY (`AuditID`)
) ENGINE=InnoDB AUTO_INCREMENT=615 DEFAULT CHARSET=latin1;
/*!40101 SET character_set_client = @saved_cs_client */;

--
-- Dumping data for table `audittable`
--

LOCK TABLES `audittable` WRITE;
/*!40000 ALTER TABLE `audittable` DISABLE KEYS */;
INSERT INTO `audittable` VALUES (1,'Login','LAST NAME, ADMIN A.','LAST NAME, ADMIN A.','875242614060A23415AF4DE7A492F656','14:57:45',1),(2,'Add patient in AA PNH MDS Baseline','ESPINY, JASZY P.','LAST NAME, ADMIN A.','875242614060A23415AF4DE7A492F656','14:58:08',1),(3,'Add patient in AA PNH MDS Baseline','BAYABUS, MATTHEW Z.','LAST NAME, ADMIN A.','875242614060A23415AF4DE7A492F656','15:13:28',1),(4,'Add patient in AA PNH MDS Baseline','ESLABON, CARL ONIEL D.','LAST NAME, ADMIN A.','875242614060A23415AF4DE7A492F656','15:13:44',1),(5,'Add patient in AA PNH MDS Baseline','ZALAMEDA, CHARLES C.','LAST NAME, ADMIN A.','875242614060A23415AF4DE7A492F656','15:14:03',1),(6,'Add patient in AA PNH MDS Baseline','SERGIO, AA PNH MDS S.','LAST NAME, ADMIN A.','875242614060A23415AF4DE7A492F656','15:14:21',1),(7,'Add patient in AA PNH MDS Baseline','FLORENCIO, AA PNH MDS F.','LAST NAME, ADMIN A.','875242614060A23415AF4DE7A492F656','15:14:39',1),(8,'Add patient in AA PNH MDS Baseline','RYAN, AA PNH MDS R.','LAST NAME, ADMIN A.','875242614060A23415AF4DE7A492F656','15:14:57',1),(9,'Add patient in AA PNH MDS Baseline','ERIK, AA PNH MDS E.','LAST NAME, ADMIN A.','875242614060A23415AF4DE7A492F656','15:15:15',1),(10,'Add patient in AA PNH MDS Baseline','ROSARIO, AA PNH MDS R.','LAST NAME, ADMIN A.','875242614060A23415AF4DE7A492F656','15:15:33',1),(11,'Add patient in AA PNH MDS Baseline','BRENTON, AA PNH MDS B.','LAST NAME, ADMIN A.','875242614060A23415AF4DE7A492F656','15:15:52',1),(12,'Add patient in AA PNH MDS Baseline','RYAN, AA PNH MDS R.','LAST NAME, ADMIN A.','875242614060A23415AF4DE7A492F656','15:16:09',1),(13,'Add patient in AA PNH MDS Baseline','ERIK, AA PNH MDS E.','LAST NAME, ADMIN A.','875242614060A23415AF4DE7A492F656','15:16:27',1),(14,'Add patient in AA PNH MDS Baseline','ROSARIO, AA PNH MDS R.','LAST NAME, ADMIN A.','875242614060A23415AF4DE7A492F656','15:16:45',1),(15,'Add patient in AA PNH MDS Baseline','BRENTON, AA PNH MDS B.','LAST NAME, ADMIN A.','875242614060A23415AF4DE7A492F656','15:17:04',1),(16,'Add patient in AA PNH MDS Baseline','BRENTON, AA PNH MDS B.','LAST NAME, ADMIN A.','875242614060A23415AF4DE7A492F656','15:17:22',1),(17,'Add patient in Coagulation Disease Baseline','BILLY, COAGULATION B.','LAST NAME, ADMIN A.','875242614060A23415AF4DE7A492F656','15:17:37',1),(18,'Add patient in Coagulation Disease Baseline','FREDRICK, COAGULATION F.','LAST NAME, ADMIN A.','875242614060A23415AF4DE7A492F656','15:17:52',1),(19,'Add patient in Coagulation Disease Baseline','ROD, COAGULATION R.','LAST NAME, ADMIN A.','875242614060A23415AF4DE7A492F656','15:18:07',1),(20,'Add patient in Coagulation Disease Baseline','JEFFERSON, COAGULATION J.','LAST NAME, ADMIN A.','875242614060A23415AF4DE7A492F656','15:18:21',1),(21,'Add patient in Coagulation Disease Baseline','REINALDO, COAGULATION R.','LAST NAME, ADMIN A.','875242614060A23415AF4DE7A492F656','15:18:36',1),(22,'Add patient in Coagulation Disease Baseline','BILLY, COAGULATION B.','LAST NAME, ADMIN A.','875242614060A23415AF4DE7A492F656','15:18:50',1),(23,'Add patient in Leukemia Baseline','ROMELIA, LEUKEMIA R.','LAST NAME, ADMIN A.','875242614060A23415AF4DE7A492F656','15:19:08',1),(24,'Add patient in Leukemia Baseline','UTE, LEUKEMIA U.','LAST NAME, ADMIN A.','875242614060A23415AF4DE7A492F656','15:19:25',1),(25,'Add patient in Leukemia Baseline','MELANIE, LEUKEMIA M.','LAST NAME, ADMIN A.','875242614060A23415AF4DE7A492F656','15:19:43',1),(26,'Add patient in Leukemia Baseline','JANELLA, LEUKEMIA J.','LAST NAME, ADMIN A.','875242614060A23415AF4DE7A492F656','15:20:00',1),(27,'Add patient in Leukemia Baseline','ALYCE, LEUKEMIA A.','LAST NAME, ADMIN A.','875242614060A23415AF4DE7A492F656','15:20:19',1),(28,'Add patient in Leukemia Baseline','KATHRINE, LEUKEMIA K.','LAST NAME, ADMIN A.','875242614060A23415AF4DE7A492F656','15:20:36',1),(29,'Add patient in Leukemia Baseline','SANDIE, LEUKEMIA S.','LAST NAME, ADMIN A.','875242614060A23415AF4DE7A492F656','15:20:54',1),(30,'Add patient in Leukemia Baseline','ROBBI, LEUKEMIA R.','LAST NAME, ADMIN A.','875242614060A23415AF4DE7A492F656','15:21:11',1),(31,'Add patient in Leukemia Baseline','EMA, LEUKEMIA E.','LAST NAME, ADMIN A.','875242614060A23415AF4DE7A492F656','15:21:29',1),(32,'Add patient in Leukemia Baseline','SANDIE, LEUKEMIA S.','LAST NAME, ADMIN A.','875242614060A23415AF4DE7A492F656','15:21:47',1),(33,'Add patient in Leukemia Baseline','BRINDA, LEUKEMIA B.','LAST NAME, ADMIN A.','875242614060A23415AF4DE7A492F656','15:22:04',1),(34,'Add patient in Leukemia Baseline','YOLANDA, LEUKEMIA Y.','LAST NAME, ADMIN A.','875242614060A23415AF4DE7A492F656','15:22:22',1),(35,'Add patient in Leukemia Baseline','LEONOR, LEUKEMIA L.','LAST NAME, ADMIN A.','875242614060A23415AF4DE7A492F656','15:22:39',1),(36,'Add patient in Leukemia Baseline','SHIRLEEN, LEUKEMIA S.','LAST NAME, ADMIN A.','875242614060A23415AF4DE7A492F656','15:22:58',1),(37,'Add patient in Leukemia Baseline','GIUSEPPINA, LEUKEMIA G.','LAST NAME, ADMIN A.','875242614060A23415AF4DE7A492F656','15:23:17',1),(38,'Add patient in Lymphoma Baseline','RENALDO, LYMPHOMA R.','LAST NAME, ADMIN A.','875242614060A23415AF4DE7A492F656','15:23:35',1),(39,'Add patient in Lymphoma Baseline','OTIS, LYMPHOMA O.','LAST NAME, ADMIN A.','875242614060A23415AF4DE7A492F656','15:23:54',1),(40,'Add patient in Lymphoma Baseline','ERIC, LYMPHOMA E.','LAST NAME, ADMIN A.','875242614060A23415AF4DE7A492F656','15:24:13',1),(41,'Add patient in Lymphoma Baseline','RENALDO, LYMPHOMA R.','LAST NAME, ADMIN A.','875242614060A23415AF4DE7A492F656','15:24:31',1),(42,'Add patient in Lymphoma Baseline','OTIS, LYMPHOMA O.','LAST NAME, ADMIN A.','875242614060A23415AF4DE7A492F656','15:24:50',1),(43,'Add patient in Lymphoma Baseline','ERIC, LYMPHOMA E.','LAST NAME, ADMIN A.','875242614060A23415AF4DE7A492F656','15:25:09',1),(44,'Add patient in Lymphoma Baseline','RENALDO, LYMPHOMA R.','LAST NAME, ADMIN A.','875242614060A23415AF4DE7A492F656','15:25:27',1),(45,'Add patient in Lymphoma Baseline','OTIS, LYMPHOMA O.','LAST NAME, ADMIN A.','875242614060A23415AF4DE7A492F656','15:25:45',1),(46,'Add patient in Lymphoma Baseline','ERIC, LYMPHOMA E.','LAST NAME, ADMIN A.','875242614060A23415AF4DE7A492F656','15:26:04',1),(47,'Add patient in Lymphoma Baseline','RENALDO, LYMPHOMA R.','LAST NAME, ADMIN A.','875242614060A23415AF4DE7A492F656','15:26:22',1),(48,'Add patient in Lymphoma Baseline','OTIS, LYMPHOMA O.','LAST NAME, ADMIN A.','875242614060A23415AF4DE7A492F656','15:26:41',1),(49,'Add patient in Lymphoma Baseline','ERIC, LYMPHOMA E.','LAST NAME, ADMIN A.','875242614060A23415AF4DE7A492F656','15:27:00',1),(50,'Add patient in Myeloproliferative Neoplasm Baseline','JUAN, MYELO J.','LAST NAME, ADMIN A.','875242614060A23415AF4DE7A492F656','15:27:17',1),(51,'Add patient in Myeloproliferative Neoplasm Baseline','TOBIAS, MYELO T.','LAST NAME, ADMIN A.','875242614060A23415AF4DE7A492F656','15:27:34',1),(52,'Add patient in Myeloproliferative Neoplasm Baseline','ROGELIO, MYELO R.','LAST NAME, ADMIN A.','875242614060A23415AF4DE7A492F656','15:27:51',1),(53,'Add patient in Myeloproliferative Neoplasm Baseline','MARIO, MYELO M.','LAST NAME, ADMIN A.','875242614060A23415AF4DE7A492F656','15:28:08',1),(54,'Add patient in Myeloproliferative Neoplasm Baseline','BRANDEN, MYELO B.','LAST NAME, ADMIN A.','875242614060A23415AF4DE7A492F656','15:28:25',1),(55,'Add patient in Myeloproliferative Neoplasm Baseline','JUAN, MYELO J.','LAST NAME, ADMIN A.','875242614060A23415AF4DE7A492F656','15:28:42',1),(56,'Add patient in Myeloproliferative Neoplasm Baseline','TOBIAS, MYELO T.','LAST NAME, ADMIN A.','875242614060A23415AF4DE7A492F656','15:29:00',1),(57,'Add patient in Myeloproliferative Neoplasm Baseline','ROGELIO, MYELO R.','LAST NAME, ADMIN A.','875242614060A23415AF4DE7A492F656','15:29:17',1),(58,'Add patient in Myeloproliferative Neoplasm Baseline','MARIO, MYELO M.','LAST NAME, ADMIN A.','875242614060A23415AF4DE7A492F656','15:29:34',1),(59,'Add patient in Myeloproliferative Neoplasm Baseline','BRANDEN, MYELO B.','LAST NAME, ADMIN A.','875242614060A23415AF4DE7A492F656','15:29:50',1),(60,'Add patient in Myeloproliferative Neoplasm Baseline','TOBIAS, MYELO T.','LAST NAME, ADMIN A.','875242614060A23415AF4DE7A492F656','15:30:08',1),(61,'Add patient in Myeloproliferative Neoplasm Baseline','ROGELIO, MYELO R.','LAST NAME, ADMIN A.','875242614060A23415AF4DE7A492F656','15:30:26',1),(62,'Add patient in Myeloproliferative Neoplasm Baseline','MARIO, MYELO M.','LAST NAME, ADMIN A.','875242614060A23415AF4DE7A492F656','15:30:43',1),(63,'Add patient in Myeloproliferative Neoplasm Baseline','BRANDEN, MYELO B.','LAST NAME, ADMIN A.','875242614060A23415AF4DE7A492F656','15:31:00',1),(64,'Add patient in Myeloproliferative Neoplasm Baseline','TOBIAS, MYELO T.','LAST NAME, ADMIN A.','875242614060A23415AF4DE7A492F656','15:31:16',1),(65,'Add patient in Myeloproliferative Neoplasm Baseline','ROGELIO, MYELO R.','LAST NAME, ADMIN A.','875242614060A23415AF4DE7A492F656','15:31:33',1),(66,'Add patient in Myeloproliferative Neoplasm Baseline','MARIO, MYELO M.','LAST NAME, ADMIN A.','875242614060A23415AF4DE7A492F656','15:31:48',1),(67,'Add patient in Myeloproliferative Neoplasm Baseline','BRANDEN, MYELO B.','LAST NAME, ADMIN A.','875242614060A23415AF4DE7A492F656','15:32:05',1),(68,'Add patient in Myeloproliferative Neoplasm Baseline','MARIO, MYELO M.','LAST NAME, ADMIN A.','875242614060A23415AF4DE7A492F656','15:32:22',1),(69,'Add patient in Myeloproliferative Neoplasm Baseline','BRANDEN, MYELO B.','LAST NAME, ADMIN A.','875242614060A23415AF4DE7A492F656','15:32:39',1),(70,'Add patient in Myeloproliferative Neoplasm Baseline','MARIO, MYELO M.','LAST NAME, ADMIN A.','875242614060A23415AF4DE7A492F656','15:32:56',1),(71,'Add patient in Myeloproliferative Neoplasm Baseline','BRANDEN, MYELO B.','LAST NAME, ADMIN A.','875242614060A23415AF4DE7A492F656','15:33:13',1),(72,'Add patient in Myeloproliferative Neoplasm Baseline','MARIO, MYELO M.','LAST NAME, ADMIN A.','875242614060A23415AF4DE7A492F656','15:33:29',1),(73,'Add patient in Myeloproliferative Neoplasm Baseline','BRANDEN, MYELO B.','LAST NAME, ADMIN A.','875242614060A23415AF4DE7A492F656','15:33:47',1),(74,'Add patient in Plasma Cell Baseline','ANTHONY, PLASMA A.','LAST NAME, ADMIN A.','875242614060A23415AF4DE7A492F656','15:34:06',1),(75,'Add patient in Plasma Cell Baseline','WESTON, PLASMA W.','LAST NAME, ADMIN A.','875242614060A23415AF4DE7A492F656','15:34:27',1),(76,'Add patient in Plasma Cell Baseline','DAVE, PLASMA D.','LAST NAME, ADMIN A.','875242614060A23415AF4DE7A492F656','15:34:48',1),(77,'Add patient in Plasma Cell Baseline','RAMON, PLASMA R.','LAST NAME, ADMIN A.','875242614060A23415AF4DE7A492F656','15:35:10',1),(78,'Add patient in Plasma Cell Baseline','ZONA, PLASMA Z.','LAST NAME, ADMIN A.','875242614060A23415AF4DE7A492F656','15:35:30',1),(79,'Add patient in Plasma Cell Baseline','ANTHONY, PLASMA A.','LAST NAME, ADMIN A.','875242614060A23415AF4DE7A492F656','15:35:50',1),(80,'Add patient in Plasma Cell Baseline','WESTON, PLASMA W.','LAST NAME, ADMIN A.','875242614060A23415AF4DE7A492F656','15:36:10',1),(81,'Add patient in Plasma Cell Baseline','DAVE, PLASMA D.','LAST NAME, ADMIN A.','875242614060A23415AF4DE7A492F656','15:36:31',1),(82,'Add patient in Plasma Cell Baseline','RAMON, PLASMA R.','LAST NAME, ADMIN A.','875242614060A23415AF4DE7A492F656','15:36:51',1),(83,'Add patient in Plasma Cell Baseline','ZONA, PLASMA Z.','LAST NAME, ADMIN A.','875242614060A23415AF4DE7A492F656','15:37:11',1),(84,'Add patient in Plasma Cell Baseline','ANTHONY, PLASMA A.','LAST NAME, ADMIN A.','875242614060A23415AF4DE7A492F656','15:37:30',1),(85,'Add patient in Plasma Cell Baseline','WESTON, PLASMA W.','LAST NAME, ADMIN A.','875242614060A23415AF4DE7A492F656','15:37:50',1),(86,'Add patient in Plasma Cell Baseline','DAVE, PLASMA D.','LAST NAME, ADMIN A.','875242614060A23415AF4DE7A492F656','15:38:11',1),(87,'Add patient in Plasma Cell Baseline','RAMON, PLASMA R.','LAST NAME, ADMIN A.','875242614060A23415AF4DE7A492F656','15:38:32',1),(88,'Add patient in Plasma Cell Baseline','ZONA, PLASMA Z.','LAST NAME, ADMIN A.','875242614060A23415AF4DE7A492F656','15:38:51',1),(89,'Add patient in Plasma Cell Baseline','ANTHONY, PLASMA A.','LAST NAME, ADMIN A.','875242614060A23415AF4DE7A492F656','15:39:11',1),(90,'Add patient in Plasma Cell Baseline','WESTON, PLASMA W.','LAST NAME, ADMIN A.','875242614060A23415AF4DE7A492F656','15:39:31',1),(91,'Add patient in Plasma Cell Baseline','DAVE, PLASMA D.','LAST NAME, ADMIN A.','875242614060A23415AF4DE7A492F656','15:39:51',1),(92,'Add patient in Plasma Cell Baseline','RAMON, PLASMA R.','LAST NAME, ADMIN A.','875242614060A23415AF4DE7A492F656','15:40:11',1),(93,'Add patient in Plasma Cell Baseline','ZONA, PLASMA Z.','LAST NAME, ADMIN A.','875242614060A23415AF4DE7A492F656','15:40:31',1),(94,'Add patient in Platelet Disease Baseline','ZOFIA, PLATELET Z.','LAST NAME, ADMIN A.','875242614060A23415AF4DE7A492F656','15:40:48',1),(95,'Add patient in Platelet Disease Baseline','CECELIA, PLATELET C.','LAST NAME, ADMIN A.','875242614060A23415AF4DE7A492F656','15:41:05',1),(96,'Add patient in Platelet Disease Baseline','CATHERYN, PLATELET C.','LAST NAME, ADMIN A.','875242614060A23415AF4DE7A492F656','15:41:21',1),(97,'Add patient in Platelet Disease Baseline','YVETTE, PLATELET Y.','LAST NAME, ADMIN A.','875242614060A23415AF4DE7A492F656','15:41:38',1),(98,'Add patient in Platelet Disease Baseline','KEENA, PLATELET K.','LAST NAME, ADMIN A.','875242614060A23415AF4DE7A492F656','15:41:55',1),(99,'Add patient in Platelet Disease Baseline','ZOFIA, PLATELET Z.','LAST NAME, ADMIN A.','875242614060A23415AF4DE7A492F656','15:42:12',1),(100,'Add patient in Platelet Disease Baseline','CECELIA, PLATELET C.','LAST NAME, ADMIN A.','875242614060A23415AF4DE7A492F656','15:42:28',1),(101,'Add patient in Platelet Disease Baseline','CATHERYN, PLATELET C.','LAST NAME, ADMIN A.','875242614060A23415AF4DE7A492F656','15:42:45',1),(102,'Add patient in Platelet Disease Baseline','YVETTE, PLATELET Y.','LAST NAME, ADMIN A.','875242614060A23415AF4DE7A492F656','15:43:01',1),(103,'Add patient in Platelet Disease Baseline','KEENA, PLATELET K.','LAST NAME, ADMIN A.','875242614060A23415AF4DE7A492F656','15:43:17',1),(104,'Add patient in Platelet Disease Baseline','ZOFIA, PLATELET Z.','LAST NAME, ADMIN A.','875242614060A23415AF4DE7A492F656','15:43:34',1),(105,'Add patient in Platelet Disease Baseline','CECELIA, PLATELET C.','LAST NAME, ADMIN A.','875242614060A23415AF4DE7A492F656','15:43:51',1),(106,'Add patient in Platelet Disease Baseline','CATHERYN, PLATELET C.','LAST NAME, ADMIN A.','875242614060A23415AF4DE7A492F656','15:44:06',1),(107,'Add patient in Platelet Disease Baseline','YVETTE, PLATELET Y.','LAST NAME, ADMIN A.','875242614060A23415AF4DE7A492F656','15:44:23',1),(108,'Add patient in Platelet Disease Baseline','KEENA, PLATELET K.','LAST NAME, ADMIN A.','875242614060A23415AF4DE7A492F656','15:44:40',1),(109,'Load Patients','LAST NAME, ADMIN A.','LAST NAME, ADMIN A.','875242614060A23415AF4DE7A492F656','15:44:47',1),(110,'Load patient in AA PNH MDS Baseline','ESPINY, JASZY P.','LAST NAME, ADMIN A.','875242614060A23415AF4DE7A492F656','15:44:50',1),(111,'Load Patient Visits','LAST NAME, ADMIN A.','LAST NAME, ADMIN A.','875242614060A23415AF4DE7A492F656','15:44:54',1),(112,'Add Follow Up patient in AA PNH MDS ','ESPINY, JASZY P.','LAST NAME, ADMIN A.','875242614060A23415AF4DE7A492F656','15:45:04',1),(113,'Load Patients','LAST NAME, ADMIN A.','LAST NAME, ADMIN A.','875242614060A23415AF4DE7A492F656','15:45:07',1),(114,'Load patient in AA PNH MDS Baseline','ESPINY, JASZY P.','LAST NAME, ADMIN A.','875242614060A23415AF4DE7A492F656','15:45:10',1),(115,'Load Patient Visits','LAST NAME, ADMIN A.','LAST NAME, ADMIN A.','875242614060A23415AF4DE7A492F656','15:45:14',1),(116,'Add Follow Up patient in AA PNH MDS ','ESPINY, JASZY P.','LAST NAME, ADMIN A.','875242614060A23415AF4DE7A492F656','15:45:24',1),(117,'Load Patients','LAST NAME, ADMIN A.','LAST NAME, ADMIN A.','875242614060A23415AF4DE7A492F656','15:45:27',1),(118,'Load patient in AA PNH MDS Baseline','ESPINY, JASZY P.','LAST NAME, ADMIN A.','875242614060A23415AF4DE7A492F656','15:45:30',1),(119,'Load Patient Visits','LAST NAME, ADMIN A.','LAST NAME, ADMIN A.','875242614060A23415AF4DE7A492F656','15:45:34',1),(120,'Add Follow Up patient in AA PNH MDS ','ESPINY, JASZY P.','LAST NAME, ADMIN A.','875242614060A23415AF4DE7A492F656','15:45:44',1),(121,'Load Patients','LAST NAME, ADMIN A.','LAST NAME, ADMIN A.','875242614060A23415AF4DE7A492F656','15:45:47',1),(122,'Load patient in AA PNH MDS Baseline','ESPINY, JASZY P.','LAST NAME, ADMIN A.','875242614060A23415AF4DE7A492F656','15:45:50',1),(123,'Load Patient Visits','LAST NAME, ADMIN A.','LAST NAME, ADMIN A.','875242614060A23415AF4DE7A492F656','15:45:54',1),(124,'Add Follow Up patient in AA PNH MDS ','ESPINY, JASZY P.','LAST NAME, ADMIN A.','875242614060A23415AF4DE7A492F656','15:46:04',1),(125,'Load Patients','LAST NAME, ADMIN A.','LAST NAME, ADMIN A.','875242614060A23415AF4DE7A492F656','15:46:09',1),(126,'Load patient in AA PNH MDS Baseline','ESPINY, JASZY P.','LAST NAME, ADMIN A.','875242614060A23415AF4DE7A492F656','15:46:12',1),(127,'Load Patient Visits','LAST NAME, ADMIN A.','LAST NAME, ADMIN A.','875242614060A23415AF4DE7A492F656','15:46:15',1),(128,'Add Follow Up patient in AA PNH MDS ','ESPINY, JASZY P.','LAST NAME, ADMIN A.','875242614060A23415AF4DE7A492F656','15:46:25',1),(129,'Load Patients','LAST NAME, ADMIN A.','LAST NAME, ADMIN A.','875242614060A23415AF4DE7A492F656','15:46:28',1),(130,'Load patient in AA PNH MDS Baseline','ESPINY, JASZY P.','LAST NAME, ADMIN A.','875242614060A23415AF4DE7A492F656','15:46:31',1),(131,'Load Patient Visits','LAST NAME, ADMIN A.','LAST NAME, ADMIN A.','875242614060A23415AF4DE7A492F656','15:46:35',1),(132,'Add Follow Up patient in AA PNH MDS ','ESPINY, JASZY P.','LAST NAME, ADMIN A.','875242614060A23415AF4DE7A492F656','15:46:45',1),(133,'Load Patients','LAST NAME, ADMIN A.','LAST NAME, ADMIN A.','875242614060A23415AF4DE7A492F656','15:46:50',1),(134,'Load patient in AA PNH MDS Baseline','ESPINY, JASZY P.','LAST NAME, ADMIN A.','875242614060A23415AF4DE7A492F656','15:46:53',1),(135,'Load Patient Visits','LAST NAME, ADMIN A.','LAST NAME, ADMIN A.','875242614060A23415AF4DE7A492F656','15:46:56',1),(136,'Add Follow Up patient in AA PNH MDS ','ESPINY, JASZY P.','LAST NAME, ADMIN A.','875242614060A23415AF4DE7A492F656','15:47:06',1),(137,'Load Patients','LAST NAME, ADMIN A.','LAST NAME, ADMIN A.','875242614060A23415AF4DE7A492F656','15:47:11',1),(138,'Load patient in AA PNH MDS Baseline','ESPINY, JASZY P.','LAST NAME, ADMIN A.','875242614060A23415AF4DE7A492F656','15:47:14',1),(139,'Load Patient Visits','LAST NAME, ADMIN A.','LAST NAME, ADMIN A.','875242614060A23415AF4DE7A492F656','15:47:17',1),(140,'Add Follow Up patient in AA PNH MDS ','ESPINY, JASZY P.','LAST NAME, ADMIN A.','875242614060A23415AF4DE7A492F656','15:47:27',1),(141,'Load Patients','LAST NAME, ADMIN A.','LAST NAME, ADMIN A.','875242614060A23415AF4DE7A492F656','15:47:31',1),(142,'Load patient in AA PNH MDS Baseline','ESPINY, JASZY P.','LAST NAME, ADMIN A.','875242614060A23415AF4DE7A492F656','15:47:34',1),(143,'Load Patient Visits','LAST NAME, ADMIN A.','LAST NAME, ADMIN A.','875242614060A23415AF4DE7A492F656','15:47:38',1),(144,'Add Follow Up patient in AA PNH MDS ','ESPINY, JASZY P.','LAST NAME, ADMIN A.','875242614060A23415AF4DE7A492F656','15:47:48',1),(145,'Load Patients','LAST NAME, ADMIN A.','LAST NAME, ADMIN A.','875242614060A23415AF4DE7A492F656','15:47:53',1),(146,'Load patient in AA PNH MDS Baseline','ESPINY, JASZY P.','LAST NAME, ADMIN A.','875242614060A23415AF4DE7A492F656','15:47:55',1),(147,'Load Patient Visits','LAST NAME, ADMIN A.','LAST NAME, ADMIN A.','875242614060A23415AF4DE7A492F656','15:47:59',1),(148,'Add Follow Up patient in AA PNH MDS ','ESPINY, JASZY P.','LAST NAME, ADMIN A.','875242614060A23415AF4DE7A492F656','15:48:09',1),(149,'Load Patients','LAST NAME, ADMIN A.','LAST NAME, ADMIN A.','875242614060A23415AF4DE7A492F656','15:48:13',1),(150,'Load patient in AA PNH MDS Baseline','ESPINY, JASZY P.','LAST NAME, ADMIN A.','875242614060A23415AF4DE7A492F656','15:48:16',1),(151,'Load Patient Visits','LAST NAME, ADMIN A.','LAST NAME, ADMIN A.','875242614060A23415AF4DE7A492F656','15:48:19',1),(152,'Add Follow Up patient in AA PNH MDS ','ESPINY, JASZY P.','LAST NAME, ADMIN A.','875242614060A23415AF4DE7A492F656','15:48:30',1),(153,'Load Patients','LAST NAME, ADMIN A.','LAST NAME, ADMIN A.','875242614060A23415AF4DE7A492F656','15:48:34',1),(154,'Load patient in Coagulation Disease Baseline','BILLY, COAGULATION B.','LAST NAME, ADMIN A.','875242614060A23415AF4DE7A492F656','15:48:37',1),(155,'Load Patient Visits','LAST NAME, ADMIN A.','LAST NAME, ADMIN A.','875242614060A23415AF4DE7A492F656','15:48:41',1),(156,'Add Follow Up patient in Coagulation Disorder','BILLY, COAGULATION B.','LAST NAME, ADMIN A.','875242614060A23415AF4DE7A492F656','15:48:46',1),(157,'Load Patients','LAST NAME, ADMIN A.','LAST NAME, ADMIN A.','875242614060A23415AF4DE7A492F656','15:48:50',1),(158,'Load patient in Coagulation Disease Baseline','BILLY, COAGULATION B.','LAST NAME, ADMIN A.','875242614060A23415AF4DE7A492F656','15:48:53',1),(159,'Load Patient Visits','LAST NAME, ADMIN A.','LAST NAME, ADMIN A.','875242614060A23415AF4DE7A492F656','15:48:56',1),(160,'Add Follow Up patient in Coagulation Disorder','BILLY, COAGULATION B.','LAST NAME, ADMIN A.','875242614060A23415AF4DE7A492F656','15:49:02',1),(161,'Load Patients','LAST NAME, ADMIN A.','LAST NAME, ADMIN A.','875242614060A23415AF4DE7A492F656','15:49:06',1),(162,'Load patient in Coagulation Disease Baseline','BILLY, COAGULATION B.','LAST NAME, ADMIN A.','875242614060A23415AF4DE7A492F656','15:49:08',1),(163,'Load Patient Visits','LAST NAME, ADMIN A.','LAST NAME, ADMIN A.','875242614060A23415AF4DE7A492F656','15:49:12',1),(164,'Add Follow Up patient in Coagulation Disorder','BILLY, COAGULATION B.','LAST NAME, ADMIN A.','875242614060A23415AF4DE7A492F656','15:49:18',1),(165,'Load Patients','LAST NAME, ADMIN A.','LAST NAME, ADMIN A.','875242614060A23415AF4DE7A492F656','15:49:21',1),(166,'Load patient in Leukemia Baseline','ROMELIA, LEUKEMIA R.','LAST NAME, ADMIN A.','875242614060A23415AF4DE7A492F656','15:49:24',1),(167,'Load Patient Visits','LAST NAME, ADMIN A.','LAST NAME, ADMIN A.','875242614060A23415AF4DE7A492F656','15:49:28',1),(168,'Add Follow Up patient in Leukemia ','ROMELIA, LEUKEMIA R.','LAST NAME, ADMIN A.','875242614060A23415AF4DE7A492F656','15:49:37',1),(169,'Load Patients','LAST NAME, ADMIN A.','LAST NAME, ADMIN A.','875242614060A23415AF4DE7A492F656','15:49:41',1),(170,'Load patient in Leukemia Baseline','ROMELIA, LEUKEMIA R.','LAST NAME, ADMIN A.','875242614060A23415AF4DE7A492F656','15:49:44',1),(171,'Load Patient Visits','LAST NAME, ADMIN A.','LAST NAME, ADMIN A.','875242614060A23415AF4DE7A492F656','15:49:48',1),(172,'Add Follow Up patient in Leukemia ','ROMELIA, LEUKEMIA R.','LAST NAME, ADMIN A.','875242614060A23415AF4DE7A492F656','15:49:57',1),(173,'Load Patients','LAST NAME, ADMIN A.','LAST NAME, ADMIN A.','875242614060A23415AF4DE7A492F656','15:50:01',1),(174,'Load patient in Leukemia Baseline','ROMELIA, LEUKEMIA R.','LAST NAME, ADMIN A.','875242614060A23415AF4DE7A492F656','15:50:04',1),(175,'Load Patient Visits','LAST NAME, ADMIN A.','LAST NAME, ADMIN A.','875242614060A23415AF4DE7A492F656','15:50:08',1),(176,'Add Follow Up patient in Leukemia ','ROMELIA, LEUKEMIA R.','LAST NAME, ADMIN A.','875242614060A23415AF4DE7A492F656','15:50:17',1),(177,'Load Patients','LAST NAME, ADMIN A.','LAST NAME, ADMIN A.','875242614060A23415AF4DE7A492F656','15:50:21',1),(178,'Load patient in Leukemia Baseline','ROMELIA, LEUKEMIA R.','LAST NAME, ADMIN A.','875242614060A23415AF4DE7A492F656','15:50:24',1),(179,'Load Patient Visits','LAST NAME, ADMIN A.','LAST NAME, ADMIN A.','875242614060A23415AF4DE7A492F656','15:50:28',1),(180,'Add Follow Up patient in Leukemia ','ROMELIA, LEUKEMIA R.','LAST NAME, ADMIN A.','875242614060A23415AF4DE7A492F656','15:50:37',1),(181,'Load Patients','LAST NAME, ADMIN A.','LAST NAME, ADMIN A.','875242614060A23415AF4DE7A492F656','15:50:42',1),(182,'Load patient in Leukemia Baseline','ROMELIA, LEUKEMIA R.','LAST NAME, ADMIN A.','875242614060A23415AF4DE7A492F656','15:50:45',1),(183,'Load Patient Visits','LAST NAME, ADMIN A.','LAST NAME, ADMIN A.','875242614060A23415AF4DE7A492F656','15:50:48',1),(184,'Add Follow Up patient in Leukemia ','ROMELIA, LEUKEMIA R.','LAST NAME, ADMIN A.','875242614060A23415AF4DE7A492F656','15:50:58',1),(185,'Load Patients','LAST NAME, ADMIN A.','LAST NAME, ADMIN A.','875242614060A23415AF4DE7A492F656','15:51:02',1),(186,'Load patient in Leukemia Baseline','ROMELIA, LEUKEMIA R.','LAST NAME, ADMIN A.','875242614060A23415AF4DE7A492F656','15:51:05',1),(187,'Load Patient Visits','LAST NAME, ADMIN A.','LAST NAME, ADMIN A.','875242614060A23415AF4DE7A492F656','15:51:09',1),(188,'Add Follow Up patient in Leukemia ','ROMELIA, LEUKEMIA R.','LAST NAME, ADMIN A.','875242614060A23415AF4DE7A492F656','15:51:18',1),(189,'Load Patients','LAST NAME, ADMIN A.','LAST NAME, ADMIN A.','875242614060A23415AF4DE7A492F656','15:51:22',1),(190,'Load patient in Leukemia Baseline','ROMELIA, LEUKEMIA R.','LAST NAME, ADMIN A.','875242614060A23415AF4DE7A492F656','15:51:25',1),(191,'Load Patient Visits','LAST NAME, ADMIN A.','LAST NAME, ADMIN A.','875242614060A23415AF4DE7A492F656','15:51:29',1),(192,'Add Follow Up patient in Leukemia ','ROMELIA, LEUKEMIA R.','LAST NAME, ADMIN A.','875242614060A23415AF4DE7A492F656','15:51:38',1),(193,'Load Patients','LAST NAME, ADMIN A.','LAST NAME, ADMIN A.','875242614060A23415AF4DE7A492F656','15:51:42',1),(194,'Load patient in Leukemia Baseline','ROMELIA, LEUKEMIA R.','LAST NAME, ADMIN A.','875242614060A23415AF4DE7A492F656','15:51:45',1),(195,'Load Patient Visits','LAST NAME, ADMIN A.','LAST NAME, ADMIN A.','875242614060A23415AF4DE7A492F656','15:51:49',1),(196,'Add Follow Up patient in Leukemia ','ROMELIA, LEUKEMIA R.','LAST NAME, ADMIN A.','875242614060A23415AF4DE7A492F656','15:51:57',1),(197,'Load Patients','LAST NAME, ADMIN A.','LAST NAME, ADMIN A.','875242614060A23415AF4DE7A492F656','15:52:01',1),(198,'Load patient in Leukemia Baseline','ROMELIA, LEUKEMIA R.','LAST NAME, ADMIN A.','875242614060A23415AF4DE7A492F656','15:52:04',1),(199,'Load Patient Visits','LAST NAME, ADMIN A.','LAST NAME, ADMIN A.','875242614060A23415AF4DE7A492F656','15:52:08',1),(200,'Add Follow Up patient in Leukemia ','ROMELIA, LEUKEMIA R.','LAST NAME, ADMIN A.','875242614060A23415AF4DE7A492F656','15:52:17',1),(201,'Load Patients','LAST NAME, ADMIN A.','LAST NAME, ADMIN A.','875242614060A23415AF4DE7A492F656','15:52:21',1),(202,'Load patient in Leukemia Baseline','ROMELIA, LEUKEMIA R.','LAST NAME, ADMIN A.','875242614060A23415AF4DE7A492F656','15:52:24',1),(203,'Load Patient Visits','LAST NAME, ADMIN A.','LAST NAME, ADMIN A.','875242614060A23415AF4DE7A492F656','15:52:27',1),(204,'Add Follow Up patient in Leukemia ','ROMELIA, LEUKEMIA R.','LAST NAME, ADMIN A.','875242614060A23415AF4DE7A492F656','15:52:36',1),(205,'Load Patients','LAST NAME, ADMIN A.','LAST NAME, ADMIN A.','875242614060A23415AF4DE7A492F656','15:52:40',1),(206,'Load patient in Leukemia Baseline','ROMELIA, LEUKEMIA R.','LAST NAME, ADMIN A.','875242614060A23415AF4DE7A492F656','15:52:43',1),(207,'Load Patient Visits','LAST NAME, ADMIN A.','LAST NAME, ADMIN A.','875242614060A23415AF4DE7A492F656','15:52:47',1),(208,'Add Follow Up patient in Leukemia ','ROMELIA, LEUKEMIA R.','LAST NAME, ADMIN A.','875242614060A23415AF4DE7A492F656','15:52:56',1),(209,'Load Patients','LAST NAME, ADMIN A.','LAST NAME, ADMIN A.','875242614060A23415AF4DE7A492F656','15:53:00',1),(210,'Load patient in Leukemia Baseline','ROMELIA, LEUKEMIA R.','LAST NAME, ADMIN A.','875242614060A23415AF4DE7A492F656','15:53:03',1),(211,'Load Patient Visits','LAST NAME, ADMIN A.','LAST NAME, ADMIN A.','875242614060A23415AF4DE7A492F656','15:53:06',1),(212,'Add Follow Up patient in Leukemia ','ROMELIA, LEUKEMIA R.','LAST NAME, ADMIN A.','875242614060A23415AF4DE7A492F656','15:53:16',1),(213,'Load Patients','LAST NAME, ADMIN A.','LAST NAME, ADMIN A.','875242614060A23415AF4DE7A492F656','15:53:20',1),(214,'Load patient in Leukemia Baseline','ROMELIA, LEUKEMIA R.','LAST NAME, ADMIN A.','875242614060A23415AF4DE7A492F656','15:53:23',1),(215,'Load Patient Visits','LAST NAME, ADMIN A.','LAST NAME, ADMIN A.','875242614060A23415AF4DE7A492F656','15:53:26',1),(216,'Add Follow Up patient in Leukemia ','ROMELIA, LEUKEMIA R.','LAST NAME, ADMIN A.','875242614060A23415AF4DE7A492F656','15:53:35',1),(217,'Load Patients','LAST NAME, ADMIN A.','LAST NAME, ADMIN A.','875242614060A23415AF4DE7A492F656','15:53:39',1),(218,'Load patient in Leukemia Baseline','ROMELIA, LEUKEMIA R.','LAST NAME, ADMIN A.','875242614060A23415AF4DE7A492F656','15:53:42',1),(219,'Load Patient Visits','LAST NAME, ADMIN A.','LAST NAME, ADMIN A.','875242614060A23415AF4DE7A492F656','15:53:46',1),(220,'Add Follow Up patient in Leukemia ','ROMELIA, LEUKEMIA R.','LAST NAME, ADMIN A.','875242614060A23415AF4DE7A492F656','15:53:54',1),(221,'Load Patients','LAST NAME, ADMIN A.','LAST NAME, ADMIN A.','875242614060A23415AF4DE7A492F656','15:53:58',1),(222,'Load patient in Leukemia Baseline','ROMELIA, LEUKEMIA R.','LAST NAME, ADMIN A.','875242614060A23415AF4DE7A492F656','15:54:01',1),(223,'Load Patient Visits','LAST NAME, ADMIN A.','LAST NAME, ADMIN A.','875242614060A23415AF4DE7A492F656','15:54:05',1),(224,'Add Follow Up patient in Leukemia ','ROMELIA, LEUKEMIA R.','LAST NAME, ADMIN A.','875242614060A23415AF4DE7A492F656','15:54:14',1),(225,'Load Patients','LAST NAME, ADMIN A.','LAST NAME, ADMIN A.','875242614060A23415AF4DE7A492F656','15:54:18',1),(226,'Load patient in Leukemia Baseline','ROMELIA, LEUKEMIA R.','LAST NAME, ADMIN A.','875242614060A23415AF4DE7A492F656','15:54:21',1),(227,'Load Patient Visits','LAST NAME, ADMIN A.','LAST NAME, ADMIN A.','875242614060A23415AF4DE7A492F656','15:54:25',1),(228,'Add Follow Up patient in Leukemia ','ROMELIA, LEUKEMIA R.','LAST NAME, ADMIN A.','875242614060A23415AF4DE7A492F656','15:54:34',1),(229,'Load Patients','LAST NAME, ADMIN A.','LAST NAME, ADMIN A.','875242614060A23415AF4DE7A492F656','15:54:39',1),(230,'Load patient in Leukemia Baseline','ROMELIA, LEUKEMIA R.','LAST NAME, ADMIN A.','875242614060A23415AF4DE7A492F656','15:54:42',1),(231,'Load Patient Visits','LAST NAME, ADMIN A.','LAST NAME, ADMIN A.','875242614060A23415AF4DE7A492F656','15:54:45',1),(232,'Add Follow Up patient in Leukemia ','ROMELIA, LEUKEMIA R.','LAST NAME, ADMIN A.','875242614060A23415AF4DE7A492F656','15:54:54',1),(233,'Load Patients','LAST NAME, ADMIN A.','LAST NAME, ADMIN A.','875242614060A23415AF4DE7A492F656','15:54:59',1),(234,'Load patient in Leukemia Baseline','ROMELIA, LEUKEMIA R.','LAST NAME, ADMIN A.','875242614060A23415AF4DE7A492F656','15:55:01',1),(235,'Load Patient Visits','LAST NAME, ADMIN A.','LAST NAME, ADMIN A.','875242614060A23415AF4DE7A492F656','15:55:05',1),(236,'Add Follow Up patient in Leukemia ','ROMELIA, LEUKEMIA R.','LAST NAME, ADMIN A.','875242614060A23415AF4DE7A492F656','15:55:14',1),(237,'Load Patients','LAST NAME, ADMIN A.','LAST NAME, ADMIN A.','875242614060A23415AF4DE7A492F656','15:55:18',1),(238,'Load patient in Leukemia Baseline','ROMELIA, LEUKEMIA R.','LAST NAME, ADMIN A.','875242614060A23415AF4DE7A492F656','15:55:21',1),(239,'Load Patient Visits','LAST NAME, ADMIN A.','LAST NAME, ADMIN A.','875242614060A23415AF4DE7A492F656','15:55:24',1),(240,'Add Follow Up patient in Leukemia ','ROMELIA, LEUKEMIA R.','LAST NAME, ADMIN A.','875242614060A23415AF4DE7A492F656','15:55:34',1),(241,'Load Patients','LAST NAME, ADMIN A.','LAST NAME, ADMIN A.','875242614060A23415AF4DE7A492F656','15:55:37',1),(242,'Load patient in Leukemia Baseline','ROMELIA, LEUKEMIA R.','LAST NAME, ADMIN A.','875242614060A23415AF4DE7A492F656','15:55:40',1),(243,'Load Patient Visits','LAST NAME, ADMIN A.','LAST NAME, ADMIN A.','875242614060A23415AF4DE7A492F656','15:55:43',1),(244,'Add Follow Up patient in Leukemia ','ROMELIA, LEUKEMIA R.','LAST NAME, ADMIN A.','875242614060A23415AF4DE7A492F656','15:55:53',1),(245,'Load Patients','LAST NAME, ADMIN A.','LAST NAME, ADMIN A.','875242614060A23415AF4DE7A492F656','15:55:57',1),(246,'Load patient in Leukemia Baseline','ROMELIA, LEUKEMIA R.','LAST NAME, ADMIN A.','875242614060A23415AF4DE7A492F656','15:56:00',1),(247,'Load Patient Visits','LAST NAME, ADMIN A.','LAST NAME, ADMIN A.','875242614060A23415AF4DE7A492F656','15:56:03',1),(248,'Add Follow Up patient in Leukemia ','ROMELIA, LEUKEMIA R.','LAST NAME, ADMIN A.','875242614060A23415AF4DE7A492F656','15:56:12',1),(249,'Load Patients','LAST NAME, ADMIN A.','LAST NAME, ADMIN A.','875242614060A23415AF4DE7A492F656','15:56:16',1),(250,'Load patient in Leukemia Baseline','ROMELIA, LEUKEMIA R.','LAST NAME, ADMIN A.','875242614060A23415AF4DE7A492F656','15:56:19',1),(251,'Load Patient Visits','LAST NAME, ADMIN A.','LAST NAME, ADMIN A.','875242614060A23415AF4DE7A492F656','15:56:22',1),(252,'Add Follow Up patient in Leukemia ','ROMELIA, LEUKEMIA R.','LAST NAME, ADMIN A.','875242614060A23415AF4DE7A492F656','15:56:31',1),(253,'Load Patients','LAST NAME, ADMIN A.','LAST NAME, ADMIN A.','875242614060A23415AF4DE7A492F656','15:56:35',1),(254,'Load patient in Leukemia Baseline','ROMELIA, LEUKEMIA R.','LAST NAME, ADMIN A.','875242614060A23415AF4DE7A492F656','15:56:38',1),(255,'Load Patient Visits','LAST NAME, ADMIN A.','LAST NAME, ADMIN A.','875242614060A23415AF4DE7A492F656','15:56:41',1),(256,'Add Follow Up patient in Leukemia ','ROMELIA, LEUKEMIA R.','LAST NAME, ADMIN A.','875242614060A23415AF4DE7A492F656','15:56:51',1),(257,'Load Patients','LAST NAME, ADMIN A.','LAST NAME, ADMIN A.','875242614060A23415AF4DE7A492F656','15:56:54',1),(258,'Load patient in Leukemia Baseline','ROMELIA, LEUKEMIA R.','LAST NAME, ADMIN A.','875242614060A23415AF4DE7A492F656','15:56:57',1),(259,'Load Patient Visits','LAST NAME, ADMIN A.','LAST NAME, ADMIN A.','875242614060A23415AF4DE7A492F656','15:57:01',1),(260,'Add Follow Up patient in Leukemia ','ROMELIA, LEUKEMIA R.','LAST NAME, ADMIN A.','875242614060A23415AF4DE7A492F656','15:57:10',1),(261,'Load Patients','LAST NAME, ADMIN A.','LAST NAME, ADMIN A.','875242614060A23415AF4DE7A492F656','15:57:14',1),(262,'Load patient in Leukemia Baseline','ROMELIA, LEUKEMIA R.','LAST NAME, ADMIN A.','875242614060A23415AF4DE7A492F656','15:57:16',1),(263,'Load Patient Visits','LAST NAME, ADMIN A.','LAST NAME, ADMIN A.','875242614060A23415AF4DE7A492F656','15:57:20',1),(264,'Add Follow Up patient in Leukemia ','ROMELIA, LEUKEMIA R.','LAST NAME, ADMIN A.','875242614060A23415AF4DE7A492F656','15:57:29',1),(265,'Load Patients','LAST NAME, ADMIN A.','LAST NAME, ADMIN A.','875242614060A23415AF4DE7A492F656','15:57:34',1),(266,'Load patient in Leukemia Baseline','ROMELIA, LEUKEMIA R.','LAST NAME, ADMIN A.','875242614060A23415AF4DE7A492F656','15:57:37',1),(267,'Load Patient Visits','LAST NAME, ADMIN A.','LAST NAME, ADMIN A.','875242614060A23415AF4DE7A492F656','15:57:40',1),(268,'Add Follow Up patient in Leukemia ','ROMELIA, LEUKEMIA R.','LAST NAME, ADMIN A.','875242614060A23415AF4DE7A492F656','15:57:49',1),(269,'Load Patients','LAST NAME, ADMIN A.','LAST NAME, ADMIN A.','875242614060A23415AF4DE7A492F656','15:57:53',1),(270,'Load patient in Leukemia Baseline','ROMELIA, LEUKEMIA R.','LAST NAME, ADMIN A.','875242614060A23415AF4DE7A492F656','15:57:56',1),(271,'Load Patient Visits','LAST NAME, ADMIN A.','LAST NAME, ADMIN A.','875242614060A23415AF4DE7A492F656','15:58:00',1),(272,'Add Follow Up patient in Leukemia ','ROMELIA, LEUKEMIA R.','LAST NAME, ADMIN A.','875242614060A23415AF4DE7A492F656','15:58:08',1),(273,'Load Patients','LAST NAME, ADMIN A.','LAST NAME, ADMIN A.','875242614060A23415AF4DE7A492F656','15:58:13',1),(274,'Load patient in Leukemia Baseline','ROMELIA, LEUKEMIA R.','LAST NAME, ADMIN A.','875242614060A23415AF4DE7A492F656','15:58:16',1),(275,'Load Patient Visits','LAST NAME, ADMIN A.','LAST NAME, ADMIN A.','875242614060A23415AF4DE7A492F656','15:58:19',1),(276,'Add Follow Up patient in Leukemia ','ROMELIA, LEUKEMIA R.','LAST NAME, ADMIN A.','875242614060A23415AF4DE7A492F656','15:58:29',1),(277,'Load Patients','LAST NAME, ADMIN A.','LAST NAME, ADMIN A.','875242614060A23415AF4DE7A492F656','15:58:33',1),(278,'Load patient in Leukemia Baseline','ROMELIA, LEUKEMIA R.','LAST NAME, ADMIN A.','875242614060A23415AF4DE7A492F656','15:58:36',1),(279,'Load Patient Visits','LAST NAME, ADMIN A.','LAST NAME, ADMIN A.','875242614060A23415AF4DE7A492F656','15:58:40',1),(280,'Add Follow Up patient in Leukemia ','ROMELIA, LEUKEMIA R.','LAST NAME, ADMIN A.','875242614060A23415AF4DE7A492F656','15:58:48',1),(281,'Load Patients','LAST NAME, ADMIN A.','LAST NAME, ADMIN A.','875242614060A23415AF4DE7A492F656','15:58:52',1),(282,'Load patient in Leukemia Baseline','ROMELIA, LEUKEMIA R.','LAST NAME, ADMIN A.','875242614060A23415AF4DE7A492F656','15:58:55',1),(283,'Load Patient Visits','LAST NAME, ADMIN A.','LAST NAME, ADMIN A.','875242614060A23415AF4DE7A492F656','15:58:58',1),(284,'Add Follow Up patient in Leukemia ','ROMELIA, LEUKEMIA R.','LAST NAME, ADMIN A.','875242614060A23415AF4DE7A492F656','15:59:08',1),(285,'Load Patients','LAST NAME, ADMIN A.','LAST NAME, ADMIN A.','875242614060A23415AF4DE7A492F656','15:59:12',1),(286,'Load patient in Lymphoma Baseline','RENALDO, LYMPHOMA R.','LAST NAME, ADMIN A.','875242614060A23415AF4DE7A492F656','15:59:15',1),(287,'Load Patient Visits','LAST NAME, ADMIN A.','LAST NAME, ADMIN A.','875242614060A23415AF4DE7A492F656','15:59:18',1),(288,'Add Follow Up patient in Lymphoma ','RENALDO, LYMPHOMA R.','LAST NAME, ADMIN A.','875242614060A23415AF4DE7A492F656','15:59:27',1),(289,'Load Patients','LAST NAME, ADMIN A.','LAST NAME, ADMIN A.','875242614060A23415AF4DE7A492F656','15:59:31',1),(290,'Load patient in Lymphoma Baseline','RENALDO, LYMPHOMA R.','LAST NAME, ADMIN A.','875242614060A23415AF4DE7A492F656','15:59:34',1),(291,'Load Patient Visits','LAST NAME, ADMIN A.','LAST NAME, ADMIN A.','875242614060A23415AF4DE7A492F656','15:59:38',1),(292,'Add Follow Up patient in Lymphoma ','RENALDO, LYMPHOMA R.','LAST NAME, ADMIN A.','875242614060A23415AF4DE7A492F656','15:59:47',1),(293,'Load Patients','LAST NAME, ADMIN A.','LAST NAME, ADMIN A.','875242614060A23415AF4DE7A492F656','15:59:52',1),(294,'Load patient in Lymphoma Baseline','RENALDO, LYMPHOMA R.','LAST NAME, ADMIN A.','875242614060A23415AF4DE7A492F656','15:59:54',1),(295,'Load Patient Visits','LAST NAME, ADMIN A.','LAST NAME, ADMIN A.','875242614060A23415AF4DE7A492F656','15:59:58',1),(296,'Add Follow Up patient in Lymphoma ','RENALDO, LYMPHOMA R.','LAST NAME, ADMIN A.','875242614060A23415AF4DE7A492F656','16:00:07',1),(297,'Load Patients','LAST NAME, ADMIN A.','LAST NAME, ADMIN A.','875242614060A23415AF4DE7A492F656','16:00:11',1),(298,'Load patient in Lymphoma Baseline','RENALDO, LYMPHOMA R.','LAST NAME, ADMIN A.','875242614060A23415AF4DE7A492F656','16:00:14',1),(299,'Load Patient Visits','LAST NAME, ADMIN A.','LAST NAME, ADMIN A.','875242614060A23415AF4DE7A492F656','16:00:18',1),(300,'Add Follow Up patient in Lymphoma ','RENALDO, LYMPHOMA R.','LAST NAME, ADMIN A.','875242614060A23415AF4DE7A492F656','16:00:26',1),(301,'Load Patients','LAST NAME, ADMIN A.','LAST NAME, ADMIN A.','875242614060A23415AF4DE7A492F656','16:00:30',1),(302,'Load patient in Lymphoma Baseline','RENALDO, LYMPHOMA R.','LAST NAME, ADMIN A.','875242614060A23415AF4DE7A492F656','16:00:33',1),(303,'Load Patient Visits','LAST NAME, ADMIN A.','LAST NAME, ADMIN A.','875242614060A23415AF4DE7A492F656','16:00:37',1),(304,'Add Follow Up patient in Lymphoma ','RENALDO, LYMPHOMA R.','LAST NAME, ADMIN A.','875242614060A23415AF4DE7A492F656','16:00:46',1),(305,'Load Patients','LAST NAME, ADMIN A.','LAST NAME, ADMIN A.','875242614060A23415AF4DE7A492F656','16:00:49',1),(306,'Load patient in Lymphoma Baseline','RENALDO, LYMPHOMA R.','LAST NAME, ADMIN A.','875242614060A23415AF4DE7A492F656','16:00:52',1),(307,'Load Patient Visits','LAST NAME, ADMIN A.','LAST NAME, ADMIN A.','875242614060A23415AF4DE7A492F656','16:00:56',1),(308,'Add Follow Up patient in Lymphoma ','RENALDO, LYMPHOMA R.','LAST NAME, ADMIN A.','875242614060A23415AF4DE7A492F656','16:01:05',1),(309,'Load Patients','LAST NAME, ADMIN A.','LAST NAME, ADMIN A.','875242614060A23415AF4DE7A492F656','16:01:10',1),(310,'Load patient in Lymphoma Baseline','RENALDO, LYMPHOMA R.','LAST NAME, ADMIN A.','875242614060A23415AF4DE7A492F656','16:01:12',1),(311,'Load Patient Visits','LAST NAME, ADMIN A.','LAST NAME, ADMIN A.','875242614060A23415AF4DE7A492F656','16:01:17',1),(312,'Add Follow Up patient in Lymphoma ','RENALDO, LYMPHOMA R.','LAST NAME, ADMIN A.','875242614060A23415AF4DE7A492F656','16:01:25',1),(313,'Load Patients','LAST NAME, ADMIN A.','LAST NAME, ADMIN A.','875242614060A23415AF4DE7A492F656','16:01:28',1),(314,'Load patient in Lymphoma Baseline','RENALDO, LYMPHOMA R.','LAST NAME, ADMIN A.','875242614060A23415AF4DE7A492F656','16:01:31',1),(315,'Load Patient Visits','LAST NAME, ADMIN A.','LAST NAME, ADMIN A.','875242614060A23415AF4DE7A492F656','16:01:35',1),(316,'Add Follow Up patient in Lymphoma ','RENALDO, LYMPHOMA R.','LAST NAME, ADMIN A.','875242614060A23415AF4DE7A492F656','16:01:44',1),(317,'Load Patients','LAST NAME, ADMIN A.','LAST NAME, ADMIN A.','875242614060A23415AF4DE7A492F656','16:01:47',1),(318,'Load patient in Lymphoma Baseline','RENALDO, LYMPHOMA R.','LAST NAME, ADMIN A.','875242614060A23415AF4DE7A492F656','16:01:50',1),(319,'Load Patient Visits','LAST NAME, ADMIN A.','LAST NAME, ADMIN A.','875242614060A23415AF4DE7A492F656','16:01:54',1),(320,'Add Follow Up patient in Lymphoma ','RENALDO, LYMPHOMA R.','LAST NAME, ADMIN A.','875242614060A23415AF4DE7A492F656','16:02:03',1),(321,'Load Patients','LAST NAME, ADMIN A.','LAST NAME, ADMIN A.','875242614060A23415AF4DE7A492F656','16:02:07',1),(322,'Load patient in Lymphoma Baseline','RENALDO, LYMPHOMA R.','LAST NAME, ADMIN A.','875242614060A23415AF4DE7A492F656','16:02:10',1),(323,'Load Patient Visits','LAST NAME, ADMIN A.','LAST NAME, ADMIN A.','875242614060A23415AF4DE7A492F656','16:02:14',1),(324,'Add Follow Up patient in Lymphoma ','RENALDO, LYMPHOMA R.','LAST NAME, ADMIN A.','875242614060A23415AF4DE7A492F656','16:02:23',1),(325,'Load Patients','LAST NAME, ADMIN A.','LAST NAME, ADMIN A.','875242614060A23415AF4DE7A492F656','16:02:26',1),(326,'Load patient in Lymphoma Baseline','RENALDO, LYMPHOMA R.','LAST NAME, ADMIN A.','875242614060A23415AF4DE7A492F656','16:02:29',1),(327,'Load Patient Visits','LAST NAME, ADMIN A.','LAST NAME, ADMIN A.','875242614060A23415AF4DE7A492F656','16:02:33',1),(328,'Add Follow Up patient in Lymphoma ','RENALDO, LYMPHOMA R.','LAST NAME, ADMIN A.','875242614060A23415AF4DE7A492F656','16:02:42',1),(329,'Load Patients','LAST NAME, ADMIN A.','LAST NAME, ADMIN A.','875242614060A23415AF4DE7A492F656','16:02:45',1),(330,'Load patient in Lymphoma Baseline','RENALDO, LYMPHOMA R.','LAST NAME, ADMIN A.','875242614060A23415AF4DE7A492F656','16:02:48',1),(331,'Load Patient Visits','LAST NAME, ADMIN A.','LAST NAME, ADMIN A.','875242614060A23415AF4DE7A492F656','16:02:52',1),(332,'Add Follow Up patient in Lymphoma ','RENALDO, LYMPHOMA R.','LAST NAME, ADMIN A.','875242614060A23415AF4DE7A492F656','16:03:00',1),(333,'Load Patients','LAST NAME, ADMIN A.','LAST NAME, ADMIN A.','875242614060A23415AF4DE7A492F656','16:03:05',1),(334,'Load patient in Lymphoma Baseline','RENALDO, LYMPHOMA R.','LAST NAME, ADMIN A.','875242614060A23415AF4DE7A492F656','16:03:08',1),(335,'Load Patient Visits','LAST NAME, ADMIN A.','LAST NAME, ADMIN A.','875242614060A23415AF4DE7A492F656','16:03:11',1),(336,'Add Follow Up patient in Lymphoma ','RENALDO, LYMPHOMA R.','LAST NAME, ADMIN A.','875242614060A23415AF4DE7A492F656','16:03:20',1),(337,'Load Patients','LAST NAME, ADMIN A.','LAST NAME, ADMIN A.','875242614060A23415AF4DE7A492F656','16:03:23',1),(338,'Load patient in Lymphoma Baseline','RENALDO, LYMPHOMA R.','LAST NAME, ADMIN A.','875242614060A23415AF4DE7A492F656','16:03:26',1),(339,'Load Patient Visits','LAST NAME, ADMIN A.','LAST NAME, ADMIN A.','875242614060A23415AF4DE7A492F656','16:03:30',1),(340,'Add Follow Up patient in Lymphoma ','RENALDO, LYMPHOMA R.','LAST NAME, ADMIN A.','875242614060A23415AF4DE7A492F656','16:03:39',1),(341,'Load Patients','LAST NAME, ADMIN A.','LAST NAME, ADMIN A.','875242614060A23415AF4DE7A492F656','16:03:42',1),(342,'Load patient in Lymphoma Baseline','RENALDO, LYMPHOMA R.','LAST NAME, ADMIN A.','875242614060A23415AF4DE7A492F656','16:03:45',1),(343,'Load Patient Visits','LAST NAME, ADMIN A.','LAST NAME, ADMIN A.','875242614060A23415AF4DE7A492F656','16:03:49',1),(344,'Add Follow Up patient in Lymphoma ','RENALDO, LYMPHOMA R.','LAST NAME, ADMIN A.','875242614060A23415AF4DE7A492F656','16:03:58',1),(345,'Load Patients','LAST NAME, ADMIN A.','LAST NAME, ADMIN A.','875242614060A23415AF4DE7A492F656','16:04:01',1),(346,'Load patient in Lymphoma Baseline','RENALDO, LYMPHOMA R.','LAST NAME, ADMIN A.','875242614060A23415AF4DE7A492F656','16:04:04',1),(347,'Load Patient Visits','LAST NAME, ADMIN A.','LAST NAME, ADMIN A.','875242614060A23415AF4DE7A492F656','16:04:08',1),(348,'Add Follow Up patient in Lymphoma ','RENALDO, LYMPHOMA R.','LAST NAME, ADMIN A.','875242614060A23415AF4DE7A492F656','16:04:17',1),(349,'Load Patients','LAST NAME, ADMIN A.','LAST NAME, ADMIN A.','875242614060A23415AF4DE7A492F656','16:04:21',1),(350,'Load patient in Lymphoma Baseline','RENALDO, LYMPHOMA R.','LAST NAME, ADMIN A.','875242614060A23415AF4DE7A492F656','16:04:24',1),(351,'Load Patient Visits','LAST NAME, ADMIN A.','LAST NAME, ADMIN A.','875242614060A23415AF4DE7A492F656','16:04:27',1),(352,'Add Follow Up patient in Lymphoma ','RENALDO, LYMPHOMA R.','LAST NAME, ADMIN A.','875242614060A23415AF4DE7A492F656','16:04:36',1),(353,'Load Patients','LAST NAME, ADMIN A.','LAST NAME, ADMIN A.','875242614060A23415AF4DE7A492F656','16:04:40',1),(354,'Load patient in Lymphoma Baseline','RENALDO, LYMPHOMA R.','LAST NAME, ADMIN A.','875242614060A23415AF4DE7A492F656','16:04:43',1),(355,'Load Patient Visits','LAST NAME, ADMIN A.','LAST NAME, ADMIN A.','875242614060A23415AF4DE7A492F656','16:04:47',1),(356,'Add Follow Up patient in Lymphoma ','RENALDO, LYMPHOMA R.','LAST NAME, ADMIN A.','875242614060A23415AF4DE7A492F656','16:04:56',1),(357,'Load Patients','LAST NAME, ADMIN A.','LAST NAME, ADMIN A.','875242614060A23415AF4DE7A492F656','16:04:59',1),(358,'Load patient in Myeloproliferative Neoplasm Baseline','JUAN, MYELO J.','LAST NAME, ADMIN A.','875242614060A23415AF4DE7A492F656','16:05:02',1),(359,'Load Patient Visits','LAST NAME, ADMIN A.','LAST NAME, ADMIN A.','875242614060A23415AF4DE7A492F656','16:05:06',1),(360,'Add Follow Up patient in Myeloproliferative Neoplasm','JUAN, MYELO J.','LAST NAME, ADMIN A.','875242614060A23415AF4DE7A492F656','16:05:15',1),(361,'Load Patients','LAST NAME, ADMIN A.','LAST NAME, ADMIN A.','875242614060A23415AF4DE7A492F656','16:05:18',1),(362,'Load patient in Myeloproliferative Neoplasm Baseline','JUAN, MYELO J.','LAST NAME, ADMIN A.','875242614060A23415AF4DE7A492F656','16:05:21',1),(363,'Load Patient Visits','LAST NAME, ADMIN A.','LAST NAME, ADMIN A.','875242614060A23415AF4DE7A492F656','16:05:25',1),(364,'Add Follow Up patient in Myeloproliferative Neoplasm','JUAN, MYELO J.','LAST NAME, ADMIN A.','875242614060A23415AF4DE7A492F656','16:05:33',1),(365,'Load Patients','LAST NAME, ADMIN A.','LAST NAME, ADMIN A.','875242614060A23415AF4DE7A492F656','16:05:38',1),(366,'Load patient in Myeloproliferative Neoplasm Baseline','JUAN, MYELO J.','LAST NAME, ADMIN A.','875242614060A23415AF4DE7A492F656','16:05:40',1),(367,'Load Patient Visits','LAST NAME, ADMIN A.','LAST NAME, ADMIN A.','875242614060A23415AF4DE7A492F656','16:05:44',1),(368,'Add Follow Up patient in Myeloproliferative Neoplasm','JUAN, MYELO J.','LAST NAME, ADMIN A.','875242614060A23415AF4DE7A492F656','16:05:53',1),(369,'Load Patients','LAST NAME, ADMIN A.','LAST NAME, ADMIN A.','875242614060A23415AF4DE7A492F656','16:05:56',1),(370,'Load patient in Myeloproliferative Neoplasm Baseline','JUAN, MYELO J.','LAST NAME, ADMIN A.','875242614060A23415AF4DE7A492F656','16:05:59',1),(371,'Load Patient Visits','LAST NAME, ADMIN A.','LAST NAME, ADMIN A.','875242614060A23415AF4DE7A492F656','16:06:03',1),(372,'Add Follow Up patient in Myeloproliferative Neoplasm','JUAN, MYELO J.','LAST NAME, ADMIN A.','875242614060A23415AF4DE7A492F656','16:06:12',1),(373,'Load Patients','LAST NAME, ADMIN A.','LAST NAME, ADMIN A.','875242614060A23415AF4DE7A492F656','16:06:15',1),(374,'Load patient in Myeloproliferative Neoplasm Baseline','JUAN, MYELO J.','LAST NAME, ADMIN A.','875242614060A23415AF4DE7A492F656','16:06:18',1),(375,'Load Patient Visits','LAST NAME, ADMIN A.','LAST NAME, ADMIN A.','875242614060A23415AF4DE7A492F656','16:06:22',1),(376,'Add Follow Up patient in Myeloproliferative Neoplasm','JUAN, MYELO J.','LAST NAME, ADMIN A.','875242614060A23415AF4DE7A492F656','16:06:30',1),(377,'Load Patients','LAST NAME, ADMIN A.','LAST NAME, ADMIN A.','875242614060A23415AF4DE7A492F656','16:06:34',1),(378,'Load patient in Myeloproliferative Neoplasm Baseline','JUAN, MYELO J.','LAST NAME, ADMIN A.','875242614060A23415AF4DE7A492F656','16:06:37',1),(379,'Load Patient Visits','LAST NAME, ADMIN A.','LAST NAME, ADMIN A.','875242614060A23415AF4DE7A492F656','16:06:41',1),(380,'Add Follow Up patient in Myeloproliferative Neoplasm','JUAN, MYELO J.','LAST NAME, ADMIN A.','875242614060A23415AF4DE7A492F656','16:06:49',1),(381,'Load Patients','LAST NAME, ADMIN A.','LAST NAME, ADMIN A.','875242614060A23415AF4DE7A492F656','16:06:54',1),(382,'Load patient in Myeloproliferative Neoplasm Baseline','JUAN, MYELO J.','LAST NAME, ADMIN A.','875242614060A23415AF4DE7A492F656','16:06:57',1),(383,'Load Patient Visits','LAST NAME, ADMIN A.','LAST NAME, ADMIN A.','875242614060A23415AF4DE7A492F656','16:07:01',1),(384,'Add Follow Up patient in Myeloproliferative Neoplasm','JUAN, MYELO J.','LAST NAME, ADMIN A.','875242614060A23415AF4DE7A492F656','16:07:09',1),(385,'Load Patients','LAST NAME, ADMIN A.','LAST NAME, ADMIN A.','875242614060A23415AF4DE7A492F656','16:07:14',1),(386,'Load patient in Myeloproliferative Neoplasm Baseline','JUAN, MYELO J.','LAST NAME, ADMIN A.','875242614060A23415AF4DE7A492F656','16:07:17',1),(387,'Load Patient Visits','LAST NAME, ADMIN A.','LAST NAME, ADMIN A.','875242614060A23415AF4DE7A492F656','16:07:21',1),(388,'Add Follow Up patient in Myeloproliferative Neoplasm','JUAN, MYELO J.','LAST NAME, ADMIN A.','875242614060A23415AF4DE7A492F656','16:07:29',1),(389,'Load Patients','LAST NAME, ADMIN A.','LAST NAME, ADMIN A.','875242614060A23415AF4DE7A492F656','16:07:32',1),(390,'Load patient in Myeloproliferative Neoplasm Baseline','JUAN, MYELO J.','LAST NAME, ADMIN A.','875242614060A23415AF4DE7A492F656','16:07:35',1),(391,'Load Patient Visits','LAST NAME, ADMIN A.','LAST NAME, ADMIN A.','875242614060A23415AF4DE7A492F656','16:07:39',1),(392,'Add Follow Up patient in Myeloproliferative Neoplasm','JUAN, MYELO J.','LAST NAME, ADMIN A.','875242614060A23415AF4DE7A492F656','16:07:47',1),(393,'Load Patients','LAST NAME, ADMIN A.','LAST NAME, ADMIN A.','875242614060A23415AF4DE7A492F656','16:07:52',1),(394,'Load patient in Myeloproliferative Neoplasm Baseline','JUAN, MYELO J.','LAST NAME, ADMIN A.','875242614060A23415AF4DE7A492F656','16:07:55',1),(395,'Load Patient Visits','LAST NAME, ADMIN A.','LAST NAME, ADMIN A.','875242614060A23415AF4DE7A492F656','16:07:59',1),(396,'Add Follow Up patient in Myeloproliferative Neoplasm','JUAN, MYELO J.','LAST NAME, ADMIN A.','875242614060A23415AF4DE7A492F656','16:08:07',1),(397,'Load Patients','LAST NAME, ADMIN A.','LAST NAME, ADMIN A.','875242614060A23415AF4DE7A492F656','16:08:12',1),(398,'Load patient in Myeloproliferative Neoplasm Baseline','JUAN, MYELO J.','LAST NAME, ADMIN A.','875242614060A23415AF4DE7A492F656','16:08:14',1),(399,'Load Patient Visits','LAST NAME, ADMIN A.','LAST NAME, ADMIN A.','875242614060A23415AF4DE7A492F656','16:08:18',1),(400,'Add Follow Up patient in Myeloproliferative Neoplasm','JUAN, MYELO J.','LAST NAME, ADMIN A.','875242614060A23415AF4DE7A492F656','16:08:26',1),(401,'Load Patients','LAST NAME, ADMIN A.','LAST NAME, ADMIN A.','875242614060A23415AF4DE7A492F656','16:08:30',1),(402,'Load patient in Myeloproliferative Neoplasm Baseline','JUAN, MYELO J.','LAST NAME, ADMIN A.','875242614060A23415AF4DE7A492F656','16:08:33',1),(403,'Load Patient Visits','LAST NAME, ADMIN A.','LAST NAME, ADMIN A.','875242614060A23415AF4DE7A492F656','16:08:37',1),(404,'Add Follow Up patient in Myeloproliferative Neoplasm','JUAN, MYELO J.','LAST NAME, ADMIN A.','875242614060A23415AF4DE7A492F656','16:08:45',1),(405,'Load Patients','LAST NAME, ADMIN A.','LAST NAME, ADMIN A.','875242614060A23415AF4DE7A492F656','16:08:49',1),(406,'Load patient in Myeloproliferative Neoplasm Baseline','JUAN, MYELO J.','LAST NAME, ADMIN A.','875242614060A23415AF4DE7A492F656','16:08:52',1),(407,'Load Patient Visits','LAST NAME, ADMIN A.','LAST NAME, ADMIN A.','875242614060A23415AF4DE7A492F656','16:08:56',1),(408,'Add Follow Up patient in Myeloproliferative Neoplasm','JUAN, MYELO J.','LAST NAME, ADMIN A.','875242614060A23415AF4DE7A492F656','16:09:04',1),(409,'Load Patients','LAST NAME, ADMIN A.','LAST NAME, ADMIN A.','875242614060A23415AF4DE7A492F656','16:09:09',1),(410,'Load patient in Myeloproliferative Neoplasm Baseline','JUAN, MYELO J.','LAST NAME, ADMIN A.','875242614060A23415AF4DE7A492F656','16:09:12',1),(411,'Load Patient Visits','LAST NAME, ADMIN A.','LAST NAME, ADMIN A.','875242614060A23415AF4DE7A492F656','16:09:15',1),(412,'Add Follow Up patient in Myeloproliferative Neoplasm','JUAN, MYELO J.','LAST NAME, ADMIN A.','875242614060A23415AF4DE7A492F656','16:09:24',1),(413,'Load Patients','LAST NAME, ADMIN A.','LAST NAME, ADMIN A.','875242614060A23415AF4DE7A492F656','16:09:29',1),(414,'Load patient in Myeloproliferative Neoplasm Baseline','JUAN, MYELO J.','LAST NAME, ADMIN A.','875242614060A23415AF4DE7A492F656','16:09:31',1),(415,'Load Patient Visits','LAST NAME, ADMIN A.','LAST NAME, ADMIN A.','875242614060A23415AF4DE7A492F656','16:09:35',1),(416,'Add Follow Up patient in Myeloproliferative Neoplasm','JUAN, MYELO J.','LAST NAME, ADMIN A.','875242614060A23415AF4DE7A492F656','16:09:44',1),(417,'Load Patients','LAST NAME, ADMIN A.','LAST NAME, ADMIN A.','875242614060A23415AF4DE7A492F656','16:09:47',1),(418,'Load patient in Myeloproliferative Neoplasm Baseline','JUAN, MYELO J.','LAST NAME, ADMIN A.','875242614060A23415AF4DE7A492F656','16:09:50',1),(419,'Load Patient Visits','LAST NAME, ADMIN A.','LAST NAME, ADMIN A.','875242614060A23415AF4DE7A492F656','16:09:54',1),(420,'Add Follow Up patient in Myeloproliferative Neoplasm','JUAN, MYELO J.','LAST NAME, ADMIN A.','875242614060A23415AF4DE7A492F656','16:10:02',1),(421,'Load Patients','LAST NAME, ADMIN A.','LAST NAME, ADMIN A.','875242614060A23415AF4DE7A492F656','16:10:06',1),(422,'Load patient in Myeloproliferative Neoplasm Baseline','JUAN, MYELO J.','LAST NAME, ADMIN A.','875242614060A23415AF4DE7A492F656','16:10:09',1),(423,'Load Patient Visits','LAST NAME, ADMIN A.','LAST NAME, ADMIN A.','875242614060A23415AF4DE7A492F656','16:10:13',1),(424,'Add Follow Up patient in Myeloproliferative Neoplasm','JUAN, MYELO J.','LAST NAME, ADMIN A.','875242614060A23415AF4DE7A492F656','16:10:21',1),(425,'Load Patients','LAST NAME, ADMIN A.','LAST NAME, ADMIN A.','875242614060A23415AF4DE7A492F656','16:10:26',1),(426,'Load patient in Myeloproliferative Neoplasm Baseline','JUAN, MYELO J.','LAST NAME, ADMIN A.','875242614060A23415AF4DE7A492F656','16:10:29',1),(427,'Load Patient Visits','LAST NAME, ADMIN A.','LAST NAME, ADMIN A.','875242614060A23415AF4DE7A492F656','16:10:33',1),(428,'Add Follow Up patient in Myeloproliferative Neoplasm','JUAN, MYELO J.','LAST NAME, ADMIN A.','875242614060A23415AF4DE7A492F656','16:10:41',1),(429,'Load Patients','LAST NAME, ADMIN A.','LAST NAME, ADMIN A.','875242614060A23415AF4DE7A492F656','16:10:45',1),(430,'Load patient in Myeloproliferative Neoplasm Baseline','JUAN, MYELO J.','LAST NAME, ADMIN A.','875242614060A23415AF4DE7A492F656','16:10:48',1),(431,'Load Patient Visits','LAST NAME, ADMIN A.','LAST NAME, ADMIN A.','875242614060A23415AF4DE7A492F656','16:10:51',1),(432,'Add Follow Up patient in Myeloproliferative Neoplasm','JUAN, MYELO J.','LAST NAME, ADMIN A.','875242614060A23415AF4DE7A492F656','16:11:00',1),(433,'Load Patients','LAST NAME, ADMIN A.','LAST NAME, ADMIN A.','875242614060A23415AF4DE7A492F656','16:11:04',1),(434,'Load patient in Myeloproliferative Neoplasm Baseline','JUAN, MYELO J.','LAST NAME, ADMIN A.','875242614060A23415AF4DE7A492F656','16:11:06',1),(435,'Load Patient Visits','LAST NAME, ADMIN A.','LAST NAME, ADMIN A.','875242614060A23415AF4DE7A492F656','16:11:10',1),(436,'Add Follow Up patient in Myeloproliferative Neoplasm','JUAN, MYELO J.','LAST NAME, ADMIN A.','875242614060A23415AF4DE7A492F656','16:11:19',1),(437,'Load Patients','LAST NAME, ADMIN A.','LAST NAME, ADMIN A.','875242614060A23415AF4DE7A492F656','16:11:23',1),(438,'Load patient in Myeloproliferative Neoplasm Baseline','JUAN, MYELO J.','LAST NAME, ADMIN A.','875242614060A23415AF4DE7A492F656','16:11:26',1),(439,'Load Patient Visits','LAST NAME, ADMIN A.','LAST NAME, ADMIN A.','875242614060A23415AF4DE7A492F656','16:11:30',1),(440,'Add Follow Up patient in Myeloproliferative Neoplasm','JUAN, MYELO J.','LAST NAME, ADMIN A.','875242614060A23415AF4DE7A492F656','16:11:38',1),(441,'Load Patients','LAST NAME, ADMIN A.','LAST NAME, ADMIN A.','875242614060A23415AF4DE7A492F656','16:11:42',1),(442,'Load patient in Plasma Cell Baseline','ANTHONY, PLASMA A.','LAST NAME, ADMIN A.','875242614060A23415AF4DE7A492F656','16:11:45',1),(443,'Load Patient Visits','LAST NAME, ADMIN A.','LAST NAME, ADMIN A.','875242614060A23415AF4DE7A492F656','16:11:49',1),(444,'Logout','LAST NAME, ADMIN A.','LAST NAME, ADMIN A.','875242614060A23415AF4DE7A492F656','16:21:56',1),(445,'Login','LAST NAME, ADMIN A.','LAST NAME, ADMIN A.','875242614060A23415AF4DE7A492F656','16:43:57',1),(446,'Load Patient Visits','LAST NAME, ADMIN A.','LAST NAME, ADMIN A.','875242614060A23415AF4DE7A492F656','16:44:03',1),(447,'Add Follow Up patient in Plasma Cell ','null, null null','LAST NAME, ADMIN A.','875242614060A23415AF4DE7A492F656','16:44:11',1),(448,'Load Patients','LAST NAME, ADMIN A.','LAST NAME, ADMIN A.','875242614060A23415AF4DE7A492F656','16:44:15',1),(449,'Load patient in Plasma Cell Baseline','ANTHONY, PLASMA A.','LAST NAME, ADMIN A.','875242614060A23415AF4DE7A492F656','16:44:18',1),(450,'Load Patient Visits','LAST NAME, ADMIN A.','LAST NAME, ADMIN A.','875242614060A23415AF4DE7A492F656','16:44:21',1),(451,'Add Follow Up patient in Plasma Cell ','ANTHONY, PLASMA A.','LAST NAME, ADMIN A.','875242614060A23415AF4DE7A492F656','16:44:38',1),(452,'Load Patients','LAST NAME, ADMIN A.','LAST NAME, ADMIN A.','875242614060A23415AF4DE7A492F656','16:44:42',1),(453,'Load patient in Plasma Cell Baseline','ANTHONY, PLASMA A.','LAST NAME, ADMIN A.','875242614060A23415AF4DE7A492F656','16:44:45',1),(454,'Load Patient Visits','LAST NAME, ADMIN A.','LAST NAME, ADMIN A.','875242614060A23415AF4DE7A492F656','16:44:48',1),(455,'Add Follow Up patient in Plasma Cell ','ANTHONY, PLASMA A.','LAST NAME, ADMIN A.','875242614060A23415AF4DE7A492F656','16:45:02',1),(456,'Load Patients','LAST NAME, ADMIN A.','LAST NAME, ADMIN A.','875242614060A23415AF4DE7A492F656','16:45:06',1),(457,'Load patient in Plasma Cell Baseline','ANTHONY, PLASMA A.','LAST NAME, ADMIN A.','875242614060A23415AF4DE7A492F656','16:45:08',1),(458,'Load Patient Visits','LAST NAME, ADMIN A.','LAST NAME, ADMIN A.','875242614060A23415AF4DE7A492F656','16:45:12',1),(459,'Add Follow Up patient in Plasma Cell ','ANTHONY, PLASMA A.','LAST NAME, ADMIN A.','875242614060A23415AF4DE7A492F656','16:46:14',1),(460,'Load Patients','LAST NAME, ADMIN A.','LAST NAME, ADMIN A.','875242614060A23415AF4DE7A492F656','16:46:19',1),(461,'Load patient in Plasma Cell Baseline','ANTHONY, PLASMA A.','LAST NAME, ADMIN A.','875242614060A23415AF4DE7A492F656','16:46:22',1),(462,'Load Patient Visits','LAST NAME, ADMIN A.','LAST NAME, ADMIN A.','875242614060A23415AF4DE7A492F656','16:46:26',1),(463,'Add Follow Up patient in Plasma Cell ','ANTHONY, PLASMA A.','LAST NAME, ADMIN A.','875242614060A23415AF4DE7A492F656','16:46:52',1),(464,'Load Patients','LAST NAME, ADMIN A.','LAST NAME, ADMIN A.','875242614060A23415AF4DE7A492F656','16:46:57',1),(465,'Load patient in Plasma Cell Baseline','ANTHONY, PLASMA A.','LAST NAME, ADMIN A.','875242614060A23415AF4DE7A492F656','16:47:00',1),(466,'Load Patient Visits','LAST NAME, ADMIN A.','LAST NAME, ADMIN A.','875242614060A23415AF4DE7A492F656','16:47:03',1),(467,'Add Follow Up patient in Plasma Cell ','ANTHONY, PLASMA A.','LAST NAME, ADMIN A.','875242614060A23415AF4DE7A492F656','16:47:19',1),(468,'Load Patients','LAST NAME, ADMIN A.','LAST NAME, ADMIN A.','875242614060A23415AF4DE7A492F656','16:47:24',1),(469,'Load patient in Plasma Cell Baseline','ANTHONY, PLASMA A.','LAST NAME, ADMIN A.','875242614060A23415AF4DE7A492F656','16:47:27',1),(470,'Load Patient Visits','LAST NAME, ADMIN A.','LAST NAME, ADMIN A.','875242614060A23415AF4DE7A492F656','16:47:31',1),(471,'Add Follow Up patient in Plasma Cell ','ANTHONY, PLASMA A.','LAST NAME, ADMIN A.','875242614060A23415AF4DE7A492F656','16:47:44',1),(472,'Load Patients','LAST NAME, ADMIN A.','LAST NAME, ADMIN A.','875242614060A23415AF4DE7A492F656','16:47:49',1),(473,'Load patient in Plasma Cell Baseline','ANTHONY, PLASMA A.','LAST NAME, ADMIN A.','875242614060A23415AF4DE7A492F656','16:47:51',1),(474,'Load Patient Visits','LAST NAME, ADMIN A.','LAST NAME, ADMIN A.','875242614060A23415AF4DE7A492F656','16:47:55',1),(475,'Add Follow Up patient in Plasma Cell ','ANTHONY, PLASMA A.','LAST NAME, ADMIN A.','875242614060A23415AF4DE7A492F656','16:48:10',1),(476,'Load Patients','LAST NAME, ADMIN A.','LAST NAME, ADMIN A.','875242614060A23415AF4DE7A492F656','16:48:14',1),(477,'Load patient in Plasma Cell Baseline','ANTHONY, PLASMA A.','LAST NAME, ADMIN A.','875242614060A23415AF4DE7A492F656','16:48:17',1),(478,'Load Patient Visits','LAST NAME, ADMIN A.','LAST NAME, ADMIN A.','875242614060A23415AF4DE7A492F656','16:48:20',1),(479,'Add Follow Up patient in Plasma Cell ','ANTHONY, PLASMA A.','LAST NAME, ADMIN A.','875242614060A23415AF4DE7A492F656','16:48:34',1),(480,'Load Patients','LAST NAME, ADMIN A.','LAST NAME, ADMIN A.','875242614060A23415AF4DE7A492F656','16:48:39',1),(481,'Load patient in Plasma Cell Baseline','ANTHONY, PLASMA A.','LAST NAME, ADMIN A.','875242614060A23415AF4DE7A492F656','16:48:41',1),(482,'Load Patient Visits','LAST NAME, ADMIN A.','LAST NAME, ADMIN A.','875242614060A23415AF4DE7A492F656','16:48:45',1),(483,'Add Follow Up patient in Plasma Cell ','ANTHONY, PLASMA A.','LAST NAME, ADMIN A.','875242614060A23415AF4DE7A492F656','16:48:59',1),(484,'Load Patients','LAST NAME, ADMIN A.','LAST NAME, ADMIN A.','875242614060A23415AF4DE7A492F656','16:49:03',1),(485,'Load patient in Plasma Cell Baseline','ANTHONY, PLASMA A.','LAST NAME, ADMIN A.','875242614060A23415AF4DE7A492F656','16:49:06',1),(486,'Load Patient Visits','LAST NAME, ADMIN A.','LAST NAME, ADMIN A.','875242614060A23415AF4DE7A492F656','16:49:10',1),(487,'Add Follow Up patient in Plasma Cell ','ANTHONY, PLASMA A.','LAST NAME, ADMIN A.','875242614060A23415AF4DE7A492F656','16:50:26',1),(488,'Load Patients','LAST NAME, ADMIN A.','LAST NAME, ADMIN A.','875242614060A23415AF4DE7A492F656','16:50:31',1),(489,'Load patient in Plasma Cell Baseline','ANTHONY, PLASMA A.','LAST NAME, ADMIN A.','875242614060A23415AF4DE7A492F656','16:50:33',1),(490,'Load Patient Visits','LAST NAME, ADMIN A.','LAST NAME, ADMIN A.','875242614060A23415AF4DE7A492F656','16:50:37',1),(491,'Add Follow Up patient in Plasma Cell ','ANTHONY, PLASMA A.','LAST NAME, ADMIN A.','875242614060A23415AF4DE7A492F656','16:51:20',1),(492,'Load Patients','LAST NAME, ADMIN A.','LAST NAME, ADMIN A.','875242614060A23415AF4DE7A492F656','16:51:24',1),(493,'Load patient in Plasma Cell Baseline','ANTHONY, PLASMA A.','LAST NAME, ADMIN A.','875242614060A23415AF4DE7A492F656','16:51:27',1),(494,'Load Patient Visits','LAST NAME, ADMIN A.','LAST NAME, ADMIN A.','875242614060A23415AF4DE7A492F656','16:51:30',1),(495,'Add Follow Up patient in Plasma Cell ','ANTHONY, PLASMA A.','LAST NAME, ADMIN A.','875242614060A23415AF4DE7A492F656','16:51:49',1),(496,'Load Patients','LAST NAME, ADMIN A.','LAST NAME, ADMIN A.','875242614060A23415AF4DE7A492F656','16:51:54',1),(497,'Load patient in Plasma Cell Baseline','ANTHONY, PLASMA A.','LAST NAME, ADMIN A.','875242614060A23415AF4DE7A492F656','16:51:56',1),(498,'Load Patient Visits','LAST NAME, ADMIN A.','LAST NAME, ADMIN A.','875242614060A23415AF4DE7A492F656','16:52:00',1),(499,'Add Follow Up patient in Plasma Cell ','ANTHONY, PLASMA A.','LAST NAME, ADMIN A.','875242614060A23415AF4DE7A492F656','16:52:47',1),(500,'Load Patients','LAST NAME, ADMIN A.','LAST NAME, ADMIN A.','875242614060A23415AF4DE7A492F656','16:52:51',1),(501,'Load patient in Plasma Cell Baseline','ANTHONY, PLASMA A.','LAST NAME, ADMIN A.','875242614060A23415AF4DE7A492F656','16:52:54',1),(502,'Load Patient Visits','LAST NAME, ADMIN A.','LAST NAME, ADMIN A.','875242614060A23415AF4DE7A492F656','16:52:58',1),(503,'Add Follow Up patient in Plasma Cell ','ANTHONY, PLASMA A.','LAST NAME, ADMIN A.','875242614060A23415AF4DE7A492F656','16:53:38',1),(504,'Load Patients','LAST NAME, ADMIN A.','LAST NAME, ADMIN A.','875242614060A23415AF4DE7A492F656','16:53:43',1),(505,'Load patient in Plasma Cell Baseline','ANTHONY, PLASMA A.','LAST NAME, ADMIN A.','875242614060A23415AF4DE7A492F656','16:53:46',1),(506,'Load Patient Visits','LAST NAME, ADMIN A.','LAST NAME, ADMIN A.','875242614060A23415AF4DE7A492F656','16:53:49',1),(507,'Add Follow Up patient in Plasma Cell ','ANTHONY, PLASMA A.','LAST NAME, ADMIN A.','875242614060A23415AF4DE7A492F656','16:54:03',1),(508,'Load Patients','LAST NAME, ADMIN A.','LAST NAME, ADMIN A.','875242614060A23415AF4DE7A492F656','16:54:07',1),(509,'Load patient in Plasma Cell Baseline','ANTHONY, PLASMA A.','LAST NAME, ADMIN A.','875242614060A23415AF4DE7A492F656','16:54:10',1),(510,'Load Patient Visits','LAST NAME, ADMIN A.','LAST NAME, ADMIN A.','875242614060A23415AF4DE7A492F656','16:54:14',1),(511,'Add Follow Up patient in Plasma Cell ','ANTHONY, PLASMA A.','LAST NAME, ADMIN A.','875242614060A23415AF4DE7A492F656','16:55:15',1),(512,'Load Patients','LAST NAME, ADMIN A.','LAST NAME, ADMIN A.','875242614060A23415AF4DE7A492F656','16:55:19',1),(513,'Load patient in Plasma Cell Baseline','ANTHONY, PLASMA A.','LAST NAME, ADMIN A.','875242614060A23415AF4DE7A492F656','16:55:22',1),(514,'Load Patient Visits','LAST NAME, ADMIN A.','LAST NAME, ADMIN A.','875242614060A23415AF4DE7A492F656','16:55:26',1),(515,'Add Follow Up patient in Plasma Cell ','ANTHONY, PLASMA A.','LAST NAME, ADMIN A.','875242614060A23415AF4DE7A492F656','16:55:55',1),(516,'Load Patients','LAST NAME, ADMIN A.','LAST NAME, ADMIN A.','875242614060A23415AF4DE7A492F656','16:56:00',1),(517,'Load patient in Plasma Cell Baseline','ANTHONY, PLASMA A.','LAST NAME, ADMIN A.','875242614060A23415AF4DE7A492F656','16:56:02',1),(518,'Load Patient Visits','LAST NAME, ADMIN A.','LAST NAME, ADMIN A.','875242614060A23415AF4DE7A492F656','16:56:06',1),(519,'Add Follow Up patient in Plasma Cell ','ANTHONY, PLASMA A.','LAST NAME, ADMIN A.','875242614060A23415AF4DE7A492F656','16:57:15',1),(520,'Load Patients','LAST NAME, ADMIN A.','LAST NAME, ADMIN A.','875242614060A23415AF4DE7A492F656','16:57:19',1),(521,'Load patient in Plasma Cell Baseline','ANTHONY, PLASMA A.','LAST NAME, ADMIN A.','875242614060A23415AF4DE7A492F656','16:57:22',1),(522,'Load Patient Visits','LAST NAME, ADMIN A.','LAST NAME, ADMIN A.','875242614060A23415AF4DE7A492F656','16:57:26',1),(523,'Add Follow Up patient in Plasma Cell ','ANTHONY, PLASMA A.','LAST NAME, ADMIN A.','875242614060A23415AF4DE7A492F656','16:58:45',1),(524,'Load Patients','LAST NAME, ADMIN A.','LAST NAME, ADMIN A.','875242614060A23415AF4DE7A492F656','16:58:50',1),(525,'Load patient in Plasma Cell Baseline','ANTHONY, PLASMA A.','LAST NAME, ADMIN A.','875242614060A23415AF4DE7A492F656','16:58:52',1),(526,'Load Patient Visits','LAST NAME, ADMIN A.','LAST NAME, ADMIN A.','875242614060A23415AF4DE7A492F656','16:58:56',1),(527,'Add Follow Up patient in Plasma Cell ','ANTHONY, PLASMA A.','LAST NAME, ADMIN A.','875242614060A23415AF4DE7A492F656','17:00:07',1),(528,'Load Patients','LAST NAME, ADMIN A.','LAST NAME, ADMIN A.','875242614060A23415AF4DE7A492F656','17:00:11',1),(529,'Load patient in Plasma Cell Baseline','ANTHONY, PLASMA A.','LAST NAME, ADMIN A.','875242614060A23415AF4DE7A492F656','17:00:14',1),(530,'Load Patient Visits','LAST NAME, ADMIN A.','LAST NAME, ADMIN A.','875242614060A23415AF4DE7A492F656','17:00:18',1),(531,'Add Follow Up patient in Plasma Cell ','ANTHONY, PLASMA A.','LAST NAME, ADMIN A.','875242614060A23415AF4DE7A492F656','17:00:46',1),(532,'Load Patients','LAST NAME, ADMIN A.','LAST NAME, ADMIN A.','875242614060A23415AF4DE7A492F656','17:00:50',1),(533,'Load patient in Plasma Cell Baseline','ANTHONY, PLASMA A.','LAST NAME, ADMIN A.','875242614060A23415AF4DE7A492F656','17:00:53',1),(534,'Load Patient Visits','LAST NAME, ADMIN A.','LAST NAME, ADMIN A.','875242614060A23415AF4DE7A492F656','17:00:56',1),(535,'Add Follow Up patient in Plasma Cell ','ANTHONY, PLASMA A.','LAST NAME, ADMIN A.','875242614060A23415AF4DE7A492F656','17:02:11',1),(536,'Load Patients','LAST NAME, ADMIN A.','LAST NAME, ADMIN A.','875242614060A23415AF4DE7A492F656','17:02:16',1),(537,'Load patient in Plasma Cell Baseline','ANTHONY, PLASMA A.','LAST NAME, ADMIN A.','875242614060A23415AF4DE7A492F656','17:02:19',1),(538,'Load Patient Visits','LAST NAME, ADMIN A.','LAST NAME, ADMIN A.','875242614060A23415AF4DE7A492F656','17:02:22',1),(539,'Add Follow Up patient in Plasma Cell ','ANTHONY, PLASMA A.','LAST NAME, ADMIN A.','875242614060A23415AF4DE7A492F656','17:03:37',1),(540,'Load Patients','LAST NAME, ADMIN A.','LAST NAME, ADMIN A.','875242614060A23415AF4DE7A492F656','17:03:42',1),(541,'Load patient in Plasma Cell Baseline','ANTHONY, PLASMA A.','LAST NAME, ADMIN A.','875242614060A23415AF4DE7A492F656','17:03:45',1),(542,'Load Patient Visits','LAST NAME, ADMIN A.','LAST NAME, ADMIN A.','875242614060A23415AF4DE7A492F656','17:03:48',1),(543,'Add Follow Up patient in Plasma Cell ','ANTHONY, PLASMA A.','LAST NAME, ADMIN A.','875242614060A23415AF4DE7A492F656','17:04:15',1),(544,'Load Patients','LAST NAME, ADMIN A.','LAST NAME, ADMIN A.','875242614060A23415AF4DE7A492F656','17:04:20',1),(545,'Load patient in Plasma Cell Baseline','ANTHONY, PLASMA A.','LAST NAME, ADMIN A.','875242614060A23415AF4DE7A492F656','17:04:23',1),(546,'Load Patient Visits','LAST NAME, ADMIN A.','LAST NAME, ADMIN A.','875242614060A23415AF4DE7A492F656','17:04:26',1),(547,'Add Follow Up patient in Plasma Cell ','ANTHONY, PLASMA A.','LAST NAME, ADMIN A.','875242614060A23415AF4DE7A492F656','17:05:20',1),(548,'Load Patients','LAST NAME, ADMIN A.','LAST NAME, ADMIN A.','875242614060A23415AF4DE7A492F656','17:05:25',1),(549,'Load patient in Plasma Cell Baseline','ANTHONY, PLASMA A.','LAST NAME, ADMIN A.','875242614060A23415AF4DE7A492F656','17:05:28',1),(550,'Load Patient Visits','LAST NAME, ADMIN A.','LAST NAME, ADMIN A.','875242614060A23415AF4DE7A492F656','17:05:31',1),(551,'Add Follow Up patient in Plasma Cell ','ANTHONY, PLASMA A.','LAST NAME, ADMIN A.','875242614060A23415AF4DE7A492F656','17:06:15',1),(552,'Load Patients','LAST NAME, ADMIN A.','LAST NAME, ADMIN A.','875242614060A23415AF4DE7A492F656','17:06:19',1),(553,'Load patient in Platelet Disorder Baseline','ZOFIA, PLATELET Z.','LAST NAME, ADMIN A.','875242614060A23415AF4DE7A492F656','17:06:22',1),(554,'Load Patient Visits','LAST NAME, ADMIN A.','LAST NAME, ADMIN A.','875242614060A23415AF4DE7A492F656','17:06:27',1),(555,'Add Follow Up patient in Platelet Disorder','ZOFIA, PLATELET Z.','LAST NAME, ADMIN A.','875242614060A23415AF4DE7A492F656','17:06:35',1),(556,'Load Patients','LAST NAME, ADMIN A.','LAST NAME, ADMIN A.','875242614060A23415AF4DE7A492F656','17:06:39',1),(557,'Load patient in Platelet Disorder Baseline','ZOFIA, PLATELET Z.','LAST NAME, ADMIN A.','875242614060A23415AF4DE7A492F656','17:06:42',1),(558,'Load Patient Visits','LAST NAME, ADMIN A.','LAST NAME, ADMIN A.','875242614060A23415AF4DE7A492F656','17:06:45',1),(559,'Add Follow Up patient in Platelet Disorder','ZOFIA, PLATELET Z.','LAST NAME, ADMIN A.','875242614060A23415AF4DE7A492F656','17:06:54',1),(560,'Load Patients','LAST NAME, ADMIN A.','LAST NAME, ADMIN A.','875242614060A23415AF4DE7A492F656','17:06:57',1),(561,'Load patient in Platelet Disorder Baseline','ZOFIA, PLATELET Z.','LAST NAME, ADMIN A.','875242614060A23415AF4DE7A492F656','17:07:00',1),(562,'Load Patient Visits','LAST NAME, ADMIN A.','LAST NAME, ADMIN A.','875242614060A23415AF4DE7A492F656','17:07:04',1),(563,'Add Follow Up patient in Platelet Disorder','ZOFIA, PLATELET Z.','LAST NAME, ADMIN A.','875242614060A23415AF4DE7A492F656','17:07:13',1),(564,'Load Patients','LAST NAME, ADMIN A.','LAST NAME, ADMIN A.','875242614060A23415AF4DE7A492F656','17:07:16',1),(565,'Load patient in Platelet Disorder Baseline','ZOFIA, PLATELET Z.','LAST NAME, ADMIN A.','875242614060A23415AF4DE7A492F656','17:07:19',1),(566,'Load Patient Visits','LAST NAME, ADMIN A.','LAST NAME, ADMIN A.','875242614060A23415AF4DE7A492F656','17:07:23',1),(567,'Add Follow Up patient in Platelet Disorder','ZOFIA, PLATELET Z.','LAST NAME, ADMIN A.','875242614060A23415AF4DE7A492F656','17:07:31',1),(568,'Load Patients','LAST NAME, ADMIN A.','LAST NAME, ADMIN A.','875242614060A23415AF4DE7A492F656','17:07:35',1),(569,'Load patient in Platelet Disorder Baseline','ZOFIA, PLATELET Z.','LAST NAME, ADMIN A.','875242614060A23415AF4DE7A492F656','17:07:38',1),(570,'Load Patient Visits','LAST NAME, ADMIN A.','LAST NAME, ADMIN A.','875242614060A23415AF4DE7A492F656','17:07:42',1),(571,'Add Follow Up patient in Platelet Disorder','ZOFIA, PLATELET Z.','LAST NAME, ADMIN A.','875242614060A23415AF4DE7A492F656','17:07:50',1),(572,'Load Patients','LAST NAME, ADMIN A.','LAST NAME, ADMIN A.','875242614060A23415AF4DE7A492F656','17:07:55',1),(573,'Load patient in Platelet Disorder Baseline','ZOFIA, PLATELET Z.','LAST NAME, ADMIN A.','875242614060A23415AF4DE7A492F656','17:07:58',1),(574,'Load Patient Visits','LAST NAME, ADMIN A.','LAST NAME, ADMIN A.','875242614060A23415AF4DE7A492F656','17:08:02',1),(575,'Add Follow Up patient in Platelet Disorder','ZOFIA, PLATELET Z.','LAST NAME, ADMIN A.','875242614060A23415AF4DE7A492F656','17:08:10',1),(576,'Load Patients','LAST NAME, ADMIN A.','LAST NAME, ADMIN A.','875242614060A23415AF4DE7A492F656','17:08:14',1),(577,'Load patient in Platelet Disorder Baseline','ZOFIA, PLATELET Z.','LAST NAME, ADMIN A.','875242614060A23415AF4DE7A492F656','17:08:17',1),(578,'Load Patient Visits','LAST NAME, ADMIN A.','LAST NAME, ADMIN A.','875242614060A23415AF4DE7A492F656','17:08:20',1),(579,'Add Follow Up patient in Platelet Disorder','ZOFIA, PLATELET Z.','LAST NAME, ADMIN A.','875242614060A23415AF4DE7A492F656','17:08:29',1),(580,'Load Patients','LAST NAME, ADMIN A.','LAST NAME, ADMIN A.','875242614060A23415AF4DE7A492F656','17:08:33',1),(581,'Load patient in Platelet Disorder Baseline','ZOFIA, PLATELET Z.','LAST NAME, ADMIN A.','875242614060A23415AF4DE7A492F656','17:08:36',1),(582,'Load Patient Visits','LAST NAME, ADMIN A.','LAST NAME, ADMIN A.','875242614060A23415AF4DE7A492F656','17:08:40',1),(583,'Add Follow Up patient in Platelet Disorder','ZOFIA, PLATELET Z.','LAST NAME, ADMIN A.','875242614060A23415AF4DE7A492F656','17:08:48',1),(584,'Load Patients','LAST NAME, ADMIN A.','LAST NAME, ADMIN A.','875242614060A23415AF4DE7A492F656','17:08:53',1),(585,'Load patient in Platelet Disorder Baseline','ZOFIA, PLATELET Z.','LAST NAME, ADMIN A.','875242614060A23415AF4DE7A492F656','17:08:56',1),(586,'Load Patient Visits','LAST NAME, ADMIN A.','LAST NAME, ADMIN A.','875242614060A23415AF4DE7A492F656','17:09:00',1),(587,'Add Follow Up patient in Platelet Disorder','ZOFIA, PLATELET Z.','LAST NAME, ADMIN A.','875242614060A23415AF4DE7A492F656','17:09:08',1),(588,'Load Patients','LAST NAME, ADMIN A.','LAST NAME, ADMIN A.','875242614060A23415AF4DE7A492F656','17:09:12',1),(589,'Load patient in Platelet Disorder Baseline','ZOFIA, PLATELET Z.','LAST NAME, ADMIN A.','875242614060A23415AF4DE7A492F656','17:09:15',1),(590,'Load Patient Visits','LAST NAME, ADMIN A.','LAST NAME, ADMIN A.','875242614060A23415AF4DE7A492F656','17:09:18',1),(591,'Add Follow Up patient in Platelet Disorder','ZOFIA, PLATELET Z.','LAST NAME, ADMIN A.','875242614060A23415AF4DE7A492F656','17:09:27',1),(592,'Load Patients','LAST NAME, ADMIN A.','LAST NAME, ADMIN A.','875242614060A23415AF4DE7A492F656','17:09:31',1),(593,'Load patient in Platelet Disorder Baseline','ZOFIA, PLATELET Z.','LAST NAME, ADMIN A.','875242614060A23415AF4DE7A492F656','17:09:34',1),(594,'Load Patient Visits','LAST NAME, ADMIN A.','LAST NAME, ADMIN A.','875242614060A23415AF4DE7A492F656','17:09:38',1),(595,'Add Follow Up patient in Platelet Disorder','ZOFIA, PLATELET Z.','LAST NAME, ADMIN A.','875242614060A23415AF4DE7A492F656','17:09:46',1),(596,'Load Patients','LAST NAME, ADMIN A.','LAST NAME, ADMIN A.','875242614060A23415AF4DE7A492F656','17:09:51',1),(597,'Load patient in Platelet Disorder Baseline','ZOFIA, PLATELET Z.','LAST NAME, ADMIN A.','875242614060A23415AF4DE7A492F656','17:09:54',1),(598,'Load Patient Visits','LAST NAME, ADMIN A.','LAST NAME, ADMIN A.','875242614060A23415AF4DE7A492F656','17:09:57',1),(599,'Add Follow Up patient in Platelet Disorder','ZOFIA, PLATELET Z.','LAST NAME, ADMIN A.','875242614060A23415AF4DE7A492F656','17:10:06',1),(600,'Load Patients','LAST NAME, ADMIN A.','LAST NAME, ADMIN A.','875242614060A23415AF4DE7A492F656','17:10:10',1),(601,'Load patient in Platelet Disorder Baseline','ZOFIA, PLATELET Z.','LAST NAME, ADMIN A.','875242614060A23415AF4DE7A492F656','17:10:13',1),(602,'Load Patient Visits','LAST NAME, ADMIN A.','LAST NAME, ADMIN A.','875242614060A23415AF4DE7A492F656','17:10:17',1),(603,'Add Follow Up patient in Platelet Disorder','ZOFIA, PLATELET Z.','LAST NAME, ADMIN A.','875242614060A23415AF4DE7A492F656','17:10:25',1),(604,'Load Patients','LAST NAME, ADMIN A.','LAST NAME, ADMIN A.','875242614060A23415AF4DE7A492F656','17:10:30',1),(605,'Load patient in Platelet Disorder Baseline','ZOFIA, PLATELET Z.','LAST NAME, ADMIN A.','875242614060A23415AF4DE7A492F656','17:10:33',1),(606,'Load Patient Visits','LAST NAME, ADMIN A.','LAST NAME, ADMIN A.','875242614060A23415AF4DE7A492F656','17:10:36',1),(607,'Add Follow Up patient in Platelet Disorder','ZOFIA, PLATELET Z.','LAST NAME, ADMIN A.','875242614060A23415AF4DE7A492F656','17:10:44',1),(608,'Load Patients','LAST NAME, ADMIN A.','LAST NAME, ADMIN A.','875242614060A23415AF4DE7A492F656','17:10:49',1),(609,'Load patient in Platelet Disorder Baseline','ZOFIA, PLATELET Z.','LAST NAME, ADMIN A.','875242614060A23415AF4DE7A492F656','17:10:52',1),(610,'Load Patient Visits','LAST NAME, ADMIN A.','LAST NAME, ADMIN A.','875242614060A23415AF4DE7A492F656','17:10:56',1),(611,'Add Follow Up patient in Platelet Disorder','ZOFIA, PLATELET Z.','LAST NAME, ADMIN A.','875242614060A23415AF4DE7A492F656','17:11:04',1),(612,'Dashboard page - Viewing of diseases accessed','LAST NAME, ADMIN A.','LAST NAME, ADMIN A.','875242614060A23415AF4DE7A492F656','17:11:25',1),(613,'Dashboard page - Viewing of diseases accessed','LAST NAME, ADMIN A.','LAST NAME, ADMIN A.','875242614060A23415AF4DE7A492F656','17:11:30',1),(614,'Dashboard page - Viewing of diseases accessed','LAST NAME, ADMIN A.','LAST NAME, ADMIN A.','875242614060A23415AF4DE7A492F656','17:11:36',1);
/*!40000 ALTER TABLE `audittable` ENABLE KEYS */;
UNLOCK TABLES;

--
-- Table structure for table `bloodchemistrytable`
--

DROP TABLE IF EXISTS `bloodchemistrytable`;
/*!40101 SET @saved_cs_client     = @@character_set_client */;
/*!40101 SET character_set_client = utf8 */;
CREATE TABLE `bloodchemistrytable` (
  `BloodChemistryID` int(11) NOT NULL AUTO_INCREMENT,
  `BloodUreaNitrogen` double DEFAULT NULL,
  `Creatinine` double DEFAULT NULL,
  `UricAcid` double DEFAULT NULL,
  `SGOT` double DEFAULT NULL,
  `SGPT` double DEFAULT NULL,
  `LDH` double DEFAULT NULL,
  `EPOLevel` double DEFAULT NULL,
  `Na` double DEFAULT NULL,
  `K` double DEFAULT NULL,
  `BilirubinTotal` double DEFAULT NULL,
  `BilirubinDirect` double DEFAULT NULL,
  `BilirubinIndirect` double DEFAULT NULL,
  `Beta2Microglobulin` double DEFAULT NULL,
  `HepatitisBTesting` double DEFAULT NULL,
  `ESR` double DEFAULT NULL,
  `iCa` double DEFAULT NULL,
  `TotalProtein` double DEFAULT NULL,
  `Albumin` double DEFAULT NULL,
  `Globulin` double DEFAULT NULL,
  `ANATiter` double DEFAULT NULL,
  `HepatitisCRna` double DEFAULT NULL,
  PRIMARY KEY (`BloodChemistryID`)
) ENGINE=InnoDB AUTO_INCREMENT=138 DEFAULT CHARSET=latin1;
/*!40101 SET character_set_client = @saved_cs_client */;

--
-- Dumping data for table `bloodchemistrytable`
--

LOCK TABLES `bloodchemistrytable` WRITE;
/*!40000 ALTER TABLE `bloodchemistrytable` DISABLE KEYS */;
INSERT INTO `bloodchemistrytable` VALUES (1,NULL,1.8,1.9,3.4,3.5,4,NULL,2.7,2.8,NULL,NULL,NULL,NULL,NULL,NULL,NULL,NULL,NULL,NULL,NULL,NULL),(2,NULL,1.8,1.9,3.4,3.5,4,NULL,2.7,2.8,NULL,NULL,NULL,NULL,NULL,NULL,NULL,NULL,NULL,NULL,NULL,NULL),(3,NULL,1.8,1.9,3.4,3.5,4,NULL,2.7,2.8,NULL,NULL,NULL,NULL,NULL,NULL,NULL,NULL,NULL,NULL,NULL,NULL),(4,NULL,1.8,1.9,3.4,3.5,4,NULL,2.7,2.8,NULL,NULL,NULL,NULL,NULL,NULL,NULL,NULL,NULL,NULL,NULL,NULL),(5,NULL,1.8,1.9,3.4,3.5,4,NULL,2.7,2.8,NULL,NULL,NULL,NULL,NULL,NULL,NULL,NULL,NULL,NULL,NULL,NULL),(6,NULL,1.8,1.9,3.4,3.5,4,NULL,2.7,2.8,NULL,NULL,NULL,NULL,NULL,NULL,NULL,NULL,NULL,NULL,NULL,NULL),(7,NULL,1.8,1.9,3.4,3.5,4,NULL,2.7,2.8,NULL,NULL,NULL,NULL,NULL,NULL,NULL,NULL,NULL,NULL,NULL,NULL),(8,NULL,1.8,1.9,3.4,3.5,4,NULL,2.7,2.8,NULL,NULL,NULL,NULL,NULL,NULL,NULL,NULL,NULL,NULL,NULL,NULL),(9,NULL,1.8,1.9,3.4,3.5,4,NULL,2.7,2.8,NULL,NULL,NULL,NULL,NULL,NULL,NULL,NULL,NULL,NULL,NULL,NULL),(10,NULL,1.8,1.9,3.4,3.5,4,NULL,2.7,2.8,NULL,NULL,NULL,NULL,NULL,NULL,NULL,NULL,NULL,NULL,NULL,NULL),(11,NULL,1.8,1.9,3.4,3.5,4,NULL,2.7,2.8,NULL,NULL,NULL,NULL,NULL,NULL,NULL,NULL,NULL,NULL,NULL,NULL),(12,NULL,1.8,1.9,3.4,3.5,4,NULL,2.7,2.8,NULL,NULL,NULL,NULL,NULL,NULL,NULL,NULL,NULL,NULL,NULL,NULL),(13,NULL,1.8,1.9,3.4,3.5,4,NULL,2.7,2.8,NULL,NULL,NULL,NULL,NULL,NULL,NULL,NULL,NULL,NULL,NULL,NULL),(14,NULL,1.8,1.9,3.4,3.5,4,NULL,2.7,2.8,NULL,NULL,NULL,NULL,NULL,NULL,NULL,NULL,NULL,NULL,NULL,NULL),(15,NULL,1.8,1.9,3.4,3.5,4,NULL,2.7,2.8,NULL,NULL,NULL,NULL,NULL,NULL,NULL,NULL,NULL,NULL,NULL,NULL),(16,NULL,1.8,1.9,3.4,3.5,4,NULL,2.7,2.8,NULL,NULL,NULL,NULL,NULL,NULL,NULL,NULL,NULL,NULL,NULL,NULL),(17,NULL,1.8,1.9,3.4,3.5,4,NULL,2.7,2.8,NULL,NULL,NULL,NULL,NULL,NULL,NULL,NULL,NULL,NULL,NULL,NULL),(18,NULL,1.8,1.9,3.4,3.5,4,NULL,2.7,2.8,NULL,NULL,NULL,NULL,NULL,NULL,NULL,NULL,NULL,NULL,NULL,NULL),(19,NULL,1.8,1.9,3.4,3.5,4,NULL,2.7,2.8,NULL,NULL,NULL,NULL,NULL,NULL,NULL,NULL,NULL,NULL,NULL,NULL),(20,NULL,1.8,1.9,3.4,3.5,4,NULL,2.7,2.8,NULL,NULL,NULL,NULL,NULL,NULL,NULL,NULL,NULL,NULL,NULL,NULL),(21,NULL,1.8,1.9,3.4,3.5,4,NULL,2.7,2.8,NULL,NULL,NULL,NULL,NULL,NULL,NULL,NULL,NULL,NULL,NULL,NULL),(22,NULL,1.8,1.9,3.4,3.5,4,NULL,2.7,2.8,3,3.2,3.3,3.8,3.9,4.1,NULL,NULL,NULL,NULL,NULL,NULL),(23,NULL,1.8,1.9,3.4,3.5,4,NULL,2.7,2.8,3,3.2,3.3,3.8,3.9,4.1,NULL,NULL,NULL,NULL,NULL,NULL),(24,NULL,1.8,1.9,3.4,3.5,4,NULL,2.7,2.8,3,3.2,3.3,3.8,3.9,4.1,NULL,NULL,NULL,NULL,NULL,NULL),(25,NULL,1.8,1.9,3.4,3.5,4,NULL,2.7,2.8,3,3.2,3.3,3.8,3.9,4.1,NULL,NULL,NULL,NULL,NULL,NULL),(26,NULL,1.8,1.9,3.4,3.5,4,NULL,2.7,2.8,3,3.2,3.3,3.8,3.9,4.1,NULL,NULL,NULL,NULL,NULL,NULL),(27,NULL,1.8,1.9,3.4,3.5,4,NULL,2.7,2.8,3,3.2,3.3,3.8,3.9,4.1,NULL,NULL,NULL,NULL,NULL,NULL),(28,NULL,1.8,1.9,3.4,3.5,4,NULL,2.7,2.8,3,3.2,3.3,3.8,3.9,4.1,NULL,NULL,NULL,NULL,NULL,NULL),(29,NULL,1.8,1.9,3.4,3.5,4,NULL,2.7,2.8,3,3.2,3.3,3.8,3.9,4.1,NULL,NULL,NULL,NULL,NULL,NULL),(30,NULL,1.8,1.9,3.4,3.5,4,NULL,2.7,2.8,3,3.2,3.3,3.8,3.9,4.1,NULL,NULL,NULL,NULL,NULL,NULL),(31,NULL,1.8,1.9,3.4,3.5,4,NULL,2.7,2.8,3,3.2,3.3,3.8,3.9,4.1,NULL,NULL,NULL,NULL,NULL,NULL),(32,NULL,1.8,1.9,3.4,3.5,4,NULL,2.7,2.8,3,3.2,3.3,3.8,3.9,4.1,NULL,NULL,NULL,NULL,NULL,NULL),(33,NULL,1.8,1.9,3.4,3.5,4,NULL,2.7,2.8,3,3.2,3.3,3.8,3.9,4.1,NULL,NULL,NULL,NULL,NULL,NULL),(34,NULL,1.8,1.9,3.4,3.5,4,5,NULL,NULL,NULL,NULL,NULL,NULL,NULL,NULL,NULL,NULL,NULL,NULL,NULL,NULL),(35,NULL,1.8,1.9,3.4,3.5,4,5,NULL,NULL,NULL,NULL,NULL,NULL,NULL,NULL,NULL,NULL,NULL,NULL,NULL,NULL),(36,NULL,1.8,1.9,3.4,3.5,4,5,NULL,NULL,NULL,NULL,NULL,NULL,NULL,NULL,NULL,NULL,NULL,NULL,NULL,NULL),(37,NULL,1.8,1.9,3.4,3.5,4,5,NULL,NULL,NULL,NULL,NULL,NULL,NULL,NULL,NULL,NULL,NULL,NULL,NULL,NULL),(38,NULL,1.8,1.9,3.4,3.5,4,5,NULL,NULL,NULL,NULL,NULL,NULL,NULL,NULL,NULL,NULL,NULL,NULL,NULL,NULL),(39,NULL,1.8,1.9,3.4,3.5,4,5,NULL,NULL,NULL,NULL,NULL,NULL,NULL,NULL,NULL,NULL,NULL,NULL,NULL,NULL),(40,NULL,1.8,1.9,3.4,3.5,4,5,NULL,NULL,NULL,NULL,NULL,NULL,NULL,NULL,NULL,NULL,NULL,NULL,NULL,NULL),(41,NULL,1.8,1.9,3.4,3.5,4,5,NULL,NULL,NULL,NULL,NULL,NULL,NULL,NULL,NULL,NULL,NULL,NULL,NULL,NULL),(42,NULL,1.8,1.9,3.4,3.5,4,5,NULL,NULL,NULL,NULL,NULL,NULL,NULL,NULL,NULL,NULL,NULL,NULL,NULL,NULL),(43,NULL,1.8,1.9,3.4,3.5,4,5,NULL,NULL,NULL,NULL,NULL,NULL,NULL,NULL,NULL,NULL,NULL,NULL,NULL,NULL),(44,NULL,1.8,1.9,3.4,3.5,4,5,NULL,NULL,NULL,NULL,NULL,NULL,NULL,NULL,NULL,NULL,NULL,NULL,NULL,NULL),(45,NULL,1.8,1.9,3.4,3.5,4,5,NULL,NULL,NULL,NULL,NULL,NULL,NULL,NULL,NULL,NULL,NULL,NULL,NULL,NULL),(46,NULL,1.8,1.9,3.4,3.5,4,5,NULL,NULL,NULL,NULL,NULL,NULL,NULL,NULL,NULL,NULL,NULL,NULL,NULL,NULL),(47,NULL,1.8,1.9,3.4,3.5,4,5,NULL,NULL,NULL,NULL,NULL,NULL,NULL,NULL,NULL,NULL,NULL,NULL,NULL,NULL),(48,NULL,1.8,1.9,3.4,3.5,4,5,NULL,NULL,NULL,NULL,NULL,NULL,NULL,NULL,NULL,NULL,NULL,NULL,NULL,NULL),(49,NULL,1.8,1.9,3.4,3.5,4,5,NULL,NULL,NULL,NULL,NULL,NULL,NULL,NULL,NULL,NULL,NULL,NULL,NULL,NULL),(50,NULL,1.8,1.9,3.4,3.5,4,5,NULL,NULL,NULL,NULL,NULL,NULL,NULL,NULL,NULL,NULL,NULL,NULL,NULL,NULL),(51,NULL,1.8,1.9,3.4,3.5,4,5,NULL,NULL,NULL,NULL,NULL,NULL,NULL,NULL,NULL,NULL,NULL,NULL,NULL,NULL),(52,NULL,1.8,1.9,3.4,3.5,4,5,NULL,NULL,NULL,NULL,NULL,NULL,NULL,NULL,NULL,NULL,NULL,NULL,NULL,NULL),(53,NULL,1.8,1.9,3.4,3.5,4,5,NULL,NULL,NULL,NULL,NULL,NULL,NULL,NULL,NULL,NULL,NULL,NULL,NULL,NULL),(54,NULL,1.8,1.9,3.4,3.5,4,5,NULL,NULL,NULL,NULL,NULL,NULL,NULL,NULL,NULL,NULL,NULL,NULL,NULL,NULL),(55,NULL,1.8,1.9,3.4,3.5,4,5,NULL,NULL,NULL,NULL,NULL,NULL,NULL,NULL,NULL,NULL,NULL,NULL,NULL,NULL),(56,NULL,1.8,1.9,3.4,3.5,4,5,NULL,NULL,NULL,NULL,NULL,NULL,NULL,NULL,NULL,NULL,NULL,NULL,NULL,NULL),(57,NULL,1.8,1.9,3.4,3.5,4,5,NULL,NULL,NULL,NULL,NULL,NULL,NULL,NULL,NULL,NULL,NULL,NULL,NULL,NULL),(58,1.7,1.8,1.9,NULL,NULL,4,NULL,2.7,2.8,NULL,NULL,NULL,3.8,NULL,NULL,2.6,3.1,3.6,3.7,NULL,NULL),(59,1.7,1.8,1.9,NULL,NULL,4,NULL,2.7,2.8,NULL,NULL,NULL,3.8,NULL,NULL,2.6,3.1,3.6,3.7,NULL,NULL),(60,1.7,1.8,1.9,NULL,NULL,4,NULL,2.7,2.8,NULL,NULL,NULL,3.8,NULL,NULL,2.6,3.1,3.6,3.7,NULL,NULL),(61,1.7,1.8,1.9,NULL,NULL,4,NULL,2.7,2.8,NULL,NULL,NULL,3.8,NULL,NULL,2.6,3.1,3.6,3.7,NULL,NULL),(62,1.7,1.8,1.9,NULL,NULL,4,NULL,2.7,2.8,NULL,NULL,NULL,3.8,NULL,NULL,2.6,3.1,3.6,3.7,NULL,NULL),(63,1.7,1.8,1.9,NULL,NULL,4,NULL,2.7,2.8,NULL,NULL,NULL,3.8,NULL,NULL,2.6,3.1,3.6,3.7,NULL,NULL),(64,1.7,1.8,1.9,NULL,NULL,4,NULL,2.7,2.8,NULL,NULL,NULL,3.8,NULL,NULL,2.6,3.1,3.6,3.7,NULL,NULL),(65,1.7,1.8,1.9,NULL,NULL,4,NULL,2.7,2.8,NULL,NULL,NULL,3.8,NULL,NULL,2.6,3.1,3.6,3.7,NULL,NULL),(66,1.7,1.8,1.9,NULL,NULL,4,NULL,2.7,2.8,NULL,NULL,NULL,3.8,NULL,NULL,2.6,3.1,3.6,3.7,NULL,NULL),(67,1.7,1.8,1.9,NULL,NULL,4,NULL,2.7,2.8,NULL,NULL,NULL,3.8,NULL,NULL,2.6,3.1,3.6,3.7,NULL,NULL),(68,1.7,1.8,1.9,NULL,NULL,4,NULL,2.7,2.8,NULL,NULL,NULL,3.8,NULL,NULL,2.6,3.1,3.6,3.7,NULL,NULL),(69,1.7,1.8,1.9,NULL,NULL,4,NULL,2.7,2.8,NULL,NULL,NULL,3.8,NULL,NULL,2.6,3.1,3.6,3.7,NULL,NULL),(70,1.7,1.8,1.9,NULL,NULL,4,NULL,2.7,2.8,NULL,NULL,NULL,3.8,NULL,NULL,2.6,3.1,3.6,3.7,NULL,NULL),(71,1.7,1.8,1.9,NULL,NULL,4,NULL,2.7,2.8,NULL,NULL,NULL,3.8,NULL,NULL,2.6,3.1,3.6,3.7,NULL,NULL),(72,1.7,1.8,1.9,NULL,NULL,4,NULL,2.7,2.8,NULL,NULL,NULL,3.8,NULL,NULL,2.6,3.1,3.6,3.7,NULL,NULL),(73,1.7,1.8,1.9,NULL,NULL,4,NULL,2.7,2.8,NULL,NULL,NULL,3.8,NULL,NULL,2.6,3.1,3.6,3.7,NULL,NULL),(74,1.7,1.8,1.9,NULL,NULL,4,NULL,2.7,2.8,NULL,NULL,NULL,3.8,NULL,NULL,2.6,3.1,3.6,3.7,NULL,NULL),(75,1.7,1.8,1.9,NULL,NULL,4,NULL,2.7,2.8,NULL,NULL,NULL,3.8,NULL,NULL,2.6,3.1,3.6,3.7,NULL,NULL),(76,1.7,1.8,1.9,NULL,NULL,4,NULL,2.7,2.8,NULL,NULL,NULL,3.8,NULL,NULL,2.6,3.1,3.6,3.7,NULL,NULL),(77,1.7,1.8,1.9,NULL,NULL,4,NULL,2.7,2.8,NULL,NULL,NULL,3.8,NULL,NULL,2.6,3.1,3.6,3.7,NULL,NULL),(78,NULL,1.8,1.9,3.4,3.5,4,NULL,2.7,2.8,NULL,NULL,NULL,NULL,NULL,NULL,NULL,NULL,NULL,NULL,4.2,4.3),(79,NULL,1.8,1.9,3.4,3.5,4,NULL,2.7,2.8,NULL,NULL,NULL,NULL,NULL,NULL,NULL,NULL,NULL,NULL,4.2,4.3),(80,NULL,1.8,1.9,3.4,3.5,4,NULL,2.7,2.8,NULL,NULL,NULL,NULL,NULL,NULL,NULL,NULL,NULL,NULL,4.2,4.3),(81,NULL,1.8,1.9,3.4,3.5,4,NULL,2.7,2.8,NULL,NULL,NULL,NULL,NULL,NULL,NULL,NULL,NULL,NULL,4.2,4.3),(82,NULL,1.8,1.9,3.4,3.5,4,NULL,2.7,2.8,NULL,NULL,NULL,NULL,NULL,NULL,NULL,NULL,NULL,NULL,4.2,4.3),(83,NULL,1.8,1.9,3.4,3.5,4,NULL,2.7,2.8,NULL,NULL,NULL,NULL,NULL,NULL,NULL,NULL,NULL,NULL,4.2,4.3),(84,NULL,1.8,1.9,3.4,3.5,4,NULL,2.7,2.8,NULL,NULL,NULL,NULL,NULL,NULL,NULL,NULL,NULL,NULL,4.2,4.3),(85,NULL,1.8,1.9,3.4,3.5,4,NULL,2.7,2.8,NULL,NULL,NULL,NULL,NULL,NULL,NULL,NULL,NULL,NULL,4.2,4.3),(86,NULL,1.8,1.9,3.4,3.5,4,NULL,2.7,2.8,NULL,NULL,NULL,NULL,NULL,NULL,NULL,NULL,NULL,NULL,4.2,4.3),(87,NULL,1.8,1.9,3.4,3.5,4,NULL,2.7,2.8,NULL,NULL,NULL,NULL,NULL,NULL,NULL,NULL,NULL,NULL,4.2,4.3),(88,NULL,1.8,1.9,3.4,3.5,4,NULL,2.7,2.8,NULL,NULL,NULL,NULL,NULL,NULL,NULL,NULL,NULL,NULL,4.2,4.3),(89,NULL,1.8,1.9,3.4,3.5,4,NULL,2.7,2.8,NULL,NULL,NULL,NULL,NULL,NULL,NULL,NULL,NULL,NULL,4.2,4.3),(90,NULL,1.8,1.9,3.4,3.5,4,NULL,2.7,2.8,NULL,NULL,NULL,NULL,NULL,NULL,NULL,NULL,NULL,NULL,4.2,4.3),(91,NULL,1.8,1.9,3.4,3.5,4,NULL,2.7,2.8,NULL,NULL,NULL,NULL,NULL,NULL,NULL,NULL,NULL,NULL,4.2,4.3),(92,NULL,1.8,1.9,3.4,3.5,4,NULL,2.7,2.8,NULL,NULL,NULL,NULL,NULL,NULL,NULL,NULL,NULL,NULL,4.2,4.3),(93,NULL,NULL,NULL,NULL,NULL,1.4,NULL,NULL,NULL,NULL,NULL,NULL,NULL,NULL,1.5,NULL,NULL,NULL,NULL,NULL,NULL),(94,NULL,NULL,NULL,NULL,NULL,1.4,NULL,NULL,NULL,NULL,NULL,NULL,NULL,NULL,1.5,NULL,NULL,NULL,NULL,NULL,NULL),(95,NULL,NULL,NULL,NULL,NULL,1.4,NULL,NULL,NULL,NULL,NULL,NULL,NULL,NULL,1.5,NULL,NULL,NULL,NULL,NULL,NULL),(96,NULL,NULL,NULL,NULL,NULL,1.4,NULL,NULL,NULL,NULL,NULL,NULL,NULL,NULL,1.5,NULL,NULL,NULL,NULL,NULL,NULL),(97,NULL,NULL,NULL,NULL,NULL,1.4,NULL,NULL,NULL,NULL,NULL,NULL,NULL,NULL,1.5,NULL,NULL,NULL,NULL,NULL,NULL),(98,NULL,NULL,NULL,NULL,NULL,1.4,NULL,NULL,NULL,NULL,NULL,NULL,NULL,NULL,1.5,NULL,NULL,NULL,NULL,NULL,NULL),(99,NULL,NULL,NULL,NULL,NULL,1.4,NULL,NULL,NULL,NULL,NULL,NULL,NULL,NULL,1.5,NULL,NULL,NULL,NULL,NULL,NULL),(100,NULL,NULL,NULL,NULL,NULL,1.4,NULL,NULL,NULL,NULL,NULL,NULL,NULL,NULL,1.5,NULL,NULL,NULL,NULL,NULL,NULL),(101,NULL,NULL,NULL,NULL,NULL,1.4,NULL,NULL,NULL,NULL,NULL,NULL,NULL,NULL,1.5,NULL,NULL,NULL,NULL,NULL,NULL),(102,NULL,NULL,NULL,NULL,NULL,1.4,NULL,NULL,NULL,NULL,NULL,NULL,NULL,NULL,1.5,NULL,NULL,NULL,NULL,NULL,NULL),(103,NULL,NULL,NULL,NULL,NULL,1.4,NULL,NULL,NULL,NULL,NULL,NULL,NULL,NULL,1.5,NULL,NULL,NULL,NULL,NULL,NULL),(104,NULL,NULL,NULL,NULL,NULL,1.4,NULL,NULL,NULL,NULL,NULL,NULL,NULL,NULL,1.5,NULL,NULL,NULL,NULL,NULL,NULL),(105,NULL,NULL,NULL,NULL,NULL,1.4,NULL,NULL,NULL,NULL,NULL,NULL,NULL,NULL,1.5,NULL,NULL,NULL,NULL,NULL,NULL),(106,NULL,NULL,NULL,NULL,NULL,1.4,NULL,NULL,NULL,NULL,NULL,NULL,NULL,NULL,1.5,NULL,NULL,NULL,NULL,NULL,NULL),(107,NULL,NULL,NULL,NULL,NULL,1.4,NULL,NULL,NULL,NULL,NULL,NULL,NULL,NULL,1.5,NULL,NULL,NULL,NULL,NULL,NULL),(108,NULL,NULL,NULL,NULL,NULL,1.4,NULL,NULL,NULL,NULL,NULL,NULL,NULL,NULL,1.5,NULL,NULL,NULL,NULL,NULL,NULL),(109,NULL,NULL,NULL,NULL,NULL,1.4,NULL,NULL,NULL,NULL,NULL,NULL,NULL,NULL,1.5,NULL,NULL,NULL,NULL,NULL,NULL),(110,NULL,NULL,NULL,NULL,NULL,1.4,NULL,NULL,NULL,NULL,NULL,NULL,NULL,NULL,1.5,NULL,NULL,NULL,NULL,NULL,NULL),(111,NULL,1.7,NULL,NULL,NULL,NULL,NULL,NULL,NULL,NULL,NULL,NULL,NULL,NULL,NULL,1.8,1.9,2,2.1,NULL,NULL),(112,NULL,1.7,NULL,NULL,NULL,NULL,NULL,NULL,NULL,NULL,NULL,NULL,NULL,NULL,NULL,1.8,1.9,2,2.1,NULL,NULL),(113,NULL,1.7,NULL,NULL,NULL,NULL,NULL,NULL,NULL,NULL,NULL,NULL,NULL,NULL,NULL,1.8,1.9,2,2.1,NULL,NULL),(114,NULL,1.7,NULL,NULL,NULL,NULL,NULL,NULL,NULL,NULL,NULL,NULL,NULL,NULL,NULL,1.8,1.9,2,2.1,NULL,NULL),(115,NULL,1.7,NULL,NULL,NULL,NULL,NULL,NULL,NULL,NULL,NULL,NULL,NULL,NULL,NULL,1.8,1.9,2,2.1,NULL,NULL),(116,NULL,1.7,NULL,NULL,NULL,NULL,NULL,NULL,NULL,NULL,NULL,NULL,NULL,NULL,NULL,1.8,1.9,2,2.1,NULL,NULL),(117,NULL,1.7,NULL,NULL,NULL,NULL,NULL,NULL,NULL,NULL,NULL,NULL,NULL,NULL,NULL,1.8,1.9,2,2.1,NULL,NULL),(118,NULL,1.7,NULL,NULL,NULL,NULL,NULL,NULL,NULL,NULL,NULL,NULL,NULL,NULL,NULL,1.8,1.9,2,2.1,NULL,NULL),(119,NULL,1.7,NULL,NULL,NULL,NULL,NULL,NULL,NULL,NULL,NULL,NULL,NULL,NULL,NULL,1.8,1.9,2,2.1,NULL,NULL),(120,NULL,1.7,NULL,NULL,NULL,NULL,NULL,NULL,NULL,NULL,NULL,NULL,NULL,NULL,NULL,1.8,1.9,2,2.1,NULL,NULL),(121,NULL,1.7,NULL,NULL,NULL,NULL,NULL,NULL,NULL,NULL,NULL,NULL,NULL,NULL,NULL,1.8,1.9,2,2.1,NULL,NULL),(122,NULL,1.7,NULL,NULL,NULL,NULL,NULL,NULL,NULL,NULL,NULL,NULL,NULL,NULL,NULL,1.8,1.9,2,2.1,NULL,NULL),(123,NULL,1.7,NULL,NULL,NULL,NULL,NULL,NULL,NULL,NULL,NULL,NULL,NULL,NULL,NULL,1.8,1.9,2,2.1,NULL,NULL),(124,NULL,1.7,NULL,NULL,NULL,NULL,NULL,NULL,NULL,NULL,NULL,NULL,NULL,NULL,NULL,1.8,1.9,2,2.1,NULL,NULL),(125,NULL,1.7,NULL,NULL,NULL,NULL,NULL,NULL,NULL,NULL,NULL,NULL,NULL,NULL,NULL,1.8,1.9,2,2.1,NULL,NULL),(126,NULL,1.7,NULL,NULL,NULL,NULL,NULL,NULL,NULL,NULL,NULL,NULL,NULL,NULL,NULL,1.8,1.9,2,2.1,NULL,NULL),(127,NULL,1.7,NULL,NULL,NULL,NULL,NULL,NULL,NULL,NULL,NULL,NULL,NULL,NULL,NULL,1.8,1.9,2,2.1,NULL,NULL),(128,NULL,1.7,NULL,NULL,NULL,NULL,NULL,NULL,NULL,NULL,NULL,NULL,NULL,NULL,NULL,1.8,1.9,2,2.1,NULL,NULL),(129,NULL,1.7,NULL,NULL,NULL,NULL,NULL,NULL,NULL,NULL,NULL,NULL,NULL,NULL,NULL,1.8,1.9,2,2.1,NULL,NULL),(130,NULL,1.7,NULL,NULL,NULL,NULL,NULL,NULL,NULL,NULL,NULL,NULL,NULL,NULL,NULL,1.8,1.9,2,2.1,NULL,NULL),(131,NULL,1.7,NULL,NULL,NULL,NULL,NULL,NULL,NULL,NULL,NULL,NULL,NULL,NULL,NULL,1.8,1.9,2,2.1,NULL,NULL),(132,NULL,1.7,NULL,NULL,NULL,NULL,NULL,NULL,NULL,NULL,NULL,NULL,NULL,NULL,NULL,1.8,1.9,2,2.1,NULL,NULL),(133,NULL,1.7,NULL,NULL,NULL,NULL,NULL,NULL,NULL,NULL,NULL,NULL,NULL,NULL,NULL,1.8,1.9,2,2.1,NULL,NULL),(134,NULL,1.7,NULL,NULL,NULL,NULL,NULL,NULL,NULL,NULL,NULL,NULL,NULL,NULL,NULL,1.8,1.9,2,2.1,NULL,NULL),(135,NULL,1.7,NULL,NULL,NULL,NULL,NULL,NULL,NULL,NULL,NULL,NULL,NULL,NULL,NULL,1.8,1.9,2,2.1,NULL,NULL),(136,NULL,1.7,NULL,NULL,NULL,NULL,NULL,NULL,NULL,NULL,NULL,NULL,NULL,NULL,NULL,1.8,1.9,2,2.1,NULL,NULL),(137,NULL,1.7,NULL,NULL,NULL,NULL,NULL,NULL,NULL,NULL,NULL,NULL,NULL,NULL,NULL,1.8,1.9,2,2.1,NULL,NULL);
/*!40000 ALTER TABLE `bloodchemistrytable` ENABLE KEYS */;
UNLOCK TABLES;

--
-- Table structure for table `bonemarrowaspiratetable`
--

DROP TABLE IF EXISTS `bonemarrowaspiratetable`;
/*!40101 SET @saved_cs_client     = @@character_set_client */;
/*!40101 SET character_set_client = utf8 */;
CREATE TABLE `bonemarrowaspiratetable` (
  `BoneMarrowAspirateID` int(11) NOT NULL AUTO_INCREMENT,
  `DatePerformed` blob,
  `Result` blob,
  PRIMARY KEY (`BoneMarrowAspirateID`)
) ENGINE=InnoDB AUTO_INCREMENT=191 DEFAULT CHARSET=latin1;
/*!40101 SET character_set_client = @saved_cs_client */;

--
-- Dumping data for table `bonemarrowaspiratetable`
--

LOCK TABLES `bonemarrowaspiratetable` WRITE;
/*!40000 ALTER TABLE `bonemarrowaspiratetable` DISABLE KEYS */;
INSERT INTO `bonemarrowaspiratetable` VALUES (1,'2010-01-01','Bone Marrow Aspirate and Biopsy result'),(2,'2011-02-02','Bone Marrow Aspirate and Biopsy result'),(3,'',''),(4,'2013-04-04','Bone Marrow Aspirate and Biopsy result'),(5,'2014-05-05','Bone Marrow Aspirate and Biopsy result'),(6,'2010-01-06','Bone Marrow Aspirate and Biopsy result'),(7,'',''),(8,'2012-03-08','Bone Marrow Aspirate and Biopsy result'),(9,'2013-04-09','Bone Marrow Aspirate and Biopsy result'),(10,'2014-05-10','Bone Marrow Aspirate and Biopsy result'),(11,'',''),(12,'2012-03-08','Bone Marrow Aspirate and Biopsy result'),(13,'2013-04-09','Bone Marrow Aspirate and Biopsy result'),(14,'2014-05-10','Bone Marrow Aspirate and Biopsy result'),(15,'2014-05-10','Bone Marrow Aspirate and Biopsy result'),(16,'2010-01-01','Bone Marrow Aspirate and Biopsy result'),(17,'',''),(18,'2012-03-08','Bone Marrow Aspirate and Biopsy result'),(19,'2013-04-09','Bone Marrow Aspirate and Biopsy result'),(20,'2014-05-10','Bone Marrow Aspirate and Biopsy result'),(21,'',''),(22,'2014-05-05','Bone Marrow Aspirate and Biopsy result'),(23,'',''),(24,'2013-04-04','Bone Marrow Aspirate and Biopsy result'),(25,'2014-05-05','Bone Marrow Aspirate and Biopsy result'),(26,'',''),(27,'2011-02-02','Bone Marrow Aspirate and Biopsy result'),(28,'2012-03-03','Bone Marrow Aspirate and Biopsy result'),(29,'2013-04-04','Bone Marrow Aspirate and Biopsy result'),(30,'',''),(31,'',''),(32,'2011-02-02','Bone Marrow Aspirate and Biopsy result'),(33,'2012-03-03','Bone Marrow Aspirate and Biopsy result'),(34,'',''),(35,'2011-02-02','Bone Marrow Aspirate and Biopsy result'),(36,'2012-03-03','Bone Marrow Aspirate and Biopsy result'),(37,'',''),(38,'2011-02-02','Bone Marrow Aspirate and Biopsy result'),(39,'2012-03-03','Bone Marrow Aspirate and Biopsy result'),(40,'',''),(41,'2011-02-02','Bone Marrow Aspirate and Biopsy result'),(42,'2012-03-03','Bone Marrow Aspirate and Biopsy result'),(43,'2010-01-01','Bone Marrow Aspirate and Biopsy result'),(44,'2011-02-02','Bone Marrow Aspirate and Biopsy result'),(45,'',''),(46,'2013-04-04','Bone Marrow Aspirate and Biopsy result'),(47,'2014-05-05','Bone Marrow Aspirate and Biopsy result'),(48,'2010-01-01','Bone Marrow Aspirate and Biopsy result'),(49,'2011-02-02','Bone Marrow Aspirate and Biopsy result'),(50,'',''),(51,'2013-04-04','Bone Marrow Aspirate and Biopsy result'),(52,'2014-05-05','Bone Marrow Aspirate and Biopsy result'),(53,'2011-02-02','Bone Marrow Aspirate and Biopsy result'),(54,'',''),(55,'2013-04-04','Bone Marrow Aspirate and Biopsy result'),(56,'2014-05-05','Bone Marrow Aspirate and Biopsy result'),(57,'2011-02-02','Bone Marrow Aspirate and Biopsy result'),(58,'',''),(59,'2013-04-04','Bone Marrow Aspirate and Biopsy result'),(60,'2014-05-05','Bone Marrow Aspirate and Biopsy result'),(61,'2013-04-04','Bone Marrow Aspirate and Biopsy result'),(62,'2014-05-05','Bone Marrow Aspirate and Biopsy result'),(63,'2013-04-04','Bone Marrow Aspirate and Biopsy result'),(64,'2014-05-05','Bone Marrow Aspirate and Biopsy result'),(65,'2013-04-04','Bone Marrow Aspirate and Biopsy result'),(66,'2014-05-05','Bone Marrow Aspirate and Biopsy result'),(67,'',''),(68,'2011-02-02','Bone Marrow Aspirate and Biopsy result'),(69,'2012-03-03','Bone Marrow Aspirate and Biopsy result'),(70,'2013-04-04','Bone Marrow Aspirate and Biopsy result'),(71,'',''),(72,'',''),(73,'2011-02-02','Bone Marrow Aspirate and Biopsy result'),(74,'2012-03-03','Bone Marrow Aspirate and Biopsy result'),(75,'2013-04-04','Bone Marrow Aspirate and Biopsy result'),(76,'',''),(77,'',''),(78,'2011-02-02','Bone Marrow Aspirate and Biopsy result'),(79,'2012-03-03','Bone Marrow Aspirate and Biopsy result'),(80,'2013-04-04','Bone Marrow Aspirate and Biopsy result'),(81,'',''),(82,'',''),(83,'2011-02-02','Bone Marrow Aspirate and Biopsy result'),(84,'2012-03-03','Bone Marrow Aspirate and Biopsy result'),(85,'2013-04-04','Bone Marrow Aspirate and Biopsy result'),(86,'',''),(87,'2010-01-01','Bone Marrow Aspirate and Biopsy result'),(88,'2011-02-02','Bone Marrow Aspirate and Biopsy result'),(89,'',''),(90,'2013-04-04','Bone Marrow Aspirate and Biopsy result'),(91,'2014-05-05','Bone Marrow Aspirate and Biopsy result'),(92,'2010-01-01','Bone Marrow Aspirate and Biopsy result'),(93,'2011-02-02','Bone Marrow Aspirate and Biopsy result'),(94,'',''),(95,'2013-04-04','Bone Marrow Aspirate and Biopsy result'),(96,'2014-05-05','Bone Marrow Aspirate and Biopsy result'),(97,'2010-01-01','Bone Marrow Aspirate and Biopsy result'),(98,'2011-02-02','Bone Marrow Aspirate and Biopsy result'),(99,'',''),(100,'2013-04-04','Bone Marrow Aspirate and Biopsy result'),(101,'2014-05-05','Bone Marrow Aspirate and Biopsy result'),(102,'2018-03-03','Bone Marrow Aspirate'),(103,'',''),(104,'2018-03-05','Bone Marrow Aspirate'),(105,'2018-03-03','Bone Marrow Aspirate'),(106,'',''),(107,'2018-03-05','Bone Marrow Aspirate'),(108,'2018-03-03','Bone Marrow Aspirate'),(109,'',''),(110,'2018-03-03','Bone Marrow Aspirate'),(111,'',''),(112,'2018-03-05','Bone Marrow Aspirate'),(113,'2018-03-09','Bone Marrow Aspirate'),(114,'2018-03-10','Bone Marrow Aspirate'),(115,'2018-03-11','Bone Marrow Aspirate'),(116,'2018-03-09','Bone Marrow Aspirate'),(117,'2018-03-10','Bone Marrow Aspirate'),(118,'2018-03-11','Bone Marrow Aspirate'),(119,'2018-03-09','Bone Marrow Aspirate'),(120,'2018-03-10','Bone Marrow Aspirate'),(121,'2018-03-11','Bone Marrow Aspirate'),(122,'2018-03-09','Bone Marrow Aspirate'),(123,'2018-03-10','Bone Marrow Aspirate'),(124,'2018-03-11','Bone Marrow Aspirate'),(125,'2018-03-09','Bone Marrow Aspirate'),(126,'2018-03-10','Bone Marrow Aspirate'),(127,'2018-03-11','Bone Marrow Aspirate'),(128,'2018-03-09','Bone Marrow Aspirate'),(129,'2018-03-10','Bone Marrow Aspirate'),(130,'2018-03-10','Bone Marrow Aspirate'),(131,'2018-03-11','Bone Marrow Aspirate'),(132,'2018-03-09','Bone Marrow Aspirate'),(133,'2018-03-10','Bone Marrow Aspirate'),(134,'2018-03-11','Bone Marrow Aspirate'),(135,'2018-03-09','Bone Marrow Aspirate'),(136,'2018-03-10','Bone Marrow Aspirate'),(137,'2018-03-11','Bone Marrow Aspirate'),(138,'2018-03-09','Bone Marrow Aspirate'),(139,'2018-03-10','Bone Marrow Aspirate'),(140,'2018-03-11','Bone Marrow Aspirate'),(141,'2018-03-10','Bone Marrow Aspirate'),(142,'2018-03-11','Bone Marrow Aspirate'),(143,'2018-03-15','Bone Marrow Aspirate'),(144,'',''),(145,'2018-03-17','Bone Marrow Aspirate'),(146,'2018-03-15','Bone Marrow Aspirate'),(147,'',''),(148,'2018-03-17','Bone Marrow Aspirate'),(149,'2018-03-15','Bone Marrow Aspirate'),(150,'',''),(151,'2018-03-17','Bone Marrow Aspirate'),(152,'2018-03-15','Bone Marrow Aspirate'),(153,'',''),(154,'2018-03-17','Bone Marrow Aspirate'),(155,'2018-03-15','Bone Marrow Aspirate'),(156,'',''),(157,'2018-03-17','Bone Marrow Aspirate'),(158,'2018-03-15','Bone Marrow Aspirate'),(159,'',''),(160,'2018-03-17','Bone Marrow Aspirate'),(161,'2018-03-15','Bone Marrow Aspirate'),(162,'',''),(163,'2018-03-17','Bone Marrow Aspirate'),(164,'2018-03-18','Bone Marrow Aspirate'),(165,'2018-03-19','Bone Marrow Aspirate'),(166,'2018-03-20','Bone Marrow Aspirate'),(167,'2018-03-18','Bone Marrow Aspirate'),(168,'2018-03-19','Bone Marrow Aspirate'),(169,'2018-03-20','Bone Marrow Aspirate'),(170,'2018-03-18','Bone Marrow Aspirate'),(171,'2018-03-19','Bone Marrow Aspirate'),(172,'2018-03-20','Bone Marrow Aspirate'),(173,'2018-03-18','Bone Marrow Aspirate'),(174,'2018-03-19','Bone Marrow Aspirate'),(175,'2018-03-20','Bone Marrow Aspirate'),(176,'2018-03-18','Bone Marrow Aspirate'),(177,'2018-03-19','Bone Marrow Aspirate'),(178,'2018-03-20','Bone Marrow Aspirate'),(179,'2018-03-18','Bone Marrow Aspirate'),(180,'2018-03-19','Bone Marrow Aspirate'),(181,'2018-03-20','Bone Marrow Aspirate'),(182,'2018-03-18','Bone Marrow Aspirate'),(183,'2018-03-19','Bone Marrow Aspirate'),(184,'2018-03-20','Bone Marrow Aspirate'),(185,'2018-03-18','Bone Marrow Aspirate'),(186,'2018-03-19','Bone Marrow Aspirate'),(187,'2018-03-20','Bone Marrow Aspirate'),(188,'2018-03-18','Bone Marrow Aspirate'),(189,'2018-03-19','Bone Marrow Aspirate'),(190,'2018-03-20','Bone Marrow Aspirate');
/*!40000 ALTER TABLE `bonemarrowaspiratetable` ENABLE KEYS */;
UNLOCK TABLES;

--
-- Table structure for table `chemomedicationstable`
--

DROP TABLE IF EXISTS `chemomedicationstable`;
/*!40101 SET @saved_cs_client     = @@character_set_client */;
/*!40101 SET character_set_client = utf8 */;
CREATE TABLE `chemomedicationstable` (
  `ChemoMedicationID` int(11) NOT NULL AUTO_INCREMENT,
  `MedicationName` blob NOT NULL,
  PRIMARY KEY (`ChemoMedicationID`)
) ENGINE=InnoDB AUTO_INCREMENT=67 DEFAULT CHARSET=latin1;
/*!40101 SET character_set_client = @saved_cs_client */;

--
-- Dumping data for table `chemomedicationstable`
--

LOCK TABLES `chemomedicationstable` WRITE;
/*!40000 ALTER TABLE `chemomedicationstable` DISABLE KEYS */;
INSERT INTO `chemomedicationstable` VALUES (1,'Medications'),(2,'Medications'),(3,'Medications'),(4,'Medications'),(5,'Medications'),(6,'Medications'),(7,'Medications'),(8,'Medications'),(9,'Medications'),(10,'Medications'),(11,'Medications'),(12,'Medications'),(13,'Medications'),(14,'Medications'),(15,'Medications'),(16,'Chemotherapy Medications'),(17,'Chemotherapy Medications'),(18,'Chemotherapy Medications'),(19,'Chemotherapy Medications'),(20,'Chemotherapy Medications'),(21,'Chemotherapy Medications'),(22,'Chemotherapy Medications'),(23,'Chemotherapy Medications'),(24,'Chemotherapy Medications'),(25,'Chemotherapy Medications'),(26,'Chemotherapy Medications'),(27,'Chemotherapy Medications'),(28,'Chemotherapy Medications'),(29,'Chemotherapy Medications'),(30,'Chemotherapy Medications'),(31,'Chemotherapy Medications'),(32,'Chemotherapy Medications'),(33,'Chemotherapy Medications'),(34,'Chemotherapy Medications'),(35,'Chemotherapy Medications'),(36,'Chemotherapy Medications'),(37,'Chemotherapy Medications'),(38,'Chemotherapy Medications'),(39,'Chemotherapy Medications'),(40,'Chemotherapy Medications'),(41,'Chemotherapy Medications'),(42,'Chemotherapy Medications'),(43,'Medications'),(44,'Medications'),(45,'Medications'),(46,'Medications'),(47,'Medications'),(48,'Medications'),(49,'Medications'),(50,'Medications'),(51,'Medications'),(52,'Medications'),(53,'Medications'),(54,'Medications'),(55,'Medications'),(56,'Medications'),(57,'Medications'),(58,'Medications'),(59,'Medications'),(60,'Medications'),(61,'Medications'),(62,'Medications'),(63,'Medications'),(64,'Medications'),(65,'Medications'),(66,'Medications');
/*!40000 ALTER TABLE `chemomedicationstable` ENABLE KEYS */;
UNLOCK TABLES;

--
-- Table structure for table `classificationtable`
--

DROP TABLE IF EXISTS `classificationtable`;
/*!40101 SET @saved_cs_client     = @@character_set_client */;
/*!40101 SET character_set_client = utf8 */;
CREATE TABLE `classificationtable` (
  `ClassificationID` int(11) NOT NULL AUTO_INCREMENT,
  `ClassificationName` varchar(100) NOT NULL,
  PRIMARY KEY (`ClassificationID`)
) ENGINE=InnoDB AUTO_INCREMENT=16 DEFAULT CHARSET=latin1;
/*!40101 SET character_set_client = @saved_cs_client */;

--
-- Dumping data for table `classificationtable`
--

LOCK TABLES `classificationtable` WRITE;
/*!40000 ALTER TABLE `classificationtable` DISABLE KEYS */;
INSERT INTO `classificationtable` VALUES (1,'MDS Very Low'),(2,'MDS Very Low'),(3,'MDS Very Low'),(4,'MDS Very Low'),(5,'MDS Very Low'),(6,'MDS Very Low'),(7,'MDS Very Low'),(8,'MDS Very Low'),(9,'MDS Very Low'),(10,'MDS Very Low'),(11,'MDS Very Low'),(12,'MDS Very Low'),(13,'MDS Very Low'),(14,'MDS Very Low'),(15,'MDS Very Low');
/*!40000 ALTER TABLE `classificationtable` ENABLE KEYS */;
UNLOCK TABLES;

--
-- Table structure for table `clinicaldatatable`
--

DROP TABLE IF EXISTS `clinicaldatatable`;
/*!40101 SET @saved_cs_client     = @@character_set_client */;
/*!40101 SET character_set_client = utf8 */;
CREATE TABLE `clinicaldatatable` (
  `ClinicalDataID` int(11) NOT NULL AUTO_INCREMENT,
  `DateOfVisit` varchar(500) DEFAULT NULL,
  `Diagnosis` blob,
  `OtherDiagnosis` blob,
  `PrognosticRiskScoringID` int(11) DEFAULT NULL,
  `RiskScoreID` int(11) DEFAULT NULL,
  `ClassificationID` int(11) DEFAULT NULL,
  `ISSStagingID` int(11) DEFAULT NULL,
  `SeverityID` int(11) DEFAULT NULL,
  `StageOfDisease` blob,
  `ChiefComplaint` blob,
  `CurrentSymptoms` blob,
  `ConstitutionalSymptoms` blob,
  `OtherSymptoms` blob,
  `Comorbidities` blob,
  `SmokingHistory` blob,
  `AlcoholIntakeHistory` blob,
  `ChemicalExposure` blob,
  `PreviousInfection` blob,
  `PreviousHematologicDisorder` blob,
  `PhysicalExamID` int(11) DEFAULT NULL,
  `OtherFindings` blob,
  PRIMARY KEY (`ClinicalDataID`),
  KEY `ClinicalDataTable_fk0` (`PrognosticRiskScoringID`),
  KEY `ClinicalDataTable_fk1` (`RiskScoreID`),
  KEY `ClinicalDataTable_fk2` (`ClassificationID`),
  KEY `ClinicalDataTable_fk3` (`ISSStagingID`),
  KEY `ClinicalDataTable_fk4` (`SeverityID`),
  KEY `ClinicalDataTable_fk5` (`PhysicalExamID`),
  CONSTRAINT `ClinicalDataTable_fk0` FOREIGN KEY (`PrognosticRiskScoringID`) REFERENCES `prognosticriskscoringtable` (`PrognosticRiskScoringID`),
  CONSTRAINT `ClinicalDataTable_fk1` FOREIGN KEY (`RiskScoreID`) REFERENCES `riskscoretable` (`RiskScoreID`),
  CONSTRAINT `ClinicalDataTable_fk2` FOREIGN KEY (`ClassificationID`) REFERENCES `classificationtable` (`ClassificationID`),
  CONSTRAINT `ClinicalDataTable_fk3` FOREIGN KEY (`ISSStagingID`) REFERENCES `issstagingtable` (`ISSStagingID`),
  CONSTRAINT `ClinicalDataTable_fk4` FOREIGN KEY (`SeverityID`) REFERENCES `severitytable` (`SeverityID`),
  CONSTRAINT `ClinicalDataTable_fk5` FOREIGN KEY (`PhysicalExamID`) REFERENCES `physicalexamtable` (`PhysicalExamID`)
) ENGINE=InnoDB AUTO_INCREMENT=230 DEFAULT CHARSET=latin1;
/*!40101 SET character_set_client = @saved_cs_client */;

--
-- Dumping data for table `clinicaldatatable`
--

LOCK TABLES `clinicaldatatable` WRITE;
/*!40000 ALTER TABLE `clinicaldatatable` DISABLE KEYS */;
INSERT INTO `clinicaldatatable` VALUES (1,'ABFAB0F29CE1F719347D9A829E9D66DA','D46.1  Refractory anaemia with ring sideroblasts',NULL,NULL,NULL,1,NULL,NULL,NULL,'Chief Complaint',NULL,NULL,'Other Symptoms','Comorbidities','Smoking History','Alcohol intake history','Chemical exposure','Previous Infection','Previous Hematologic Disorder',1,NULL),(2,'0374BBA5CF093077F3930310B1B6418E','D46.1  Refractory anaemia with ring sideroblasts',NULL,NULL,NULL,2,NULL,NULL,NULL,'Chief Complaint',NULL,NULL,'Other Symptoms','Comorbidities','Smoking History','Alcohol intake history','Chemical exposure','Previous Infection','Previous Hematologic Disorder',2,NULL),(3,'1D0104740FFEBAE301D7D3CE159B95D2','D46.1  Refractory anaemia with ring sideroblasts',NULL,NULL,NULL,3,NULL,NULL,NULL,'Chief Complaint',NULL,NULL,'Other Symptoms','Comorbidities','','','','','',3,NULL),(4,'121E72A67D2B49040981E23E97BA32F0','D46.1  Refractory anaemia with ring sideroblasts',NULL,NULL,NULL,4,NULL,NULL,NULL,'Chief Complaint',NULL,NULL,'Other Symptoms','Comorbidities','Smoking History','Alcohol intake history','Chemical exposure','Previous Infection','Previous Hematologic Disorder',4,NULL),(5,'8526D83DC01731A0B4754212116C8F3F','D46.1  Refractory anaemia with ring sideroblasts',NULL,NULL,NULL,5,NULL,NULL,NULL,'Chief Complaint',NULL,NULL,'Other Symptoms','Comorbidities','Smoking History','Alcohol intake history','Chemical exposure','Previous Infection','Previous Hematologic Disorder',5,NULL),(6,'FF535DC5E13BA9048283D567ECD5BB53','D46.1  Refractory anaemia with ring sideroblasts',NULL,NULL,NULL,6,NULL,NULL,NULL,'Chief Complaint',NULL,NULL,'Other Symptoms','Comorbidities','Smoking History','Alcohol intake history','Chemical exposure','Previous Infection','Previous Hematologic Disorder',6,NULL),(7,'579FF4FF7DE04374955E17BB3FE19D21','D46.1  Refractory anaemia with ring sideroblasts',NULL,NULL,NULL,7,NULL,NULL,NULL,'Chief Complaint',NULL,NULL,'Other Symptoms','Comorbidities','','','','','',7,NULL),(8,'65CC1E5C381E75891A816309F0F23D38','D46.1  Refractory anaemia with ring sideroblasts',NULL,NULL,NULL,8,NULL,NULL,NULL,'Chief Complaint',NULL,NULL,'Other Symptoms','Comorbidities','Smoking History','Alcohol intake history','Chemical exposure','Previous Infection','Previous Hematologic Disorder',8,NULL),(9,'4822CD68E6144C496EB83296F44052F5','D46.1  Refractory anaemia with ring sideroblasts',NULL,NULL,NULL,9,NULL,NULL,NULL,'Chief Complaint',NULL,NULL,'Other Symptoms','Comorbidities','Smoking History','Alcohol intake history','Chemical exposure','Previous Infection','Previous Hematologic Disorder',9,NULL),(10,'277D319E25E10D20640A5673A1687151','D46.1  Refractory anaemia with ring sideroblasts',NULL,NULL,NULL,10,NULL,NULL,NULL,'Chief Complaint',NULL,NULL,'Other Symptoms','Comorbidities','Smoking History','Alcohol intake history','Chemical exposure','Previous Infection','Previous Hematologic Disorder',10,NULL),(11,'579FF4FF7DE04374955E17BB3FE19D21','D46.1  Refractory anaemia with ring sideroblasts',NULL,NULL,NULL,11,NULL,NULL,NULL,'Chief Complaint',NULL,NULL,'Other Symptoms','Comorbidities','','','','','',11,NULL),(12,'65CC1E5C381E75891A816309F0F23D38','D46.1  Refractory anaemia with ring sideroblasts',NULL,NULL,NULL,12,NULL,NULL,NULL,'Chief Complaint',NULL,NULL,'Other Symptoms','Comorbidities','Smoking History','Alcohol intake history','Chemical exposure','Previous Infection','Previous Hematologic Disorder',12,NULL),(13,'4822CD68E6144C496EB83296F44052F5','D46.1  Refractory anaemia with ring sideroblasts',NULL,NULL,NULL,13,NULL,NULL,NULL,'Chief Complaint',NULL,NULL,'Other Symptoms','Comorbidities','Smoking History','Alcohol intake history','Chemical exposure','Previous Infection','Previous Hematologic Disorder',13,NULL),(14,'277D319E25E10D20640A5673A1687151','D46.1  Refractory anaemia with ring sideroblasts',NULL,NULL,NULL,14,NULL,NULL,NULL,'Chief Complaint',NULL,NULL,'Other Symptoms','Comorbidities','Smoking History','Alcohol intake history','Chemical exposure','Previous Infection','Previous Hematologic Disorder',14,NULL),(15,'277D319E25E10D20640A5673A1687151','D46.1  Refractory anaemia with ring sideroblasts',NULL,NULL,NULL,15,NULL,NULL,NULL,'Chief Complaint',NULL,NULL,'Other Symptoms','Comorbidities','Smoking History','Alcohol intake history','Chemical exposure','Previous Infection','Previous Hematologic Disorder',15,NULL),(16,'0D8DF0AF118333E0186C6FE96573EA5D','Others','Diagnosis Others',NULL,NULL,NULL,NULL,1,NULL,'Chief Complaint',NULL,NULL,'Other Symptoms','Comorbidities','','','',NULL,NULL,16,'Other findings'),(17,'696E8C37A7680311D454F11D166B7453','Others','Diagnosis Others',NULL,NULL,NULL,NULL,2,NULL,'Chief Complaint',NULL,NULL,'Other Symptoms','Comorbidities','Smoking History','Alcohol intake history','Chemical exposure',NULL,NULL,17,'Other findings'),(18,'6DBEBAC08863F736806F7BA0C334B7D9','Others','Diagnosis Others',NULL,NULL,NULL,NULL,3,NULL,'Chief Complaint',NULL,NULL,'Other Symptoms','Comorbidities','Smoking History','Alcohol intake history','Chemical exposure',NULL,NULL,18,'Other findings'),(19,'056FC5B7F621961FE0AFF595CA05E3DE','Others','Diagnosis Others',NULL,NULL,NULL,NULL,4,NULL,'Chief Complaint',NULL,NULL,'Other Symptoms','Comorbidities','Smoking History','Alcohol intake history','Chemical exposure',NULL,NULL,19,'Other findings'),(20,'4CE1AF8E96449592F2CED25F70B2E9AC','Others','Diagnosis Others',NULL,NULL,NULL,NULL,5,NULL,'Chief Complaint',NULL,NULL,'Other Symptoms','Comorbidities','','','',NULL,NULL,20,'Other findings'),(21,'0D8DF0AF118333E0186C6FE96573EA5D','Others','Diagnosis Others',NULL,NULL,NULL,NULL,6,NULL,'Chief Complaint',NULL,NULL,'Other Symptoms','Comorbidities','','','',NULL,NULL,21,'Other findings'),(22,'E7C06FB957646A91F2B1C27E2661304A','C92.Z Other myeloid leukemia',NULL,NULL,1,NULL,NULL,NULL,NULL,'Chief Complaint',NULL,'Fever','Other Symptoms','Comorbidities','Smoking History','Alcohol intake history','Chemical exposure','','',22,NULL),(23,'6A12491244EAC0B5A022F57325D44315','C92.Z Other myeloid leukemia',NULL,NULL,2,NULL,NULL,NULL,NULL,'Chief Complaint',NULL,'Fever','Other Symptoms','Comorbidities','','','','','',23,NULL),(24,'201F654B307982ED25D8C33D989F9146','C92.Z Other myeloid leukemia',NULL,NULL,3,NULL,NULL,NULL,NULL,'Chief Complaint',NULL,'Fever','Other Symptoms','Comorbidities','Smoking History','Alcohol intake history','Chemical exposure','','',24,NULL),(25,'DF629529E8B7C978BC9D363A854DD0D4','C92.Z Other myeloid leukemia',NULL,NULL,4,NULL,NULL,NULL,NULL,'Chief Complaint',NULL,'Fever','Other Symptoms','Comorbidities','Smoking History','Alcohol intake history','Chemical exposure','','',25,NULL),(26,'34E9E4E015025E2EBE03271EC7DC3C01','C92.Z Other myeloid leukemia',NULL,NULL,5,NULL,NULL,NULL,NULL,'Chief Complaint',NULL,'Fever','Other Symptoms','Comorbidities','Smoking History','Alcohol intake history','Chemical exposure','','',26,NULL),(27,'E7C06FB957646A91F2B1C27E2661304A','C92.Z Other myeloid leukemia',NULL,NULL,6,NULL,NULL,NULL,NULL,'Chief Complaint',NULL,'Fever','Other Symptoms','Comorbidities','','','','','',27,NULL),(28,'0C978AB1068A79D587370CEC9F775F89','C92.Z Other myeloid leukemia',NULL,NULL,7,NULL,NULL,NULL,NULL,'Chief Complaint',NULL,'Fever','Other Symptoms','Comorbidities','Smoking History','Alcohol intake history','Chemical exposure','','',28,NULL),(29,'3AB14A2A57845C480D660B8CABC79A27','C92.Z Other myeloid leukemia',NULL,NULL,8,NULL,NULL,NULL,NULL,'Chief Complaint',NULL,'Fever','Other Symptoms','Comorbidities','','','','','',29,NULL),(30,'15EC4768F2828529B93981AAEAC1F50D','C92.Z Other myeloid leukemia',NULL,NULL,9,NULL,NULL,NULL,NULL,'Chief Complaint',NULL,'Fever','Other Symptoms','Comorbidities','Smoking History','Alcohol intake history','Chemical exposure','','',30,NULL),(31,'0C978AB1068A79D587370CEC9F775F89','C92.Z Other myeloid leukemia',NULL,NULL,10,NULL,NULL,NULL,NULL,'Chief Complaint',NULL,'Fever','Other Symptoms','Comorbidities','Smoking History','Alcohol intake history','Chemical exposure','','',31,NULL),(32,'E7C06FB957646A91F2B1C27E2661304A','C92.Z Other myeloid leukemia',NULL,NULL,11,NULL,NULL,NULL,NULL,'Chief Complaint',NULL,'Fever','Other Symptoms','Comorbidities','','','','','',32,NULL),(33,'A8569AACBC9CE8CB2EE3F079FED72BF1','C92.Z Other myeloid leukemia',NULL,NULL,12,NULL,NULL,NULL,NULL,'Chief Complaint',NULL,'Fever','Other Symptoms','Comorbidities','Smoking History','Alcohol intake history','Chemical exposure','','',33,NULL),(34,'3AB14A2A57845C480D660B8CABC79A27','C92.Z Other myeloid leukemia',NULL,NULL,13,NULL,NULL,NULL,NULL,'Chief Complaint',NULL,'Fever','Other Symptoms','Comorbidities','Smoking History','Alcohol intake history','Chemical exposure','','',34,NULL),(35,'15EC4768F2828529B93981AAEAC1F50D','C92.Z Other myeloid leukemia',NULL,NULL,14,NULL,NULL,NULL,NULL,'Chief Complaint',NULL,'Fever','Other Symptoms','Comorbidities','Smoking History','Alcohol intake history','Chemical exposure','','',35,NULL),(36,'0C978AB1068A79D587370CEC9F775F89','C92.Z Other myeloid leukemia',NULL,NULL,15,NULL,NULL,NULL,NULL,'Chief Complaint',NULL,'Fever','Other Symptoms','Comorbidities','','','','','',36,NULL),(37,'E7C06FB957646A91F2B1C27E2661304A','',NULL,NULL,NULL,NULL,NULL,NULL,'Stage of Disease','Chief Complaint',NULL,'','Other Symptoms','Comorbidities','','','',NULL,NULL,37,'Other findings'),(38,'A8569AACBC9CE8CB2EE3F079FED72BF1','',NULL,NULL,NULL,NULL,NULL,NULL,'Stage of Disease','Chief Complaint',NULL,'','Other Symptoms','Comorbidities','Smoking History','Alcohol intake history','Chemical exposure',NULL,NULL,38,'Other findings'),(39,'3AB14A2A57845C480D660B8CABC79A27','',NULL,NULL,NULL,NULL,NULL,NULL,'Stage of Disease','Chief Complaint',NULL,'','Other Symptoms','Comorbidities','Smoking History','Alcohol intake history','Chemical exposure',NULL,NULL,39,'Other findings'),(40,'E7C06FB957646A91F2B1C27E2661304A','',NULL,NULL,NULL,NULL,NULL,NULL,'Stage of Disease','Chief Complaint',NULL,'','Other Symptoms','Comorbidities','','','',NULL,NULL,40,'Other findings'),(41,'A8569AACBC9CE8CB2EE3F079FED72BF1','',NULL,NULL,NULL,NULL,NULL,NULL,'Stage of Disease','Chief Complaint',NULL,'','Other Symptoms','Comorbidities','Smoking History','Alcohol intake history','Chemical exposure',NULL,NULL,41,'Other findings'),(42,'3AB14A2A57845C480D660B8CABC79A27','',NULL,NULL,NULL,NULL,NULL,NULL,'Stage of Disease','Chief Complaint',NULL,'','Other Symptoms','Comorbidities','Smoking History','Alcohol intake history','Chemical exposure',NULL,NULL,42,'Other findings'),(43,'E7C06FB957646A91F2B1C27E2661304A','',NULL,NULL,NULL,NULL,NULL,NULL,'Stage of Disease','Chief Complaint',NULL,'','Other Symptoms','Comorbidities','','','',NULL,NULL,43,'Other findings'),(44,'A8569AACBC9CE8CB2EE3F079FED72BF1','',NULL,NULL,NULL,NULL,NULL,NULL,'Stage of Disease','Chief Complaint',NULL,'','Other Symptoms','Comorbidities','Smoking History','Alcohol intake history','Chemical exposure',NULL,NULL,44,'Other findings'),(45,'3AB14A2A57845C480D660B8CABC79A27','',NULL,NULL,NULL,NULL,NULL,NULL,'Stage of Disease','Chief Complaint',NULL,'','Other Symptoms','Comorbidities','Smoking History','Alcohol intake history','Chemical exposure',NULL,NULL,45,'Other findings'),(46,'E7C06FB957646A91F2B1C27E2661304A','',NULL,NULL,NULL,NULL,NULL,NULL,'Stage of Disease','Chief Complaint',NULL,'','Other Symptoms','Comorbidities','','','',NULL,NULL,46,'Other findings'),(47,'A8569AACBC9CE8CB2EE3F079FED72BF1','',NULL,NULL,NULL,NULL,NULL,NULL,'Stage of Disease','Chief Complaint',NULL,'','Other Symptoms','Comorbidities','Smoking History','Alcohol intake history','Chemical exposure',NULL,NULL,47,'Other findings'),(48,'3AB14A2A57845C480D660B8CABC79A27','',NULL,NULL,NULL,NULL,NULL,NULL,'Stage of Disease','Chief Complaint',NULL,'','Other Symptoms','Comorbidities','Smoking History','Alcohol intake history','Chemical exposure',NULL,NULL,48,'Other findings'),(49,'E7C06FB957646A91F2B1C27E2661304A','Others','Diagnosis Others',1,16,NULL,NULL,NULL,NULL,'Chief Complaint',NULL,'Night Sweats','Other Symptoms','Comorbidities','Smoking History','Alcohol intake history','Chemical exposure',NULL,NULL,49,'Other findings'),(50,'A8569AACBC9CE8CB2EE3F079FED72BF1','Others','Diagnosis Others',2,17,NULL,NULL,NULL,NULL,'Chief Complaint',NULL,'Night Sweats','Other Symptoms','Comorbidities','Smoking History','Alcohol intake history','Chemical exposure',NULL,NULL,50,'Other findings'),(51,'3AB14A2A57845C480D660B8CABC79A27','Others','Diagnosis Others',3,18,NULL,NULL,NULL,NULL,'Chief Complaint',NULL,'Night Sweats','Other Symptoms','Comorbidities','','','',NULL,NULL,51,'Other findings'),(52,'15EC4768F2828529B93981AAEAC1F50D','Others','Diagnosis Others',4,19,NULL,NULL,NULL,NULL,'Chief Complaint',NULL,'Night Sweats','Other Symptoms','Comorbidities','Smoking History','Alcohol intake history','Chemical exposure',NULL,NULL,52,'Other findings'),(53,'0C978AB1068A79D587370CEC9F775F89','Others','Diagnosis Others',5,20,NULL,NULL,NULL,NULL,'Chief Complaint',NULL,'Night Sweats','Other Symptoms','Comorbidities','Smoking History','Alcohol intake history','Chemical exposure',NULL,NULL,53,'Other findings'),(54,'E7C06FB957646A91F2B1C27E2661304A','Others','Diagnosis Others',6,21,NULL,NULL,NULL,NULL,'Chief Complaint',NULL,'Night Sweats','Other Symptoms','Comorbidities','Smoking History','Alcohol intake history','Chemical exposure',NULL,NULL,54,'Other findings'),(55,'A8569AACBC9CE8CB2EE3F079FED72BF1','Others','Diagnosis Others',7,22,NULL,NULL,NULL,NULL,'Chief Complaint',NULL,'Night Sweats','Other Symptoms','Comorbidities','Smoking History','Alcohol intake history','Chemical exposure',NULL,NULL,55,'Other findings'),(56,'3AB14A2A57845C480D660B8CABC79A27','Others','Diagnosis Others',8,23,NULL,NULL,NULL,NULL,'Chief Complaint',NULL,'Night Sweats','Other Symptoms','Comorbidities','','','',NULL,NULL,56,'Other findings'),(57,'15EC4768F2828529B93981AAEAC1F50D','Others','Diagnosis Others',9,24,NULL,NULL,NULL,NULL,'Chief Complaint',NULL,'Night Sweats','Other Symptoms','Comorbidities','Smoking History','Alcohol intake history','Chemical exposure',NULL,NULL,57,'Other findings'),(58,'0C978AB1068A79D587370CEC9F775F89','Others','Diagnosis Others',10,25,NULL,NULL,NULL,NULL,'Chief Complaint',NULL,'Night Sweats','Other Symptoms','Comorbidities','Smoking History','Alcohol intake history','Chemical exposure',NULL,NULL,58,'Other findings'),(59,'A8569AACBC9CE8CB2EE3F079FED72BF1','Others','Diagnosis Others',11,26,NULL,NULL,NULL,NULL,'Chief Complaint',NULL,'Night Sweats','Other Symptoms','Comorbidities','Smoking History','Alcohol intake history','Chemical exposure',NULL,NULL,59,'Other findings'),(60,'3AB14A2A57845C480D660B8CABC79A27','Others','Diagnosis Others',12,27,NULL,NULL,NULL,NULL,'Chief Complaint',NULL,'Night Sweats','Other Symptoms','Comorbidities','','','',NULL,NULL,60,'Other findings'),(61,'15EC4768F2828529B93981AAEAC1F50D','Others','Diagnosis Others',13,28,NULL,NULL,NULL,NULL,'Chief Complaint',NULL,'Night Sweats','Other Symptoms','Comorbidities','Smoking History','Alcohol intake history','Chemical exposure',NULL,NULL,61,'Other findings'),(62,'0C978AB1068A79D587370CEC9F775F89','Others','Diagnosis Others',14,29,NULL,NULL,NULL,NULL,'Chief Complaint',NULL,'Night Sweats','Other Symptoms','Comorbidities','Smoking History','Alcohol intake history','Chemical exposure',NULL,NULL,62,'Other findings'),(63,'A8569AACBC9CE8CB2EE3F079FED72BF1','Others','Diagnosis Others',15,30,NULL,NULL,NULL,NULL,'Chief Complaint',NULL,'Night Sweats','Other Symptoms','Comorbidities','Smoking History','Alcohol intake history','Chemical exposure',NULL,NULL,63,'Other findings'),(64,'3AB14A2A57845C480D660B8CABC79A27','Others','Diagnosis Others',16,31,NULL,NULL,NULL,NULL,'Chief Complaint',NULL,'Night Sweats','Other Symptoms','Comorbidities','','','',NULL,NULL,64,'Other findings'),(65,'15EC4768F2828529B93981AAEAC1F50D','Others','Diagnosis Others',17,32,NULL,NULL,NULL,NULL,'Chief Complaint',NULL,'Night Sweats','Other Symptoms','Comorbidities','Smoking History','Alcohol intake history','Chemical exposure',NULL,NULL,65,'Other findings'),(66,'0C978AB1068A79D587370CEC9F775F89','Others','Diagnosis Others',18,33,NULL,NULL,NULL,NULL,'Chief Complaint',NULL,'Night Sweats','Other Symptoms','Comorbidities','Smoking History','Alcohol intake history','Chemical exposure',NULL,NULL,66,'Other findings'),(67,'15EC4768F2828529B93981AAEAC1F50D','Others','Diagnosis Others',19,34,NULL,NULL,NULL,NULL,'Chief Complaint',NULL,'Night Sweats','Other Symptoms','Comorbidities','Smoking History','Alcohol intake history','Chemical exposure',NULL,NULL,67,'Other findings'),(68,'0C978AB1068A79D587370CEC9F775F89','Others','Diagnosis Others',20,35,NULL,NULL,NULL,NULL,'Chief Complaint',NULL,'Night Sweats','Other Symptoms','Comorbidities','Smoking History','Alcohol intake history','Chemical exposure',NULL,NULL,68,'Other findings'),(69,'15EC4768F2828529B93981AAEAC1F50D','Others','Diagnosis Others',21,36,NULL,NULL,NULL,NULL,'Chief Complaint',NULL,'Night Sweats','Other Symptoms','Comorbidities','Smoking History','Alcohol intake history','Chemical exposure',NULL,NULL,69,'Other findings'),(70,'0C978AB1068A79D587370CEC9F775F89','Others','Diagnosis Others',22,37,NULL,NULL,NULL,NULL,'Chief Complaint',NULL,'Night Sweats','Other Symptoms','Comorbidities','Smoking History','Alcohol intake history','Chemical exposure',NULL,NULL,70,'Other findings'),(71,'15EC4768F2828529B93981AAEAC1F50D','Others','Diagnosis Others',23,38,NULL,NULL,NULL,NULL,'Chief Complaint',NULL,'Night Sweats','Other Symptoms','Comorbidities','Smoking History','Alcohol intake history','Chemical exposure',NULL,NULL,71,'Other findings'),(72,'0C978AB1068A79D587370CEC9F775F89','Others','Diagnosis Others',24,39,NULL,NULL,NULL,NULL,'Chief Complaint',NULL,'Night Sweats','Other Symptoms','Comorbidities','Smoking History','Alcohol intake history','Chemical exposure',NULL,NULL,72,'Other findings'),(73,'E7C06FB957646A91F2B1C27E2661304A','C90.32 ... in relapse',NULL,NULL,NULL,NULL,1,NULL,NULL,'Chief Complaint',NULL,'Weigh Loss','Other Symptoms','Comorbidities','Smoking History','Alcohol intake history','Chemical exposure',NULL,NULL,73,'Other pertinent findings'),(74,'A8569AACBC9CE8CB2EE3F079FED72BF1','C90.32 ... in relapse',NULL,NULL,NULL,NULL,2,NULL,NULL,'Chief Complaint',NULL,'Weigh Loss','Other Symptoms','Comorbidities','Smoking History','Alcohol intake history','Chemical exposure',NULL,NULL,74,'Other pertinent findings'),(75,'3AB14A2A57845C480D660B8CABC79A27','C90.32 ... in relapse',NULL,NULL,NULL,NULL,3,NULL,NULL,'Chief Complaint',NULL,'Weigh Loss','Other Symptoms','Comorbidities','Smoking History','Alcohol intake history','Chemical exposure',NULL,NULL,75,'Other pertinent findings'),(76,'15EC4768F2828529B93981AAEAC1F50D','C90.32 ... in relapse',NULL,NULL,NULL,NULL,4,NULL,NULL,'Chief Complaint',NULL,'Weigh Loss','Other Symptoms','Comorbidities','Smoking History','Alcohol intake history','Chemical exposure',NULL,NULL,76,'Other pertinent findings'),(77,'0C978AB1068A79D587370CEC9F775F89','C90.32 ... in relapse',NULL,NULL,NULL,NULL,5,NULL,NULL,'Chief Complaint',NULL,'Weigh Loss','Other Symptoms','Comorbidities','Smoking History','Alcohol intake history','Chemical exposure',NULL,NULL,77,'Other pertinent findings'),(78,'E7C06FB957646A91F2B1C27E2661304A','C90.32 ... in relapse',NULL,NULL,NULL,NULL,6,NULL,NULL,'Chief Complaint',NULL,'Weigh Loss','Other Symptoms','Comorbidities','Smoking History','Alcohol intake history','Chemical exposure',NULL,NULL,78,'Other pertinent findings'),(79,'A8569AACBC9CE8CB2EE3F079FED72BF1','C90.32 ... in relapse',NULL,NULL,NULL,NULL,7,NULL,NULL,'Chief Complaint',NULL,'Weigh Loss','Other Symptoms','Comorbidities','Smoking History','Alcohol intake history','Chemical exposure',NULL,NULL,79,'Other pertinent findings'),(80,'3AB14A2A57845C480D660B8CABC79A27','C90.32 ... in relapse',NULL,NULL,NULL,NULL,8,NULL,NULL,'Chief Complaint',NULL,'Weigh Loss','Other Symptoms','Comorbidities','Smoking History','Alcohol intake history','Chemical exposure',NULL,NULL,80,'Other pertinent findings'),(81,'15EC4768F2828529B93981AAEAC1F50D','C90.32 ... in relapse',NULL,NULL,NULL,NULL,9,NULL,NULL,'Chief Complaint',NULL,'Weigh Loss','Other Symptoms','Comorbidities','Smoking History','Alcohol intake history','Chemical exposure',NULL,NULL,81,'Other pertinent findings'),(82,'0C978AB1068A79D587370CEC9F775F89','C90.32 ... in relapse',NULL,NULL,NULL,NULL,10,NULL,NULL,'Chief Complaint',NULL,'Weigh Loss','Other Symptoms','Comorbidities','Smoking History','Alcohol intake history','Chemical exposure',NULL,NULL,82,'Other pertinent findings'),(83,'E7C06FB957646A91F2B1C27E2661304A','C90.32 ... in relapse',NULL,NULL,NULL,NULL,11,NULL,NULL,'Chief Complaint',NULL,'Weigh Loss','Other Symptoms','Comorbidities','Smoking History','Alcohol intake history','Chemical exposure',NULL,NULL,83,'Other pertinent findings'),(84,'A8569AACBC9CE8CB2EE3F079FED72BF1','C90.32 ... in relapse',NULL,NULL,NULL,NULL,12,NULL,NULL,'Chief Complaint',NULL,'Weigh Loss','Other Symptoms','Comorbidities','Smoking History','Alcohol intake history','Chemical exposure',NULL,NULL,84,'Other pertinent findings'),(85,'3AB14A2A57845C480D660B8CABC79A27','C90.32 ... in relapse',NULL,NULL,NULL,NULL,13,NULL,NULL,'Chief Complaint',NULL,'Weigh Loss','Other Symptoms','Comorbidities','Smoking History','Alcohol intake history','Chemical exposure',NULL,NULL,85,'Other pertinent findings'),(86,'15EC4768F2828529B93981AAEAC1F50D','C90.32 ... in relapse',NULL,NULL,NULL,NULL,14,NULL,NULL,'Chief Complaint',NULL,'Weigh Loss','Other Symptoms','Comorbidities','Smoking History','Alcohol intake history','Chemical exposure',NULL,NULL,86,'Other pertinent findings'),(87,'0C978AB1068A79D587370CEC9F775F89','C90.32 ... in relapse',NULL,NULL,NULL,NULL,15,NULL,NULL,'Chief Complaint',NULL,'Weigh Loss','Other Symptoms','Comorbidities','Smoking History','Alcohol intake history','Chemical exposure',NULL,NULL,87,'Other pertinent findings'),(88,'E7C06FB957646A91F2B1C27E2661304A','C90.32 ... in relapse',NULL,NULL,NULL,NULL,16,NULL,NULL,'Chief Complaint',NULL,'Weigh Loss','Other Symptoms','Comorbidities','Smoking History','Alcohol intake history','Chemical exposure',NULL,NULL,88,'Other pertinent findings'),(89,'A8569AACBC9CE8CB2EE3F079FED72BF1','C90.32 ... in relapse',NULL,NULL,NULL,NULL,17,NULL,NULL,'Chief Complaint',NULL,'Weigh Loss','Other Symptoms','Comorbidities','Smoking History','Alcohol intake history','Chemical exposure',NULL,NULL,89,'Other pertinent findings'),(90,'3AB14A2A57845C480D660B8CABC79A27','C90.32 ... in relapse',NULL,NULL,NULL,NULL,18,NULL,NULL,'Chief Complaint',NULL,'Weigh Loss','Other Symptoms','Comorbidities','Smoking History','Alcohol intake history','Chemical exposure',NULL,NULL,90,'Other pertinent findings'),(91,'15EC4768F2828529B93981AAEAC1F50D','C90.32 ... in relapse',NULL,NULL,NULL,NULL,19,NULL,NULL,'Chief Complaint',NULL,'Weigh Loss','Other Symptoms','Comorbidities','Smoking History','Alcohol intake history','Chemical exposure',NULL,NULL,91,'Other pertinent findings'),(92,'0C978AB1068A79D587370CEC9F775F89','C90.32 ... in relapse',NULL,NULL,NULL,NULL,20,NULL,NULL,'Chief Complaint',NULL,'Weigh Loss','Other Symptoms','Comorbidities','Smoking History','Alcohol intake history','Chemical exposure',NULL,NULL,92,'Other pertinent findings'),(93,'94A9CA1B71E50ED44439AF65B8AD3712','Others','Diagnosis Others',NULL,NULL,NULL,NULL,NULL,NULL,'Chief Complaint',NULL,'Bleeding','Other Symptoms','Comorbidities','Smoking History','Alcohol intake history','Chemical exposure',NULL,NULL,93,'Other findings'),(94,'76A9441A8F5C717B225ADE1D73C7C463','Others','Diagnosis Others',NULL,NULL,NULL,NULL,NULL,NULL,'Chief Complaint',NULL,'Bleeding','Other Symptoms','Comorbidities','Smoking History','Alcohol intake history','Chemical exposure',NULL,NULL,94,'Other findings'),(95,'12E70B9DDAEB93593CD112570E2C7512','Others','Diagnosis Others',NULL,NULL,NULL,NULL,NULL,NULL,'Chief Complaint',NULL,'Bleeding','Other Symptoms','Comorbidities','','','',NULL,NULL,95,'Other findings'),(96,'860248E08339639E882A9565E4C6F72E','Others','Diagnosis Others',NULL,NULL,NULL,NULL,NULL,NULL,'Chief Complaint',NULL,'Bleeding','Other Symptoms','Comorbidities','Smoking History','Alcohol intake history','Chemical exposure',NULL,NULL,96,'Other findings'),(97,'EF7319107BFD7BA85FC8E0087B55D5A3','Others','Diagnosis Others',NULL,NULL,NULL,NULL,NULL,NULL,'Chief Complaint',NULL,'Bleeding','Other Symptoms','Comorbidities','Smoking History','Alcohol intake history','Chemical exposure',NULL,NULL,97,'Other findings'),(98,'94A9CA1B71E50ED44439AF65B8AD3712','Others','Diagnosis Others',NULL,NULL,NULL,NULL,NULL,NULL,'Chief Complaint',NULL,'Bleeding','Other Symptoms','Comorbidities','Smoking History','Alcohol intake history','Chemical exposure',NULL,NULL,98,'Other findings'),(99,'76A9441A8F5C717B225ADE1D73C7C463','Others','Diagnosis Others',NULL,NULL,NULL,NULL,NULL,NULL,'Chief Complaint',NULL,'Bleeding','Other Symptoms','Comorbidities','Smoking History','Alcohol intake history','Chemical exposure',NULL,NULL,99,'Other findings'),(100,'12E70B9DDAEB93593CD112570E2C7512','Others','Diagnosis Others',NULL,NULL,NULL,NULL,NULL,NULL,'Chief Complaint',NULL,'Bleeding','Other Symptoms','Comorbidities','','','',NULL,NULL,100,'Other findings'),(101,'860248E08339639E882A9565E4C6F72E','Others','Diagnosis Others',NULL,NULL,NULL,NULL,NULL,NULL,'Chief Complaint',NULL,'Bleeding','Other Symptoms','Comorbidities','Smoking History','Alcohol intake history','Chemical exposure',NULL,NULL,101,'Other findings'),(102,'EF7319107BFD7BA85FC8E0087B55D5A3','Others','Diagnosis Others',NULL,NULL,NULL,NULL,NULL,NULL,'Chief Complaint',NULL,'Bleeding','Other Symptoms','Comorbidities','Smoking History','Alcohol intake history','Chemical exposure',NULL,NULL,102,'Other findings'),(103,'94A9CA1B71E50ED44439AF65B8AD3712','Others','Diagnosis Others',NULL,NULL,NULL,NULL,NULL,NULL,'Chief Complaint',NULL,'Bleeding','Other Symptoms','Comorbidities','Smoking History','Alcohol intake history','Chemical exposure',NULL,NULL,103,'Other findings'),(104,'76A9441A8F5C717B225ADE1D73C7C463','Others','Diagnosis Others',NULL,NULL,NULL,NULL,NULL,NULL,'Chief Complaint',NULL,'Bleeding','Other Symptoms','Comorbidities','Smoking History','Alcohol intake history','Chemical exposure',NULL,NULL,104,'Other findings'),(105,'12E70B9DDAEB93593CD112570E2C7512','Others','Diagnosis Others',NULL,NULL,NULL,NULL,NULL,NULL,'Chief Complaint',NULL,'Bleeding','Other Symptoms','Comorbidities','','','',NULL,NULL,105,'Other findings'),(106,'860248E08339639E882A9565E4C6F72E','Others','Diagnosis Others',NULL,NULL,NULL,NULL,NULL,NULL,'Chief Complaint',NULL,'Bleeding','Other Symptoms','Comorbidities','Smoking History','Alcohol intake history','Chemical exposure',NULL,NULL,106,'Other findings'),(107,'EF7319107BFD7BA85FC8E0087B55D5A3','Others','Diagnosis Others',NULL,NULL,NULL,NULL,NULL,NULL,'Chief Complaint',NULL,'Bleeding','Other Symptoms','Comorbidities','Smoking History','Alcohol intake history','Chemical exposure',NULL,NULL,107,'Other findings'),(108,NULL,NULL,NULL,NULL,NULL,NULL,NULL,NULL,NULL,NULL,'Symptomas',NULL,NULL,NULL,NULL,NULL,NULL,NULL,NULL,108,NULL),(109,NULL,NULL,NULL,NULL,NULL,NULL,NULL,NULL,NULL,NULL,'Symptomas',NULL,NULL,NULL,NULL,NULL,NULL,NULL,NULL,109,NULL),(110,NULL,NULL,NULL,NULL,NULL,NULL,NULL,NULL,NULL,NULL,'Symptomas',NULL,NULL,NULL,NULL,NULL,NULL,NULL,NULL,110,NULL),(111,NULL,NULL,NULL,NULL,NULL,NULL,NULL,NULL,NULL,NULL,'Symptomas',NULL,NULL,NULL,NULL,NULL,NULL,NULL,NULL,111,NULL),(112,NULL,NULL,NULL,NULL,NULL,NULL,NULL,NULL,NULL,NULL,'Symptomas',NULL,NULL,NULL,NULL,NULL,NULL,NULL,NULL,112,NULL),(113,NULL,NULL,NULL,NULL,NULL,NULL,NULL,NULL,NULL,NULL,'Symptomas',NULL,NULL,NULL,NULL,NULL,NULL,NULL,NULL,113,NULL),(114,NULL,NULL,NULL,NULL,NULL,NULL,NULL,NULL,NULL,NULL,'Symptomas',NULL,NULL,NULL,NULL,NULL,NULL,NULL,NULL,114,NULL),(115,NULL,NULL,NULL,NULL,NULL,NULL,NULL,NULL,NULL,NULL,'Symptomas',NULL,NULL,NULL,NULL,NULL,NULL,NULL,NULL,115,NULL),(116,NULL,NULL,NULL,NULL,NULL,NULL,NULL,NULL,NULL,NULL,'Symptomas',NULL,NULL,NULL,NULL,NULL,NULL,NULL,NULL,116,NULL),(117,NULL,NULL,NULL,NULL,NULL,NULL,NULL,NULL,NULL,NULL,'Symptomas',NULL,NULL,NULL,NULL,NULL,NULL,NULL,NULL,117,NULL),(118,NULL,NULL,NULL,NULL,NULL,NULL,NULL,NULL,NULL,NULL,'Symptomas',NULL,NULL,NULL,NULL,NULL,NULL,NULL,NULL,118,NULL),(119,NULL,NULL,NULL,NULL,NULL,NULL,NULL,NULL,NULL,NULL,'Symptomas',NULL,NULL,NULL,NULL,NULL,NULL,NULL,NULL,119,NULL),(120,NULL,NULL,NULL,NULL,NULL,NULL,NULL,NULL,NULL,NULL,'Symptomas',NULL,NULL,NULL,NULL,NULL,NULL,NULL,NULL,120,NULL),(121,NULL,NULL,NULL,NULL,NULL,NULL,NULL,NULL,NULL,NULL,'Symptomas',NULL,NULL,NULL,NULL,NULL,NULL,NULL,NULL,121,NULL),(122,NULL,NULL,NULL,NULL,NULL,NULL,NULL,NULL,NULL,NULL,'Symptomas',NULL,NULL,NULL,NULL,NULL,NULL,NULL,NULL,122,NULL),(123,NULL,NULL,NULL,NULL,NULL,NULL,NULL,NULL,NULL,NULL,'Symptomas',NULL,NULL,NULL,NULL,NULL,NULL,NULL,NULL,123,NULL),(124,NULL,NULL,NULL,NULL,NULL,NULL,NULL,NULL,NULL,NULL,'Symptomas',NULL,NULL,NULL,NULL,NULL,NULL,NULL,NULL,124,NULL),(125,NULL,NULL,NULL,NULL,NULL,NULL,NULL,NULL,NULL,NULL,'Symptomas',NULL,NULL,NULL,NULL,NULL,NULL,NULL,NULL,125,NULL),(126,NULL,NULL,NULL,NULL,NULL,NULL,NULL,NULL,NULL,NULL,'Symptomas',NULL,NULL,NULL,NULL,NULL,NULL,NULL,NULL,126,NULL),(127,NULL,NULL,NULL,NULL,NULL,NULL,NULL,NULL,NULL,NULL,'Symptomas',NULL,NULL,NULL,NULL,NULL,NULL,NULL,NULL,127,NULL),(128,NULL,NULL,NULL,NULL,NULL,NULL,NULL,NULL,NULL,NULL,'Symptomas',NULL,NULL,NULL,NULL,NULL,NULL,NULL,NULL,128,NULL),(129,NULL,NULL,NULL,NULL,NULL,NULL,NULL,NULL,NULL,NULL,'Symptomas',NULL,NULL,NULL,NULL,NULL,NULL,NULL,NULL,129,NULL),(130,NULL,NULL,NULL,NULL,NULL,NULL,NULL,NULL,NULL,NULL,'Symptomas',NULL,NULL,NULL,NULL,NULL,NULL,NULL,NULL,130,NULL),(131,NULL,NULL,NULL,NULL,NULL,NULL,NULL,NULL,NULL,NULL,'Symptomas',NULL,NULL,NULL,NULL,NULL,NULL,NULL,NULL,131,NULL),(132,NULL,NULL,NULL,NULL,NULL,NULL,NULL,NULL,NULL,NULL,'Symptomas',NULL,NULL,NULL,NULL,NULL,NULL,NULL,NULL,132,NULL),(133,NULL,NULL,NULL,NULL,NULL,NULL,NULL,NULL,NULL,NULL,'Symptomas',NULL,NULL,NULL,NULL,NULL,NULL,NULL,NULL,133,NULL),(134,NULL,NULL,NULL,NULL,NULL,NULL,NULL,NULL,NULL,NULL,'Symptomas',NULL,NULL,NULL,NULL,NULL,NULL,NULL,NULL,134,NULL),(135,NULL,NULL,NULL,NULL,NULL,NULL,NULL,NULL,NULL,NULL,'Symptomas',NULL,NULL,NULL,NULL,NULL,NULL,NULL,NULL,135,NULL),(136,NULL,NULL,NULL,NULL,NULL,NULL,NULL,NULL,NULL,NULL,'Symptomas',NULL,NULL,NULL,NULL,NULL,NULL,NULL,NULL,136,NULL),(137,NULL,NULL,NULL,NULL,NULL,NULL,NULL,NULL,NULL,NULL,'Symptomas',NULL,NULL,NULL,NULL,NULL,NULL,NULL,NULL,137,NULL),(138,NULL,NULL,NULL,NULL,NULL,NULL,NULL,NULL,NULL,NULL,'Symptomas',NULL,NULL,NULL,NULL,NULL,NULL,NULL,NULL,138,NULL),(139,NULL,NULL,NULL,NULL,NULL,NULL,NULL,NULL,NULL,NULL,'Symptomas',NULL,NULL,NULL,NULL,NULL,NULL,NULL,NULL,139,NULL),(140,NULL,NULL,NULL,NULL,NULL,NULL,NULL,NULL,NULL,NULL,'Symptomas',NULL,NULL,NULL,NULL,NULL,NULL,NULL,NULL,140,NULL),(141,NULL,NULL,NULL,NULL,NULL,NULL,NULL,NULL,NULL,NULL,'Symptomas',NULL,NULL,NULL,NULL,NULL,NULL,NULL,NULL,141,NULL),(142,NULL,NULL,NULL,NULL,NULL,NULL,NULL,NULL,NULL,NULL,'Symptomas',NULL,NULL,NULL,NULL,NULL,NULL,NULL,NULL,142,NULL),(143,NULL,NULL,NULL,NULL,NULL,NULL,NULL,NULL,NULL,NULL,'Symptomas',NULL,NULL,NULL,NULL,NULL,NULL,NULL,NULL,143,NULL),(144,NULL,NULL,NULL,NULL,NULL,NULL,NULL,NULL,NULL,NULL,'Symptomas',NULL,NULL,NULL,NULL,NULL,NULL,NULL,NULL,144,NULL),(145,NULL,NULL,NULL,NULL,NULL,NULL,NULL,NULL,NULL,NULL,'Symptomas',NULL,NULL,NULL,NULL,NULL,NULL,NULL,NULL,145,NULL),(146,NULL,NULL,NULL,NULL,NULL,NULL,NULL,NULL,NULL,NULL,'Symptomas',NULL,NULL,NULL,NULL,NULL,NULL,NULL,NULL,146,NULL),(147,NULL,NULL,NULL,NULL,NULL,NULL,NULL,NULL,NULL,NULL,'Symptomas',NULL,NULL,NULL,NULL,NULL,NULL,NULL,NULL,147,NULL),(148,NULL,NULL,NULL,NULL,NULL,NULL,NULL,NULL,NULL,NULL,'Symptomas',NULL,NULL,NULL,NULL,NULL,NULL,NULL,NULL,148,NULL),(149,NULL,NULL,NULL,NULL,NULL,NULL,NULL,NULL,NULL,NULL,'Symptomas',NULL,NULL,NULL,NULL,NULL,NULL,NULL,NULL,149,NULL),(150,NULL,NULL,NULL,NULL,NULL,NULL,NULL,NULL,NULL,NULL,'Symptomas',NULL,NULL,NULL,NULL,NULL,NULL,NULL,NULL,150,NULL),(151,NULL,NULL,NULL,NULL,NULL,NULL,NULL,NULL,NULL,NULL,'Symptomas',NULL,NULL,NULL,NULL,NULL,NULL,NULL,NULL,151,NULL),(152,NULL,NULL,NULL,NULL,NULL,NULL,NULL,NULL,NULL,NULL,'Symptomas',NULL,NULL,NULL,NULL,NULL,NULL,NULL,NULL,152,NULL),(153,NULL,NULL,NULL,NULL,NULL,NULL,NULL,NULL,NULL,NULL,'Symptomas',NULL,NULL,NULL,NULL,NULL,NULL,NULL,NULL,153,NULL),(154,NULL,NULL,NULL,NULL,NULL,NULL,NULL,NULL,NULL,NULL,'Symptomas',NULL,NULL,NULL,NULL,NULL,NULL,NULL,NULL,154,NULL),(155,NULL,NULL,NULL,NULL,NULL,NULL,NULL,NULL,NULL,NULL,'Symptomas',NULL,NULL,NULL,NULL,NULL,NULL,NULL,NULL,155,NULL),(156,NULL,NULL,NULL,NULL,NULL,NULL,NULL,NULL,NULL,NULL,'Symptomas',NULL,NULL,NULL,NULL,NULL,NULL,NULL,NULL,156,NULL),(157,NULL,NULL,NULL,NULL,NULL,NULL,NULL,NULL,NULL,NULL,'Symptomas',NULL,NULL,NULL,NULL,NULL,NULL,NULL,NULL,157,NULL),(158,NULL,NULL,NULL,NULL,NULL,NULL,NULL,NULL,NULL,NULL,'Symptomas',NULL,NULL,NULL,NULL,NULL,NULL,NULL,NULL,158,NULL),(159,NULL,NULL,NULL,NULL,NULL,NULL,NULL,NULL,NULL,NULL,'Symptomas',NULL,NULL,NULL,NULL,NULL,NULL,NULL,NULL,159,NULL),(160,NULL,NULL,NULL,NULL,NULL,NULL,NULL,NULL,NULL,NULL,'Symptomas',NULL,NULL,NULL,NULL,NULL,NULL,NULL,NULL,160,NULL),(161,NULL,NULL,NULL,NULL,NULL,NULL,NULL,NULL,NULL,NULL,'Symptomas',NULL,NULL,NULL,NULL,NULL,NULL,NULL,NULL,161,NULL),(162,NULL,NULL,NULL,NULL,NULL,NULL,NULL,NULL,NULL,NULL,'Symptomas',NULL,NULL,NULL,NULL,NULL,NULL,NULL,NULL,162,NULL),(163,NULL,NULL,NULL,NULL,NULL,NULL,NULL,NULL,NULL,NULL,'Symptomas',NULL,NULL,NULL,NULL,NULL,NULL,NULL,NULL,163,NULL),(164,NULL,NULL,NULL,NULL,NULL,NULL,NULL,NULL,NULL,NULL,'Symptomas',NULL,NULL,NULL,NULL,NULL,NULL,NULL,NULL,164,NULL),(165,NULL,NULL,NULL,NULL,NULL,NULL,NULL,NULL,NULL,NULL,'Symptomas',NULL,NULL,NULL,NULL,NULL,NULL,NULL,NULL,165,NULL),(166,NULL,NULL,NULL,NULL,NULL,NULL,NULL,NULL,NULL,NULL,'Symptomas',NULL,NULL,NULL,NULL,NULL,NULL,NULL,NULL,166,NULL),(167,NULL,NULL,NULL,NULL,NULL,NULL,NULL,NULL,NULL,NULL,'Symptomas',NULL,NULL,NULL,NULL,NULL,NULL,NULL,NULL,167,NULL),(168,NULL,NULL,NULL,NULL,NULL,NULL,NULL,NULL,NULL,NULL,'Symptomas',NULL,NULL,NULL,NULL,NULL,NULL,NULL,NULL,168,NULL),(169,NULL,NULL,NULL,NULL,NULL,NULL,NULL,NULL,NULL,NULL,'Symptomas',NULL,NULL,NULL,NULL,NULL,NULL,NULL,NULL,169,NULL),(170,NULL,NULL,NULL,NULL,NULL,NULL,NULL,NULL,NULL,NULL,'Symptomas',NULL,NULL,NULL,NULL,NULL,NULL,NULL,NULL,170,NULL),(171,NULL,NULL,NULL,NULL,NULL,NULL,NULL,NULL,NULL,NULL,'Symptomas',NULL,NULL,NULL,NULL,NULL,NULL,NULL,NULL,171,NULL),(172,NULL,NULL,NULL,NULL,NULL,NULL,NULL,NULL,NULL,NULL,'Symptomas',NULL,NULL,NULL,NULL,NULL,NULL,NULL,NULL,172,NULL),(173,NULL,NULL,NULL,NULL,NULL,NULL,NULL,NULL,NULL,NULL,'Symptomas',NULL,NULL,NULL,NULL,NULL,NULL,NULL,NULL,173,NULL),(174,NULL,NULL,NULL,NULL,NULL,NULL,NULL,NULL,NULL,NULL,'Symptomas',NULL,NULL,NULL,NULL,NULL,NULL,NULL,NULL,174,NULL),(175,NULL,NULL,NULL,NULL,NULL,NULL,NULL,NULL,NULL,NULL,'Symptomas',NULL,NULL,NULL,NULL,NULL,NULL,NULL,NULL,175,NULL),(176,NULL,NULL,NULL,NULL,NULL,NULL,NULL,NULL,NULL,NULL,'Symptomas',NULL,NULL,NULL,NULL,NULL,NULL,NULL,NULL,176,NULL),(177,NULL,NULL,NULL,NULL,NULL,NULL,NULL,NULL,NULL,NULL,'Symptomas',NULL,NULL,NULL,NULL,NULL,NULL,NULL,NULL,177,NULL),(178,NULL,NULL,NULL,NULL,NULL,NULL,NULL,NULL,NULL,NULL,'Symptomas',NULL,NULL,NULL,NULL,NULL,NULL,NULL,NULL,178,NULL),(179,NULL,NULL,NULL,NULL,NULL,NULL,NULL,NULL,NULL,NULL,'Symptomas',NULL,NULL,NULL,NULL,NULL,NULL,NULL,NULL,179,NULL),(180,NULL,NULL,NULL,NULL,NULL,NULL,NULL,NULL,NULL,NULL,'Symptomas',NULL,NULL,NULL,NULL,NULL,NULL,NULL,NULL,180,NULL),(181,NULL,NULL,NULL,NULL,NULL,NULL,NULL,NULL,NULL,NULL,'Symptomas',NULL,NULL,NULL,NULL,NULL,NULL,NULL,NULL,181,NULL),(182,NULL,NULL,NULL,NULL,NULL,NULL,NULL,NULL,NULL,NULL,'Symptomas',NULL,NULL,NULL,NULL,NULL,NULL,NULL,NULL,182,NULL),(183,NULL,NULL,NULL,NULL,NULL,NULL,NULL,NULL,NULL,NULL,'Symptomas',NULL,NULL,NULL,NULL,NULL,NULL,NULL,NULL,183,NULL),(184,NULL,NULL,NULL,NULL,NULL,NULL,NULL,NULL,NULL,NULL,'Symptomas',NULL,NULL,NULL,NULL,NULL,NULL,NULL,NULL,184,NULL),(185,NULL,NULL,NULL,NULL,NULL,NULL,NULL,NULL,NULL,NULL,'Symptomas',NULL,NULL,NULL,NULL,NULL,NULL,NULL,NULL,185,NULL),(186,NULL,NULL,NULL,NULL,NULL,NULL,NULL,NULL,NULL,NULL,'Symptomas',NULL,NULL,NULL,NULL,NULL,NULL,NULL,NULL,186,NULL),(187,NULL,NULL,NULL,NULL,NULL,NULL,NULL,NULL,NULL,NULL,'Symptomas',NULL,NULL,NULL,NULL,NULL,NULL,NULL,NULL,187,NULL),(188,NULL,NULL,NULL,NULL,NULL,NULL,NULL,NULL,NULL,NULL,'Symptomas',NULL,NULL,NULL,NULL,NULL,NULL,NULL,NULL,188,NULL),(189,NULL,NULL,NULL,NULL,NULL,NULL,NULL,NULL,NULL,NULL,'Symptomas',NULL,NULL,NULL,NULL,NULL,NULL,NULL,NULL,189,NULL),(190,NULL,NULL,NULL,NULL,NULL,NULL,NULL,NULL,NULL,NULL,'Symptomas',NULL,NULL,NULL,NULL,NULL,NULL,NULL,NULL,190,NULL),(191,NULL,NULL,NULL,NULL,NULL,NULL,NULL,NULL,NULL,NULL,'Symptomas',NULL,NULL,NULL,NULL,NULL,NULL,NULL,NULL,191,NULL),(192,NULL,NULL,NULL,NULL,NULL,NULL,NULL,NULL,NULL,NULL,'Symptomas',NULL,NULL,NULL,NULL,NULL,NULL,NULL,NULL,192,NULL),(193,NULL,NULL,NULL,NULL,NULL,NULL,NULL,NULL,NULL,NULL,'Symptomas',NULL,NULL,NULL,NULL,NULL,NULL,NULL,NULL,193,NULL),(194,NULL,NULL,NULL,NULL,NULL,NULL,NULL,NULL,NULL,NULL,'Symptomas',NULL,NULL,NULL,NULL,NULL,NULL,NULL,NULL,194,NULL),(195,NULL,NULL,NULL,NULL,NULL,NULL,NULL,NULL,NULL,NULL,'Symptomas',NULL,NULL,NULL,NULL,NULL,NULL,NULL,NULL,195,NULL),(196,NULL,NULL,NULL,NULL,NULL,NULL,NULL,NULL,NULL,NULL,'Symptomas',NULL,NULL,NULL,NULL,NULL,NULL,NULL,NULL,196,NULL),(197,NULL,NULL,NULL,NULL,NULL,NULL,NULL,NULL,NULL,NULL,'Symptomas',NULL,NULL,NULL,NULL,NULL,NULL,NULL,NULL,197,NULL),(198,NULL,NULL,NULL,NULL,NULL,NULL,NULL,NULL,NULL,NULL,'Symptomas',NULL,NULL,NULL,NULL,NULL,NULL,NULL,NULL,198,NULL),(199,NULL,NULL,NULL,NULL,NULL,NULL,NULL,NULL,NULL,NULL,'Symptomas',NULL,NULL,NULL,NULL,NULL,NULL,NULL,NULL,199,NULL),(200,NULL,NULL,NULL,NULL,NULL,NULL,NULL,NULL,NULL,NULL,'Symptomas',NULL,NULL,NULL,NULL,NULL,NULL,NULL,NULL,200,NULL),(201,NULL,NULL,NULL,NULL,NULL,NULL,NULL,NULL,NULL,NULL,'Symptomas',NULL,NULL,NULL,NULL,NULL,NULL,NULL,NULL,201,NULL),(202,NULL,NULL,NULL,NULL,NULL,NULL,NULL,NULL,NULL,NULL,'Symptomas',NULL,NULL,NULL,NULL,NULL,NULL,NULL,NULL,202,NULL),(203,NULL,NULL,NULL,NULL,NULL,NULL,NULL,NULL,NULL,NULL,'Symptomas',NULL,NULL,NULL,NULL,NULL,NULL,NULL,NULL,203,NULL),(204,NULL,NULL,NULL,NULL,NULL,NULL,NULL,NULL,NULL,NULL,'Symptomas',NULL,NULL,NULL,NULL,NULL,NULL,NULL,NULL,204,NULL),(205,NULL,NULL,NULL,NULL,NULL,NULL,NULL,NULL,NULL,NULL,'Symptomas',NULL,NULL,NULL,NULL,NULL,NULL,NULL,NULL,205,NULL),(206,NULL,NULL,NULL,NULL,NULL,NULL,NULL,NULL,NULL,NULL,'Symptomas',NULL,NULL,NULL,NULL,NULL,NULL,NULL,NULL,206,NULL),(207,NULL,NULL,NULL,NULL,NULL,NULL,NULL,NULL,NULL,NULL,'Symptomas',NULL,NULL,NULL,NULL,NULL,NULL,NULL,NULL,207,NULL),(208,NULL,NULL,NULL,NULL,NULL,NULL,NULL,NULL,NULL,NULL,'Symptomas',NULL,NULL,NULL,NULL,NULL,NULL,NULL,NULL,208,NULL),(209,NULL,NULL,NULL,NULL,NULL,NULL,NULL,NULL,NULL,NULL,'Symptomas',NULL,NULL,NULL,NULL,NULL,NULL,NULL,NULL,209,NULL),(210,NULL,NULL,NULL,NULL,NULL,NULL,NULL,NULL,NULL,NULL,'Symptomas',NULL,NULL,NULL,NULL,NULL,NULL,NULL,NULL,210,NULL),(211,NULL,NULL,NULL,NULL,NULL,NULL,NULL,NULL,NULL,NULL,'Symptomas',NULL,NULL,NULL,NULL,NULL,NULL,NULL,NULL,211,NULL),(212,NULL,NULL,NULL,NULL,NULL,NULL,NULL,NULL,NULL,NULL,'Symptomas',NULL,NULL,NULL,NULL,NULL,NULL,NULL,NULL,212,NULL),(213,NULL,NULL,NULL,NULL,NULL,NULL,NULL,NULL,NULL,NULL,'Symptomas',NULL,NULL,NULL,NULL,NULL,NULL,NULL,NULL,213,NULL),(214,NULL,NULL,NULL,NULL,NULL,NULL,NULL,NULL,NULL,NULL,'Symptomas',NULL,NULL,NULL,NULL,NULL,NULL,NULL,NULL,214,NULL),(215,NULL,NULL,NULL,NULL,NULL,NULL,NULL,NULL,NULL,NULL,'Symptomas',NULL,NULL,NULL,NULL,NULL,NULL,NULL,NULL,215,NULL),(216,NULL,NULL,NULL,NULL,NULL,NULL,NULL,NULL,NULL,NULL,'Symptomas',NULL,NULL,NULL,NULL,NULL,NULL,NULL,NULL,216,NULL),(217,NULL,NULL,NULL,NULL,NULL,NULL,NULL,NULL,NULL,NULL,'Symptomas',NULL,NULL,NULL,NULL,NULL,NULL,NULL,NULL,217,NULL),(218,NULL,NULL,NULL,NULL,NULL,NULL,NULL,NULL,NULL,NULL,'Symptomas',NULL,NULL,NULL,NULL,NULL,NULL,NULL,NULL,218,NULL),(219,NULL,NULL,NULL,NULL,NULL,NULL,NULL,NULL,NULL,NULL,'Symptomas',NULL,NULL,NULL,NULL,NULL,NULL,NULL,NULL,219,NULL),(220,NULL,NULL,NULL,NULL,NULL,NULL,NULL,NULL,NULL,NULL,'Symptomas',NULL,NULL,NULL,NULL,NULL,NULL,NULL,NULL,220,NULL),(221,NULL,NULL,NULL,NULL,NULL,NULL,NULL,NULL,NULL,NULL,'Symptomas',NULL,NULL,NULL,NULL,NULL,NULL,NULL,NULL,221,NULL),(222,NULL,NULL,NULL,NULL,NULL,NULL,NULL,NULL,NULL,NULL,'Symptomas',NULL,NULL,NULL,NULL,NULL,NULL,NULL,NULL,222,NULL),(223,NULL,NULL,NULL,NULL,NULL,NULL,NULL,NULL,NULL,NULL,'Symptomas',NULL,NULL,NULL,NULL,NULL,NULL,NULL,NULL,223,NULL),(224,NULL,NULL,NULL,NULL,NULL,NULL,NULL,NULL,NULL,NULL,'Symptomas',NULL,NULL,NULL,NULL,NULL,NULL,NULL,NULL,224,NULL),(225,NULL,NULL,NULL,NULL,NULL,NULL,NULL,NULL,NULL,NULL,'Symptomas',NULL,NULL,NULL,NULL,NULL,NULL,NULL,NULL,225,NULL),(226,NULL,NULL,NULL,NULL,NULL,NULL,NULL,NULL,NULL,NULL,'Symptomas',NULL,NULL,NULL,NULL,NULL,NULL,NULL,NULL,226,NULL),(227,NULL,NULL,NULL,NULL,NULL,NULL,NULL,NULL,NULL,NULL,'Symptomas',NULL,NULL,NULL,NULL,NULL,NULL,NULL,NULL,227,NULL),(228,NULL,NULL,NULL,NULL,NULL,NULL,NULL,NULL,NULL,NULL,'Symptomas',NULL,NULL,NULL,NULL,NULL,NULL,NULL,NULL,228,NULL),(229,NULL,NULL,NULL,NULL,NULL,NULL,NULL,NULL,NULL,NULL,'Symptomas',NULL,NULL,NULL,NULL,NULL,NULL,NULL,NULL,229,NULL);
/*!40000 ALTER TABLE `clinicaldatatable` ENABLE KEYS */;
UNLOCK TABLES;

--
-- Table structure for table `coagulationtestingtable`
--

DROP TABLE IF EXISTS `coagulationtestingtable`;
/*!40101 SET @saved_cs_client     = @@character_set_client */;
/*!40101 SET character_set_client = utf8 */;
CREATE TABLE `coagulationtestingtable` (
  `CoagulationTestingID` int(11) NOT NULL AUTO_INCREMENT,
  `FactorVIIILevel` double NOT NULL,
  `FactorIXLevel` double NOT NULL,
  `InhibitorAssay` double NOT NULL,
  `BethesdaUnits` double NOT NULL,
  PRIMARY KEY (`CoagulationTestingID`)
) ENGINE=InnoDB AUTO_INCREMENT=7 DEFAULT CHARSET=latin1;
/*!40101 SET character_set_client = @saved_cs_client */;

--
-- Dumping data for table `coagulationtestingtable`
--

LOCK TABLES `coagulationtestingtable` WRITE;
/*!40000 ALTER TABLE `coagulationtestingtable` DISABLE KEYS */;
INSERT INTO `coagulationtestingtable` VALUES (1,1.3,1.4,1.5,1.6),(2,1.3,1.4,1.5,1.6),(3,1.3,1.4,1.5,1.6),(4,1.3,1.4,1.5,1.6),(5,1.3,1.4,1.5,1.6),(6,1.3,1.4,1.5,1.6);
/*!40000 ALTER TABLE `coagulationtestingtable` ENABLE KEYS */;
UNLOCK TABLES;

--
-- Table structure for table `cytogeneticmolecularaapnhtable`
--

DROP TABLE IF EXISTS `cytogeneticmolecularaapnhtable`;
/*!40101 SET @saved_cs_client     = @@character_set_client */;
/*!40101 SET character_set_client = utf8 */;
CREATE TABLE `cytogeneticmolecularaapnhtable` (
  `CytogeneticMolecularAAPNHID` int(11) NOT NULL AUTO_INCREMENT,
  `Result` blob,
  PRIMARY KEY (`CytogeneticMolecularAAPNHID`)
) ENGINE=InnoDB AUTO_INCREMENT=16 DEFAULT CHARSET=latin1;
/*!40101 SET character_set_client = @saved_cs_client */;

--
-- Dumping data for table `cytogeneticmolecularaapnhtable`
--

LOCK TABLES `cytogeneticmolecularaapnhtable` WRITE;
/*!40000 ALTER TABLE `cytogeneticmolecularaapnhtable` DISABLE KEYS */;
INSERT INTO `cytogeneticmolecularaapnhtable` VALUES (1,'ok'),(2,'ok'),(3,''),(4,'ok'),(5,'ok'),(6,'ok'),(7,''),(8,'ok'),(9,'ok'),(10,'ok'),(11,''),(12,'ok'),(13,'ok'),(14,'ok'),(15,'ok');
/*!40000 ALTER TABLE `cytogeneticmolecularaapnhtable` ENABLE KEYS */;
UNLOCK TABLES;

--
-- Table structure for table `cytogeneticmolecularmdstable`
--

DROP TABLE IF EXISTS `cytogeneticmolecularmdstable`;
/*!40101 SET @saved_cs_client     = @@character_set_client */;
/*!40101 SET character_set_client = utf8 */;
CREATE TABLE `cytogeneticmolecularmdstable` (
  `CytogeneticMolecularMDSID` int(11) NOT NULL AUTO_INCREMENT,
  `Result` blob,
  PRIMARY KEY (`CytogeneticMolecularMDSID`)
) ENGINE=InnoDB AUTO_INCREMENT=16 DEFAULT CHARSET=latin1;
/*!40101 SET character_set_client = @saved_cs_client */;

--
-- Dumping data for table `cytogeneticmolecularmdstable`
--

LOCK TABLES `cytogeneticmolecularmdstable` WRITE;
/*!40000 ALTER TABLE `cytogeneticmolecularmdstable` DISABLE KEYS */;
INSERT INTO `cytogeneticmolecularmdstable` VALUES (1,'ok'),(2,'ok'),(3,''),(4,'ok'),(5,'ok'),(6,'ok'),(7,''),(8,'ok'),(9,'ok'),(10,'ok'),(11,''),(12,'ok'),(13,'ok'),(14,'ok'),(15,'ok');
/*!40000 ALTER TABLE `cytogeneticmolecularmdstable` ENABLE KEYS */;
UNLOCK TABLES;

--
-- Table structure for table `cytogeneticmoleculartable`
--

DROP TABLE IF EXISTS `cytogeneticmoleculartable`;
/*!40101 SET @saved_cs_client     = @@character_set_client */;
/*!40101 SET character_set_client = utf8 */;
CREATE TABLE `cytogeneticmoleculartable` (
  `CytogeneticMolecularID` int(11) NOT NULL AUTO_INCREMENT,
  `Result` blob,
  PRIMARY KEY (`CytogeneticMolecularID`)
) ENGINE=InnoDB AUTO_INCREMENT=101 DEFAULT CHARSET=latin1;
/*!40101 SET character_set_client = @saved_cs_client */;

--
-- Dumping data for table `cytogeneticmoleculartable`
--

LOCK TABLES `cytogeneticmoleculartable` WRITE;
/*!40000 ALTER TABLE `cytogeneticmoleculartable` DISABLE KEYS */;
INSERT INTO `cytogeneticmoleculartable` VALUES (1,'ok'),(2,''),(3,'ok'),(4,'ok'),(5,'ok'),(6,''),(7,'ok'),(8,''),(9,'ok'),(10,'ok'),(11,''),(12,'ok'),(13,'ok'),(14,'ok'),(15,''),(16,'ok'),(17,'ok'),(18,''),(19,'ok'),(20,'ok'),(21,'ok'),(22,'ok'),(23,''),(24,'ok'),(25,'ok'),(26,'ok'),(27,''),(28,'ok'),(29,'ok'),(30,'ok'),(31,''),(32,'ok'),(33,'ok'),(34,'ok'),(35,'ok'),(36,'ok'),(37,'ok'),(38,'ok'),(39,'ok'),(40,''),(41,'ok'),(42,'ok'),(43,'ok'),(44,''),(45,''),(46,'ok'),(47,'ok'),(48,'ok'),(49,''),(50,''),(51,'ok'),(52,'ok'),(53,'ok'),(54,''),(55,''),(56,'ok'),(57,'ok'),(58,'ok'),(59,''),(60,'Ok'),(61,''),(62,'Ok'),(63,'Ok'),(64,''),(65,'Ok'),(66,'Ok'),(67,''),(68,'Ok'),(69,''),(70,'Ok'),(71,'Ok'),(72,'Ok'),(73,'Ok'),(74,'Ok'),(75,'Ok'),(76,'Ok'),(77,'Ok'),(78,'Ok'),(79,'Ok'),(80,'Ok'),(81,'Ok'),(82,'Ok'),(83,'Ok'),(84,'Ok'),(85,'Ok'),(86,'Ok'),(87,'Ok'),(88,'Ok'),(89,'Ok'),(90,'Ok'),(91,'Ok'),(92,'Ok'),(93,'Ok'),(94,'Ok'),(95,'Ok'),(96,'Ok'),(97,'Ok'),(98,'Ok'),(99,'Ok'),(100,'Ok');
/*!40000 ALTER TABLE `cytogeneticmoleculartable` ENABLE KEYS */;
UNLOCK TABLES;

--
-- Table structure for table `diseasestatustable`
--

DROP TABLE IF EXISTS `diseasestatustable`;
/*!40101 SET @saved_cs_client     = @@character_set_client */;
/*!40101 SET character_set_client = utf8 */;
CREATE TABLE `diseasestatustable` (
  `DiseaseStatusID` int(11) NOT NULL AUTO_INCREMENT,
  `DiseaseStatus` blob NOT NULL,
  `RelapseDisease` blob,
  `OtherDisease` blob,
  PRIMARY KEY (`DiseaseStatusID`)
) ENGINE=InnoDB AUTO_INCREMENT=233 DEFAULT CHARSET=latin1;
/*!40101 SET character_set_client = @saved_cs_client */;

--
-- Dumping data for table `diseasestatustable`
--

LOCK TABLES `diseasestatustable` WRITE;
/*!40000 ALTER TABLE `diseasestatustable` DISABLE KEYS */;
INSERT INTO `diseasestatustable` VALUES (1,'Hematologic Response','',''),(2,'Hematologic Response','',''),(3,'Stable Disease','',''),(4,'Stable Disease','',''),(5,'Stable Disease','',''),(6,'Relapsed','',''),(7,'Relapsed','',''),(8,'Relapsed','',''),(9,'Relapsed','',''),(10,'Others','','Disease Status'),(11,'Others','','Disease Status'),(12,'Others','','Disease Status'),(13,'Others','','Disease Status'),(14,'Others','','Disease Status'),(15,'Others','','Disease Status'),(16,'Stable Disease','',''),(17,'Stable Disease','',''),(18,'Stable Disease','',''),(19,'Stable Disease','',''),(20,'Stable Disease','',''),(21,'Stable Disease','',''),(22,'Newly Diagnosed','',''),(23,'CR (Complete Remission)','',''),(24,'nCR (near CR)','',''),(25,'PR (Partial Response)','',''),(26,'PD (Progressive Disease)','',''),(27,'SD (Stable Disease)','',''),(28,'Complete Hematologic Response','',''),(29,'Complete Cytogenetic Response','',''),(30,'Major Molecular Response','',''),(31,'Spleen Response','',''),(32,'Spleen Response','',''),(33,'Symptom Response','',''),(34,'Symptom Response','',''),(35,'Others','','Disease Status'),(36,'Others','','Disease Status'),(37,'Newly Diagnosed','',''),(38,'CR (Complete Response)','',''),(39,'CR (Complete Response)','',''),(40,'PR (Partial Response)','',''),(41,'PR (Partial Response)','',''),(42,'PR (Partial Response)','',''),(43,'NR (No Response) or SD (Stable Disease)','',''),(44,'NR (No Response) or SD (Stable Disease)','',''),(45,'NR (No Response) or SD (Stable Disease)','',''),(46,'PD (Progressive Disease)','',''),(47,'PD (Progressive Disease)','',''),(48,'PD (Progressive Disease)','',''),(49,'CR (Complete Remission)','',''),(50,'PR (Partial Response)','',''),(51,'PR (Partial Response)','',''),(52,'PD (Progressive Disease)','',''),(53,'PD (Progressive Disease)','',''),(54,'PD (Progressive Disease)','',''),(55,'SD (Stable Disease)','',''),(56,'SD (Stable Disease)','',''),(57,'SD (Stable Disease)','',''),(58,'Hematologic Response','',''),(59,'Hematologic Response','',''),(60,'Hematologic Response','',''),(61,'Spleen Response','',''),(62,'Spleen Response','',''),(63,'Spleen Response','',''),(64,'Spleen Response','',''),(65,'Symptom Response','',''),(66,'Symptom Response','',''),(67,'Symptom Response','',''),(68,'Symptom Response','',''),(69,'Others','',''),(70,'Others','',''),(71,'Others','',''),(72,'Others','',''),(73,'CR (Complete Remission)','',''),(74,'SCR (Stringent Complete Remission)','',''),(75,'Immunophenotypic CR','',''),(76,'Molecular CR','',''),(77,'VGPR (Very Good Partial Response)','',''),(78,'VGPR (Very Good Partial Response)','',''),(79,'PR (Partial Response)','',''),(80,'PR (Partial Response)','',''),(81,'MR (Minimal Response for relapsed refractory myeloma only)','',''),(82,'MR (Minimal Response for relapsed refractory myeloma only)','',''),(83,'SD (Stable Disease)','',''),(84,'SD (Stable Disease)','',''),(85,'PD (Progressive Disease)','',''),(86,'PD (Progressive Disease)','',''),(87,'Relapse',NULL,''),(88,'Relapse',NULL,''),(89,'Relapse',NULL,''),(90,'Others','','Disease Status'),(91,'Others','','Disease Status'),(92,'Others','','Disease Status'),(93,'Newly Diagnosed','',''),(94,'Newly Diagnosed ITP &#40;within 3 months from diagnosis&#41;','',''),(95,'Persistent ITP &#40;between 3-12 months from diagnosis. Includes patients not reaching spontaneous remission or not maintaining complete response off therapy&#41;','',''),(96,'Persistent ITP &#40;between 3-12 months from diagnosis. Includes patients not reaching spontaneous remission or not maintaining complete response off therapy&#41;','',''),(97,'Persistent ITP &#40;between 3-12 months from diagnosis. Includes patients not reaching spontaneous remission or not maintaining complete response off therapy&#41;','',''),(98,'Chronic ITP &#40;lasting for more than 12 months&#41;','',''),(99,'Chronic ITP &#40;lasting for more than 12 months&#41;','',''),(100,'Chronic ITP &#40;lasting for more than 12 months&#41;','',''),(101,'Chronic ITP &#40;lasting for more than 12 months&#41;','',''),(102,'Severe ITP &#40;presence of bleeding symptoms at presentation sufficient to mandate treatment, or occurrence of new bleeding symptoms requiring additional therapeutic intervention with a different platelet-enhancing agent or an increased dose&#41;','',''),(103,'Severe ITP &#40;presence of bleeding symptoms at presentation sufficient to mandate treatment, or occurrence of new bleeding symptoms requiring additional therapeutic intervention with a different platelet-enhancing agent or an increased dose&#41;','',''),(104,'Severe ITP &#40;presence of bleeding symptoms at presentation sufficient to mandate treatment, or occurrence of new bleeding symptoms requiring additional therapeutic intervention with a different platelet-enhancing agent or an increased dose&#41;','',''),(105,'Severe ITP &#40;presence of bleeding symptoms at presentation sufficient to mandate treatment, or occurrence of new bleeding symptoms requiring additional therapeutic intervention with a different platelet-enhancing agent or an increased dose&#41;','',''),(106,'Severe ITP &#40;presence of bleeding symptoms at presentation sufficient to mandate treatment, or occurrence of new bleeding symptoms requiring additional therapeutic intervention with a different platelet-enhancing agent or an increased dose&#41;','',''),(107,'Severe ITP &#40;presence of bleeding symptoms at presentation sufficient to mandate treatment, or occurrence of new bleeding symptoms requiring additional therapeutic intervention with a different platelet-enhancing agent or an increased dose&#41;','',''),(108,'Hematologic Response',NULL,''),(109,'Stable Disease',NULL,''),(110,'Stable Disease',NULL,''),(111,'Relapsed',NULL,''),(112,'Relapsed',NULL,''),(113,'Dead',NULL,''),(114,'Dead',NULL,''),(115,'Dead',NULL,''),(116,'Others',NULL,'Other Disease'),(117,'Others',NULL,'Other Disease'),(118,'Others',NULL,'Other Disease'),(119,'Stable Disease',NULL,''),(120,'Stable Disease',NULL,''),(121,'Stable Disease',NULL,''),(122,'Relapsed',NULL,''),(123,'Refractory Disease',NULL,''),(124,'Refractory Disease',NULL,''),(125,'CR (Complete Remission)',NULL,''),(126,'CR (Complete Remission)',NULL,''),(127,'nCR (near CR)',NULL,''),(128,'nCR (near CR)',NULL,''),(129,'PR (Partial Response)',NULL,''),(130,'PR (Partial Response)',NULL,''),(131,'PD (Progressive Disease)',NULL,''),(132,'PD (Progressive Disease)',NULL,''),(133,'SD (Stable Disease)',NULL,''),(134,'SD (Stable Disease)',NULL,''),(135,'Complete Hematologic Response',NULL,''),(136,'Complete Hematologic Response',NULL,''),(137,'Complete Hematologic Response',NULL,''),(138,'Complete Cytogenetic Response',NULL,''),(139,'Complete Cytogenetic Response',NULL,''),(140,'Complete Cytogenetic Response',NULL,''),(141,'Major Molecular Response',NULL,''),(142,'Major Molecular Response',NULL,''),(143,'Major Molecular Response',NULL,''),(144,'Spleen Response',NULL,''),(145,'Spleen Response',NULL,''),(146,'Spleen Response',NULL,''),(147,'Symptom Response',NULL,''),(148,'Symptom Response',NULL,''),(149,'Symptom Response',NULL,''),(150,'Dead',NULL,''),(151,'Others',NULL,''),(152,'CR (Complete Response)',NULL,''),(153,'PR (Partial Response)',NULL,''),(154,'PR (Partial Response)',NULL,''),(155,'NR (No Response) or SD (Stable Disease)',NULL,''),(156,'NR (No Response) or SD (Stable Disease)',NULL,''),(157,'NR (No Response) or SD (Stable Disease)',NULL,''),(158,'PD (Progressive Disease)',NULL,''),(159,'PD (Progressive Disease)',NULL,''),(160,'PD (Progressive Disease)',NULL,''),(161,'RR (Relapsed/Refractory Disease)',NULL,''),(162,'RR (Relapsed/Refractory Disease)',NULL,''),(163,'RR (Relapsed/Refractory Disease)',NULL,''),(164,'Dead',NULL,''),(165,'Dead',NULL,''),(166,'Dead',NULL,''),(167,'Others',NULL,'Other Disease'),(168,'Others',NULL,'Other Disease'),(169,'Others',NULL,'Other Disease'),(170,'CR (Complete Remission)',NULL,''),(171,'PR (Partial Response)',NULL,''),(172,'PD (Progressive Disease)',NULL,''),(173,'PD (Progressive Disease)',NULL,''),(174,'SD (Stable Disease)',NULL,''),(175,'SD (Stable Disease)',NULL,''),(176,'Hematologic response',NULL,''),(177,'Hematologic response',NULL,''),(178,'Hematologic response',NULL,''),(179,'Spleen response',NULL,''),(180,'Spleen response',NULL,''),(181,'Spleen response',NULL,''),(182,'Symptom response',NULL,''),(183,'Symptom response',NULL,''),(184,'Symptom response',NULL,''),(185,'Dead',NULL,''),(186,'Dead',NULL,''),(187,'Dead',NULL,''),(188,'Others',NULL,''),(189,'Others',NULL,''),(190,'Others',NULL,''),(191,'CR (Complete Remission)','',''),(192,'SCR (Stringent Complete Remission)','',''),(193,'Immunophenotypic','',''),(194,'Molecular CR','',''),(195,'Molecular CR','',''),(196,'VGPR (Very Good Partial Response)','',''),(197,'VGPR (Very Good Partial Response)','',''),(198,'PR (Partial Response)','',''),(199,'PR (Partial Response)','',''),(200,'MR (Minimal Response for relapsed refractory myeloma only)','',''),(201,'MR (Minimal Response for relapsed refractory myeloma only)','',''),(202,'MR (Minimal Response for relapsed refractory myeloma only)','',''),(203,'SD (Stable Disease)','',''),(204,'SD (Stable Disease)','',''),(205,'SD (Stable Disease)','',''),(206,'PD (Progressive Disease)','',''),(207,'PD (Progressive Disease)','',''),(208,'PD (Progressive Disease)','',''),(209,'Relapse',NULL,''),(210,'Relapse',NULL,''),(211,'Relapse',NULL,''),(212,'Dead','',''),(213,'Dead','',''),(214,'Dead','',''),(215,'Others','','Other Disease'),(216,'Others','','Other Disease'),(217,'Others','','Other Disease'),(218,'CR (Complete Remission): platelet count &gt; 100 x\r\n                                             109/L','',''),(219,'R (Remission): platelet count &gt; 30 x 109/L or at\r\n                                             least 2-fold increase the baseline count','',''),(220,'Time to Response: Time from starting treatment to time of achievement of CR or R (text)','',''),(221,'NR (No Remission): platelet count &lt; 30 x 109/L or\r\n                                             less than 2-fold increase the baseline count or bleeding','',''),(222,'Loss of Response','',''),(223,'Refractory ITP','',''),(224,'Refractory ITP','',''),(225,'Stable Disease','',''),(226,'Stable Disease','',''),(227,'Dead','',''),(228,'Dead','',''),(229,'Dead','',''),(230,'Others','','Other Disease'),(231,'Others','','Other Disease'),(232,'Others','','Other Disease');
/*!40000 ALTER TABLE `diseasestatustable` ENABLE KEYS */;
UNLOCK TABLES;

--
-- Table structure for table `diseasetable`
--

DROP TABLE IF EXISTS `diseasetable`;
/*!40101 SET @saved_cs_client     = @@character_set_client */;
/*!40101 SET character_set_client = utf8 */;
CREATE TABLE `diseasetable` (
  `DiseaseID` int(11) NOT NULL,
  `DiseaseName` varchar(100) NOT NULL,
  PRIMARY KEY (`DiseaseID`)
) ENGINE=InnoDB DEFAULT CHARSET=latin1;
/*!40101 SET character_set_client = @saved_cs_client */;

--
-- Dumping data for table `diseasetable`
--

LOCK TABLES `diseasetable` WRITE;
/*!40000 ALTER TABLE `diseasetable` DISABLE KEYS */;
INSERT INTO `diseasetable` VALUES (1,'AAPHSMDS'),(2,'COAGULATION DISEASE'),(3,'LEUKEMIA'),(4,'LYPHOMA'),(5,'MYELOPROLIFERATIVE NEOPLASM'),(6,'PLASMA CELL DISORDER'),(7,'PLATELET DISORDER');
/*!40000 ALTER TABLE `diseasetable` ENABLE KEYS */;
UNLOCK TABLES;

--
-- Table structure for table `familycancertable`
--

DROP TABLE IF EXISTS `familycancertable`;
/*!40101 SET @saved_cs_client     = @@character_set_client */;
/*!40101 SET character_set_client = utf8 */;
CREATE TABLE `familycancertable` (
  `FamilyCancerID` int(11) NOT NULL AUTO_INCREMENT,
  `ClinicalDataID` int(11) NOT NULL,
  `RelationshipToPatient` blob,
  `CancerName` blob,
  PRIMARY KEY (`FamilyCancerID`),
  KEY `FamilyCancerTable_fk0` (`ClinicalDataID`),
  CONSTRAINT `FamilyCancerTable_fk0` FOREIGN KEY (`ClinicalDataID`) REFERENCES `clinicaldatatable` (`ClinicalDataID`)
) ENGINE=InnoDB AUTO_INCREMENT=108 DEFAULT CHARSET=latin1;
/*!40101 SET character_set_client = @saved_cs_client */;

--
-- Dumping data for table `familycancertable`
--

LOCK TABLES `familycancertable` WRITE;
/*!40000 ALTER TABLE `familycancertable` DISABLE KEYS */;
INSERT INTO `familycancertable` VALUES (1,1,'Relationship to Patient','Specify Cancer'),(2,2,'Relationship to Patient','Specify Cancer'),(3,3,'',''),(4,4,'Relationship to Patient','Specify Cancer'),(5,5,'Relationship to Patient','Specify Cancer'),(6,6,'Relationship to Patient','Specify Cancer'),(7,7,'',''),(8,8,'Relationship to Patient','Specify Cancer'),(9,9,'Relationship to Patient','Specify Cancer'),(10,10,'Relationship to Patient','Specify Cancer'),(11,11,'',''),(12,12,'Relationship to Patient','Specify Cancer'),(13,13,'Relationship to Patient','Specify Cancer'),(14,14,'Relationship to Patient','Specify Cancer'),(15,15,'Relationship to Patient','Specify Cancer'),(16,16,'',''),(17,17,'Relationship to Patient','Specify Cancer'),(18,18,'Relationship to Patient','Specify Cancer'),(19,19,'Relationship to Patient','Specify Cancer'),(20,20,'',''),(21,21,'',''),(22,22,'Relationship to Patient','Specify Cancer'),(23,23,'',''),(24,24,'Relationship to Patient','Specify Cancer'),(25,25,'Relationship to Patient','Specify Cancer'),(26,26,'Relationship to Patient','Specify Cancer'),(27,27,'',''),(28,28,'Relationship to Patient','Specify Cancer'),(29,29,'',''),(30,30,'Relationship to Patient','Specify Cancer'),(31,31,'Relationship to Patient','Specify Cancer'),(32,32,'',''),(33,33,'Relationship to Patient','Specify Cancer'),(34,34,'Relationship to Patient','Specify Cancer'),(35,35,'Relationship to Patient','Specify Cancer'),(36,36,'',''),(37,37,'',''),(38,38,'Relationship to Patient','Specify Cancer'),(39,39,'Relationship to Patient','Specify Cancer'),(40,40,'',''),(41,41,'Relationship to Patient','Specify Cancer'),(42,42,'Relationship to Patient','Specify Cancer'),(43,43,'',''),(44,44,'Relationship to Patient','Specify Cancer'),(45,45,'Relationship to Patient','Specify Cancer'),(46,46,'',''),(47,47,'Relationship to Patient','Specify Cancer'),(48,48,'Relationship to Patient','Specify Cancer'),(49,49,'Relationship to Patient','Specify Cancer'),(50,50,'Relationship to Patient','Specify Cancer'),(51,51,'',''),(52,52,'Relationship to Patient','Specify Cancer'),(53,53,'Relationship to Patient','Specify Cancer'),(54,54,'Relationship to Patient','Specify Cancer'),(55,55,'Relationship to Patient','Specify Cancer'),(56,56,'',''),(57,57,'Relationship to Patient','Specify Cancer'),(58,58,'Relationship to Patient','Specify Cancer'),(59,59,'Relationship to Patient','Specify Cancer'),(60,60,'',''),(61,61,'Relationship to Patient','Specify Cancer'),(62,62,'Relationship to Patient','Specify Cancer'),(63,63,'Relationship to Patient','Specify Cancer'),(64,64,'',''),(65,65,'Relationship to Patient','Specify Cancer'),(66,66,'Relationship to Patient','Specify Cancer'),(67,67,'Relationship to Patient','Specify Cancer'),(68,68,'Relationship to Patient','Specify Cancer'),(69,69,'Relationship to Patient','Specify Cancer'),(70,70,'Relationship to Patient','Specify Cancer'),(71,71,'Relationship to Patient','Specify Cancer'),(72,72,'Relationship to Patient','Specify Cancer'),(73,73,'',''),(74,74,'Relationship to Patient','Specify Cancer'),(75,75,'Relationship to Patient','Specify Cancer'),(76,76,'Relationship to Patient','Specify Cancer'),(77,77,'',''),(78,78,'',''),(79,79,'Relationship to Patient','Specify Cancer'),(80,80,'Relationship to Patient','Specify Cancer'),(81,81,'Relationship to Patient','Specify Cancer'),(82,82,'',''),(83,83,'',''),(84,84,'Relationship to Patient','Specify Cancer'),(85,85,'Relationship to Patient','Specify Cancer'),(86,86,'Relationship to Patient','Specify Cancer'),(87,87,'',''),(88,88,'',''),(89,89,'Relationship to Patient','Specify Cancer'),(90,90,'Relationship to Patient','Specify Cancer'),(91,91,'Relationship to Patient','Specify Cancer'),(92,92,'',''),(93,93,'Relationship to Patient','Specify Cancer'),(94,94,'Relationship to Patient','Specify Cancer'),(95,95,'',''),(96,96,'Relationship to Patient','Specify Cancer'),(97,97,'Relationship to Patient','Specify Cancer'),(98,98,'Relationship to Patient','Specify Cancer'),(99,99,'Relationship to Patient','Specify Cancer'),(100,100,'',''),(101,101,'Relationship to Patient','Specify Cancer'),(102,102,'Relationship to Patient','Specify Cancer'),(103,103,'Relationship to Patient','Specify Cancer'),(104,104,'Relationship to Patient','Specify Cancer'),(105,105,'',''),(106,106,'Relationship to Patient','Specify Cancer'),(107,107,'Relationship to Patient','Specify Cancer');
/*!40000 ALTER TABLE `familycancertable` ENABLE KEYS */;
UNLOCK TABLES;

--
-- Table structure for table `flowcytometrytable`
--

DROP TABLE IF EXISTS `flowcytometrytable`;
/*!40101 SET @saved_cs_client     = @@character_set_client */;
/*!40101 SET character_set_client = utf8 */;
CREATE TABLE `flowcytometrytable` (
  `FlowCytometryID` int(11) NOT NULL AUTO_INCREMENT,
  `Result` blob,
  PRIMARY KEY (`FlowCytometryID`)
) ENGINE=InnoDB AUTO_INCREMENT=84 DEFAULT CHARSET=latin1;
/*!40101 SET character_set_client = @saved_cs_client */;

--
-- Dumping data for table `flowcytometrytable`
--

LOCK TABLES `flowcytometrytable` WRITE;
/*!40000 ALTER TABLE `flowcytometrytable` DISABLE KEYS */;
INSERT INTO `flowcytometrytable` VALUES (1,'ok'),(2,'ok'),(3,''),(4,'ok'),(5,'ok'),(6,'ok'),(7,''),(8,'ok'),(9,'ok'),(10,'ok'),(11,''),(12,'ok'),(13,'ok'),(14,'ok'),(15,'ok'),(16,'ok'),(17,''),(18,'ok'),(19,'ok'),(20,'ok'),(21,''),(22,'ok'),(23,''),(24,'ok'),(25,'ok'),(26,''),(27,'ok'),(28,'ok'),(29,'ok'),(30,''),(31,''),(32,'ok'),(33,'ok'),(34,''),(35,'ok'),(36,'ok'),(37,''),(38,'ok'),(39,'ok'),(40,''),(41,'ok'),(42,'ok'),(43,'Ok'),(44,''),(45,'Ok'),(46,'Ok'),(47,''),(48,'Ok'),(49,'Ok'),(50,''),(51,'Ok'),(52,''),(53,'Ok'),(54,'Ok'),(55,'Ok'),(56,'Ok'),(57,'Ok'),(58,'Ok'),(59,'Ok'),(60,'Ok'),(61,'Ok'),(62,'Ok'),(63,'Ok'),(64,'Ok'),(65,'Ok'),(66,'Ok'),(67,'Ok'),(68,'Ok'),(69,'Ok'),(70,'Ok'),(71,'Ok'),(72,'Ok'),(73,'Ok'),(74,'Ok'),(75,'Ok'),(76,'Ok'),(77,'Ok'),(78,'Ok'),(79,'Ok'),(80,'Ok'),(81,'Ok'),(82,'Ok'),(83,'Ok');
/*!40000 ALTER TABLE `flowcytometrytable` ENABLE KEYS */;
UNLOCK TABLES;

--
-- Table structure for table `followuptable`
--

DROP TABLE IF EXISTS `followuptable`;
/*!40101 SET @saved_cs_client     = @@character_set_client */;
/*!40101 SET character_set_client = utf8 */;
CREATE TABLE `followuptable` (
  `FollowUpID` int(11) NOT NULL AUTO_INCREMENT,
  `PatientID` int(11) DEFAULT NULL,
  `DateOfEntry` varchar(500) NOT NULL,
  `DateOfVisit` varchar(500) NOT NULL,
  `MedicalEventsID` int(11) DEFAULT NULL,
  `ClinicalDataID` int(11) DEFAULT NULL,
  `LaboratoryID` int(11) DEFAULT NULL,
  `DiseaseStatusID` int(11) DEFAULT NULL,
  `Notes` blob NOT NULL,
  PRIMARY KEY (`FollowUpID`),
  KEY `FollowUpTable_fk0` (`PatientID`),
  KEY `FollowUpTable_fk1` (`MedicalEventsID`),
  KEY `FollowUpTable_fk2` (`ClinicalDataID`),
  KEY `FollowUpTable_fk3` (`LaboratoryID`),
  KEY `FollowUpTable_fk4` (`DiseaseStatusID`),
  CONSTRAINT `FollowUpTable_fk0` FOREIGN KEY (`PatientID`) REFERENCES `patienttable` (`PatientID`),
  CONSTRAINT `FollowUpTable_fk1` FOREIGN KEY (`MedicalEventsID`) REFERENCES `medicaleventstable` (`MedicalEventsID`),
  CONSTRAINT `FollowUpTable_fk2` FOREIGN KEY (`ClinicalDataID`) REFERENCES `clinicaldatatable` (`ClinicalDataID`),
  CONSTRAINT `FollowUpTable_fk3` FOREIGN KEY (`LaboratoryID`) REFERENCES `laboratoryprofiletable` (`LaboratoryID`),
  CONSTRAINT `FollowUpTable_fk4` FOREIGN KEY (`DiseaseStatusID`) REFERENCES `diseasestatustable` (`DiseaseStatusID`)
) ENGINE=InnoDB AUTO_INCREMENT=126 DEFAULT CHARSET=latin1;
/*!40101 SET character_set_client = @saved_cs_client */;

--
-- Dumping data for table `followuptable`
--

LOCK TABLES `followuptable` WRITE;
/*!40000 ALTER TABLE `followuptable` DISABLE KEYS */;
INSERT INTO `followuptable` VALUES (1,1,'697A044095ACC66DA86AB136B4AB0230','697A044095ACC66DA86AB136B4AB0230',1,108,108,108,'Special'),(2,1,'94A9CA1B71E50ED44439AF65B8AD3712','94A9CA1B71E50ED44439AF65B8AD3712',2,109,109,109,'Special'),(3,1,'76A9441A8F5C717B225ADE1D73C7C463','76A9441A8F5C717B225ADE1D73C7C463',3,110,110,110,'Special'),(4,1,'697A044095ACC66DA86AB136B4AB0230','697A044095ACC66DA86AB136B4AB0230',4,111,111,111,'Special'),(5,1,'94A9CA1B71E50ED44439AF65B8AD3712','94A9CA1B71E50ED44439AF65B8AD3712',5,112,112,112,'Special'),(6,1,'76A9441A8F5C717B225ADE1D73C7C463','76A9441A8F5C717B225ADE1D73C7C463',6,113,113,113,'Special'),(7,1,'697A044095ACC66DA86AB136B4AB0230','697A044095ACC66DA86AB136B4AB0230',7,114,114,114,'Special'),(8,1,'94A9CA1B71E50ED44439AF65B8AD3712','94A9CA1B71E50ED44439AF65B8AD3712',8,115,115,115,'Special'),(9,1,'697A044095ACC66DA86AB136B4AB0230','697A044095ACC66DA86AB136B4AB0230',9,116,116,116,'Special'),(10,1,'94A9CA1B71E50ED44439AF65B8AD3712','94A9CA1B71E50ED44439AF65B8AD3712',10,117,117,117,'Special'),(11,1,'76A9441A8F5C717B225ADE1D73C7C463','76A9441A8F5C717B225ADE1D73C7C463',11,118,118,118,'Special'),(12,16,'12E70B9DDAEB93593CD112570E2C7512','12E70B9DDAEB93593CD112570E2C7512',12,NULL,NULL,119,'Special'),(13,16,'860248E08339639E882A9565E4C6F72E','860248E08339639E882A9565E4C6F72E',13,NULL,NULL,120,'Special'),(14,16,'EF7319107BFD7BA85FC8E0087B55D5A3','EF7319107BFD7BA85FC8E0087B55D5A3',14,NULL,NULL,121,'Special'),(15,22,'41457BF32CAF8A63E2C3FEE5D8B4DD75','41457BF32CAF8A63E2C3FEE5D8B4DD75',15,119,119,122,''),(16,22,'475DAFF4A50FC5564C18A99CECA64C0A','475DAFF4A50FC5564C18A99CECA64C0A',16,120,120,123,''),(17,22,'CD5DAA2D456782B521DFAF9F0E5DF6BC','CD5DAA2D456782B521DFAF9F0E5DF6BC',17,121,121,124,''),(18,22,'41457BF32CAF8A63E2C3FEE5D8B4DD75','41457BF32CAF8A63E2C3FEE5D8B4DD75',18,122,122,125,''),(19,22,'475DAFF4A50FC5564C18A99CECA64C0A','475DAFF4A50FC5564C18A99CECA64C0A',19,123,123,126,''),(20,22,'CD5DAA2D456782B521DFAF9F0E5DF6BC','CD5DAA2D456782B521DFAF9F0E5DF6BC',20,124,124,127,''),(21,22,'41457BF32CAF8A63E2C3FEE5D8B4DD75','41457BF32CAF8A63E2C3FEE5D8B4DD75',21,125,125,128,''),(22,22,'475DAFF4A50FC5564C18A99CECA64C0A','475DAFF4A50FC5564C18A99CECA64C0A',22,126,126,129,''),(23,22,'CD5DAA2D456782B521DFAF9F0E5DF6BC','CD5DAA2D456782B521DFAF9F0E5DF6BC',23,127,127,130,''),(24,22,'41457BF32CAF8A63E2C3FEE5D8B4DD75','41457BF32CAF8A63E2C3FEE5D8B4DD75',24,128,128,131,''),(25,22,'475DAFF4A50FC5564C18A99CECA64C0A','475DAFF4A50FC5564C18A99CECA64C0A',25,129,129,132,''),(26,22,'CD5DAA2D456782B521DFAF9F0E5DF6BC','CD5DAA2D456782B521DFAF9F0E5DF6BC',26,130,130,133,''),(27,22,'41457BF32CAF8A63E2C3FEE5D8B4DD75','41457BF32CAF8A63E2C3FEE5D8B4DD75',27,131,131,134,''),(28,22,'475DAFF4A50FC5564C18A99CECA64C0A','475DAFF4A50FC5564C18A99CECA64C0A',28,132,132,135,''),(29,22,'CD5DAA2D456782B521DFAF9F0E5DF6BC','CD5DAA2D456782B521DFAF9F0E5DF6BC',29,133,133,136,''),(30,22,'41457BF32CAF8A63E2C3FEE5D8B4DD75','41457BF32CAF8A63E2C3FEE5D8B4DD75',30,134,134,137,''),(31,22,'475DAFF4A50FC5564C18A99CECA64C0A','475DAFF4A50FC5564C18A99CECA64C0A',31,135,135,138,''),(32,22,'475DAFF4A50FC5564C18A99CECA64C0A','475DAFF4A50FC5564C18A99CECA64C0A',32,136,136,139,''),(33,22,'CD5DAA2D456782B521DFAF9F0E5DF6BC','CD5DAA2D456782B521DFAF9F0E5DF6BC',33,137,137,140,''),(34,22,'41457BF32CAF8A63E2C3FEE5D8B4DD75','41457BF32CAF8A63E2C3FEE5D8B4DD75',34,138,138,141,''),(35,22,'475DAFF4A50FC5564C18A99CECA64C0A','475DAFF4A50FC5564C18A99CECA64C0A',35,139,139,142,''),(36,22,'CD5DAA2D456782B521DFAF9F0E5DF6BC','CD5DAA2D456782B521DFAF9F0E5DF6BC',36,140,140,143,''),(37,22,'41457BF32CAF8A63E2C3FEE5D8B4DD75','41457BF32CAF8A63E2C3FEE5D8B4DD75',37,141,141,144,''),(38,22,'475DAFF4A50FC5564C18A99CECA64C0A','475DAFF4A50FC5564C18A99CECA64C0A',38,142,142,145,''),(39,22,'CD5DAA2D456782B521DFAF9F0E5DF6BC','CD5DAA2D456782B521DFAF9F0E5DF6BC',39,143,143,146,''),(40,22,'41457BF32CAF8A63E2C3FEE5D8B4DD75','41457BF32CAF8A63E2C3FEE5D8B4DD75',40,144,144,147,''),(41,22,'475DAFF4A50FC5564C18A99CECA64C0A','475DAFF4A50FC5564C18A99CECA64C0A',41,145,145,148,''),(42,22,'CD5DAA2D456782B521DFAF9F0E5DF6BC','CD5DAA2D456782B521DFAF9F0E5DF6BC',42,146,146,149,''),(43,22,'475DAFF4A50FC5564C18A99CECA64C0A','475DAFF4A50FC5564C18A99CECA64C0A',43,147,147,150,''),(44,22,'CD5DAA2D456782B521DFAF9F0E5DF6BC','CD5DAA2D456782B521DFAF9F0E5DF6BC',44,148,148,151,''),(45,37,'17715C8C35BEF7F8D5EBCD315B2DE058','17715C8C35BEF7F8D5EBCD315B2DE058',45,149,149,152,'Special'),(46,37,'508610499C5E8230CDAA88381267B25E','508610499C5E8230CDAA88381267B25E',46,150,150,153,'Special'),(47,37,'058505B43B077251EB1D72E847904F58','058505B43B077251EB1D72E847904F58',47,151,151,154,'Special'),(48,37,'17715C8C35BEF7F8D5EBCD315B2DE058','17715C8C35BEF7F8D5EBCD315B2DE058',48,152,152,155,'Special'),(49,37,'508610499C5E8230CDAA88381267B25E','508610499C5E8230CDAA88381267B25E',49,153,153,156,'Special'),(50,37,'058505B43B077251EB1D72E847904F58','058505B43B077251EB1D72E847904F58',50,154,154,157,'Special'),(51,37,'17715C8C35BEF7F8D5EBCD315B2DE058','17715C8C35BEF7F8D5EBCD315B2DE058',51,155,155,158,'Special'),(52,37,'508610499C5E8230CDAA88381267B25E','508610499C5E8230CDAA88381267B25E',52,156,156,159,'Special'),(53,37,'058505B43B077251EB1D72E847904F58','058505B43B077251EB1D72E847904F58',53,157,157,160,'Special'),(54,37,'17715C8C35BEF7F8D5EBCD315B2DE058','17715C8C35BEF7F8D5EBCD315B2DE058',54,158,158,161,'Special'),(55,37,'508610499C5E8230CDAA88381267B25E','508610499C5E8230CDAA88381267B25E',55,159,159,162,'Special'),(56,37,'058505B43B077251EB1D72E847904F58','058505B43B077251EB1D72E847904F58',56,160,160,163,'Special'),(57,37,'17715C8C35BEF7F8D5EBCD315B2DE058','17715C8C35BEF7F8D5EBCD315B2DE058',57,161,161,164,'Special'),(58,37,'508610499C5E8230CDAA88381267B25E','508610499C5E8230CDAA88381267B25E',58,162,162,165,'Special'),(59,37,'058505B43B077251EB1D72E847904F58','058505B43B077251EB1D72E847904F58',59,163,163,166,'Special'),(60,37,'17715C8C35BEF7F8D5EBCD315B2DE058','17715C8C35BEF7F8D5EBCD315B2DE058',60,164,164,167,'Special'),(61,37,'508610499C5E8230CDAA88381267B25E','508610499C5E8230CDAA88381267B25E',61,165,165,168,'Special'),(62,37,'058505B43B077251EB1D72E847904F58','058505B43B077251EB1D72E847904F58',62,166,166,169,'Special'),(63,49,'E12678C863B98AA2A407C38B0A244831','E12678C863B98AA2A407C38B0A244831',63,167,167,170,'Special'),(64,49,'8E71FEDCE417E40E0E456CD6661DDBBD','8E71FEDCE417E40E0E456CD6661DDBBD',64,168,168,171,'Special'),(65,49,'317C2693F5819EE715AC4515943DC3C1','317C2693F5819EE715AC4515943DC3C1',65,169,169,172,'Special'),(66,49,'E12678C863B98AA2A407C38B0A244831','E12678C863B98AA2A407C38B0A244831',66,170,170,173,'Special'),(67,49,'8E71FEDCE417E40E0E456CD6661DDBBD','8E71FEDCE417E40E0E456CD6661DDBBD',67,171,171,174,'Special'),(68,49,'317C2693F5819EE715AC4515943DC3C1','317C2693F5819EE715AC4515943DC3C1',68,172,172,175,'Special'),(69,49,'E12678C863B98AA2A407C38B0A244831','E12678C863B98AA2A407C38B0A244831',69,173,173,176,'Special'),(70,49,'8E71FEDCE417E40E0E456CD6661DDBBD','8E71FEDCE417E40E0E456CD6661DDBBD',70,174,174,177,'Special'),(71,49,'317C2693F5819EE715AC4515943DC3C1','317C2693F5819EE715AC4515943DC3C1',71,175,175,178,'Special'),(72,49,'E12678C863B98AA2A407C38B0A244831','E12678C863B98AA2A407C38B0A244831',72,176,176,179,'Special'),(73,49,'8E71FEDCE417E40E0E456CD6661DDBBD','8E71FEDCE417E40E0E456CD6661DDBBD',73,177,177,180,'Special'),(74,49,'317C2693F5819EE715AC4515943DC3C1','317C2693F5819EE715AC4515943DC3C1',74,178,178,181,'Special'),(75,49,'E12678C863B98AA2A407C38B0A244831','E12678C863B98AA2A407C38B0A244831',75,179,179,182,'Special'),(76,49,'8E71FEDCE417E40E0E456CD6661DDBBD','8E71FEDCE417E40E0E456CD6661DDBBD',76,180,180,183,'Special'),(77,49,'317C2693F5819EE715AC4515943DC3C1','317C2693F5819EE715AC4515943DC3C1',77,181,181,184,'Special'),(78,49,'E12678C863B98AA2A407C38B0A244831','E12678C863B98AA2A407C38B0A244831',78,182,182,185,'Special'),(79,49,'8E71FEDCE417E40E0E456CD6661DDBBD','8E71FEDCE417E40E0E456CD6661DDBBD',79,183,183,186,'Special'),(80,49,'317C2693F5819EE715AC4515943DC3C1','317C2693F5819EE715AC4515943DC3C1',80,184,184,187,'Special'),(81,49,'E12678C863B98AA2A407C38B0A244831','E12678C863B98AA2A407C38B0A244831',81,185,185,188,'Special'),(82,49,'8E71FEDCE417E40E0E456CD6661DDBBD','8E71FEDCE417E40E0E456CD6661DDBBD',82,186,186,189,'Special'),(83,49,'317C2693F5819EE715AC4515943DC3C1','317C2693F5819EE715AC4515943DC3C1',83,187,187,190,'Special'),(84,73,'BFCC5C39C84BEA03EAC15E6DBBC40437','BFCC5C39C84BEA03EAC15E6DBBC40437',84,188,188,191,'Special'),(85,73,'846825B49384CF87FBA19B03327A09C9','846825B49384CF87FBA19B03327A09C9',85,189,189,192,'Special'),(86,73,'7B5B2EBD735DDD8050F9406EEE370BCC','7B5B2EBD735DDD8050F9406EEE370BCC',86,190,190,193,'Special'),(87,73,'BFCC5C39C84BEA03EAC15E6DBBC40437','BFCC5C39C84BEA03EAC15E6DBBC40437',87,191,191,194,'Special'),(88,73,'846825B49384CF87FBA19B03327A09C9','846825B49384CF87FBA19B03327A09C9',88,192,192,195,'Special'),(89,73,'7B5B2EBD735DDD8050F9406EEE370BCC','7B5B2EBD735DDD8050F9406EEE370BCC',89,193,193,196,'Special'),(90,73,'BFCC5C39C84BEA03EAC15E6DBBC40437','BFCC5C39C84BEA03EAC15E6DBBC40437',90,194,194,197,'Special'),(91,73,'846825B49384CF87FBA19B03327A09C9','846825B49384CF87FBA19B03327A09C9',91,195,195,198,'Special'),(92,73,'7B5B2EBD735DDD8050F9406EEE370BCC','7B5B2EBD735DDD8050F9406EEE370BCC',92,196,196,199,'Special'),(93,73,'BFCC5C39C84BEA03EAC15E6DBBC40437','BFCC5C39C84BEA03EAC15E6DBBC40437',93,197,197,200,'Special'),(94,73,'846825B49384CF87FBA19B03327A09C9','846825B49384CF87FBA19B03327A09C9',94,198,198,201,'Special'),(95,73,'7B5B2EBD735DDD8050F9406EEE370BCC','7B5B2EBD735DDD8050F9406EEE370BCC',95,199,199,202,'Special'),(96,73,'BFCC5C39C84BEA03EAC15E6DBBC40437','BFCC5C39C84BEA03EAC15E6DBBC40437',96,200,200,203,'Special'),(97,73,'846825B49384CF87FBA19B03327A09C9','846825B49384CF87FBA19B03327A09C9',97,201,201,204,'Special'),(98,73,'7B5B2EBD735DDD8050F9406EEE370BCC','7B5B2EBD735DDD8050F9406EEE370BCC',98,202,202,205,'Special'),(99,73,'BFCC5C39C84BEA03EAC15E6DBBC40437','BFCC5C39C84BEA03EAC15E6DBBC40437',99,203,203,206,'Special'),(100,73,'846825B49384CF87FBA19B03327A09C9','846825B49384CF87FBA19B03327A09C9',100,204,204,207,'Special'),(101,73,'7B5B2EBD735DDD8050F9406EEE370BCC','7B5B2EBD735DDD8050F9406EEE370BCC',101,205,205,208,'Special'),(102,73,'BFCC5C39C84BEA03EAC15E6DBBC40437','BFCC5C39C84BEA03EAC15E6DBBC40437',102,206,206,209,'Special'),(103,73,'846825B49384CF87FBA19B03327A09C9','846825B49384CF87FBA19B03327A09C9',103,207,207,210,'Special'),(104,73,'7B5B2EBD735DDD8050F9406EEE370BCC','7B5B2EBD735DDD8050F9406EEE370BCC',104,208,208,211,'Special'),(105,73,'BFCC5C39C84BEA03EAC15E6DBBC40437','BFCC5C39C84BEA03EAC15E6DBBC40437',105,209,209,212,'Special'),(106,73,'846825B49384CF87FBA19B03327A09C9','846825B49384CF87FBA19B03327A09C9',106,210,210,213,'Special'),(107,73,'7B5B2EBD735DDD8050F9406EEE370BCC','7B5B2EBD735DDD8050F9406EEE370BCC',107,211,211,214,'Special'),(108,73,'BFCC5C39C84BEA03EAC15E6DBBC40437','BFCC5C39C84BEA03EAC15E6DBBC40437',108,212,212,215,'Special'),(109,73,'846825B49384CF87FBA19B03327A09C9','846825B49384CF87FBA19B03327A09C9',109,213,213,216,'Special'),(110,73,'7B5B2EBD735DDD8050F9406EEE370BCC','7B5B2EBD735DDD8050F9406EEE370BCC',110,214,214,217,'Special'),(111,93,'57B83F7C91F8605849E0CAAE26A77CDC','57B83F7C91F8605849E0CAAE26A77CDC',111,215,215,218,'Special'),(112,93,'8A6C69ABCDCB10964436B00D7E0E0DE3','8A6C69ABCDCB10964436B00D7E0E0DE3',112,216,216,219,'Special'),(113,93,'2506C0D8A0EE0CCA8E645B20492E5DF2','2506C0D8A0EE0CCA8E645B20492E5DF2',113,217,217,220,'Special'),(114,93,'57B83F7C91F8605849E0CAAE26A77CDC','57B83F7C91F8605849E0CAAE26A77CDC',114,218,218,221,'Special'),(115,93,'8A6C69ABCDCB10964436B00D7E0E0DE3','8A6C69ABCDCB10964436B00D7E0E0DE3',115,219,219,222,'Special'),(116,93,'2506C0D8A0EE0CCA8E645B20492E5DF2','2506C0D8A0EE0CCA8E645B20492E5DF2',116,220,220,223,'Special'),(117,93,'57B83F7C91F8605849E0CAAE26A77CDC','57B83F7C91F8605849E0CAAE26A77CDC',117,221,221,224,'Special'),(118,93,'8A6C69ABCDCB10964436B00D7E0E0DE3','8A6C69ABCDCB10964436B00D7E0E0DE3',118,222,222,225,'Special'),(119,93,'2506C0D8A0EE0CCA8E645B20492E5DF2','2506C0D8A0EE0CCA8E645B20492E5DF2',119,223,223,226,'Special'),(120,93,'57B83F7C91F8605849E0CAAE26A77CDC','57B83F7C91F8605849E0CAAE26A77CDC',120,224,224,227,'Special'),(121,93,'8A6C69ABCDCB10964436B00D7E0E0DE3','8A6C69ABCDCB10964436B00D7E0E0DE3',121,225,225,228,'Special'),(122,93,'2506C0D8A0EE0CCA8E645B20492E5DF2','2506C0D8A0EE0CCA8E645B20492E5DF2',122,226,226,229,'Special'),(123,93,'57B83F7C91F8605849E0CAAE26A77CDC','57B83F7C91F8605849E0CAAE26A77CDC',123,227,227,230,'Special'),(124,93,'8A6C69ABCDCB10964436B00D7E0E0DE3','8A6C69ABCDCB10964436B00D7E0E0DE3',124,228,228,231,'Special'),(125,93,'2506C0D8A0EE0CCA8E645B20492E5DF2','2506C0D8A0EE0CCA8E645B20492E5DF2',125,229,229,232,'Special');
/*!40000 ALTER TABLE `followuptable` ENABLE KEYS */;
UNLOCK TABLES;

--
-- Table structure for table `generaldatatable`
--

DROP TABLE IF EXISTS `generaldatatable`;
/*!40101 SET @saved_cs_client     = @@character_set_client */;
/*!40101 SET character_set_client = utf8 */;
CREATE TABLE `generaldatatable` (
  `GeneralDataID` int(11) NOT NULL AUTO_INCREMENT,
  `LastName` varchar(500) NOT NULL,
  `FirstName` varchar(500) NOT NULL,
  `MiddleName` varchar(500) DEFAULT NULL,
  `Gender` int(11) NOT NULL,
  `DateOfBirth` varchar(500) DEFAULT NULL,
  `DateOfEntry` varchar(500) NOT NULL,
  `AddressID` int(11) NOT NULL,
  `CivilStatus` varchar(100) DEFAULT NULL,
  `TissueSpecimenID` int(11) DEFAULT NULL,
  PRIMARY KEY (`GeneralDataID`),
  KEY `GeneralDataTable_fk0` (`AddressID`),
  KEY `GeneralDataTable_fk1` (`TissueSpecimenID`),
  CONSTRAINT `GeneralDataTable_fk0` FOREIGN KEY (`AddressID`) REFERENCES `addresstable` (`AddressID`),
  CONSTRAINT `GeneralDataTable_fk1` FOREIGN KEY (`TissueSpecimenID`) REFERENCES `tissuespecimentable` (`TissueSpecimenID`)
) ENGINE=InnoDB AUTO_INCREMENT=108 DEFAULT CHARSET=latin1;
/*!40101 SET character_set_client = @saved_cs_client */;

--
-- Dumping data for table `generaldatatable`
--

LOCK TABLES `generaldatatable` WRITE;
/*!40000 ALTER TABLE `generaldatatable` DISABLE KEYS */;
INSERT INTO `generaldatatable` VALUES (1,'D90EA9A185882FFBFAFC349F67B632F4','5FF019A258E7611C838C0C1FD551CC48','27E283A626EC8D4297FAC657866AC20E',1,'A0DF190B9F140041CBF87E75FF732BE7','E7C06FB957646A91F2B1C27E2661304A',1,'Married',1),(2,'CD2FCD433FBD14D80B3F5FD7E97C777D','59BF8BDB0914DB7ECE6F4C9DE532FEA9','5DDDDA60A16D63E543E5A97C47F1F507',1,'48967B1D230FD6A37F671E9B24E66813','A8569AACBC9CE8CB2EE3F079FED72BF1',2,'In loved',2),(3,'4165CEEA4D1FEBDF971DA483DE0D37DA','E61FA3E774D62832FF9BA23B441B49FF','2DA4B42FEFDC494E8AC32EC10145AB35',1,'F1F8E3B7B1F845818C3BAE2643EED607','3AB14A2A57845C480D660B8CABC79A27',3,'It&#39;s Complicated',3),(4,'38FDC8A2C62A9FB15C2AA93F94587BCF','A18D7BD7946D18D9BC3FF2419A7D2E6C','C7CA707E83B31EB72EAB419695C62AED',1,'573C4161F8571DA40E5F9273A8BCF87E','15EC4768F2828529B93981AAEAC1F50D',4,'Single',4),(5,'71EA5F644276992502AA7C3FE325DA20','1291F67CC37E30765B13E33862856592','8A62B5A3F9375DEA9DD2011C67144C9C',2,'BB128B26DA2ECC212C4410BB2F9DB449','0C978AB1068A79D587370CEC9F775F89',5,'Married',5),(6,'900011C213693C3FCE0B1A78EF9534C2','1291F67CC37E30765B13E33862856592','542B1967F8F239CFBC21E90DA53BB8D5',2,'D16F03FC394A998FB9E0221EF76870E8','E9C3D77645D4C4FE53C6973D23626E88',6,'In loved',6),(7,'C1FB1854F74DEC60ED3456754F993EDB','1291F67CC37E30765B13E33862856592','D04BACB343C150ACE5DC48FF3D90A8CF',2,'CCF5214D7DEB310755A67CF0BEC7E527','6A12491244EAC0B5A022F57325D44315',7,'It&#39;s Complicated',7),(8,'5A5AAEDAA28A1595A7CD6A9310D17023','1291F67CC37E30765B13E33862856592','9254EC196E9B56A6A3F0A3B9D9B1471F',2,'072900D8548CF76ACD251AF0BC69E1F9','201F654B307982ED25D8C33D989F9146',8,'Single',8),(9,'DDBB7E616FF72A436434A96FECF3ABEF','1291F67CC37E30765B13E33862856592','D04BACB343C150ACE5DC48FF3D90A8CF',2,'2C4A81B80D35D455F5D872B661540AE8','DF629529E8B7C978BC9D363A854DD0D4',9,'Married',9),(10,'AB4BA01A15CBCCDF4E54A88C8E81B6C7','1291F67CC37E30765B13E33862856592','94A55855FBD589399E7EB73458E221F0',2,'2083F557676E94866B746B11CCEE3D2C','34E9E4E015025E2EBE03271EC7DC3C01',10,'In loved',10),(11,'C1FB1854F74DEC60ED3456754F993EDB','1291F67CC37E30765B13E33862856592','D04BACB343C150ACE5DC48FF3D90A8CF',2,'41721EFF5725A9F30AA013BAFCB103B2','6A12491244EAC0B5A022F57325D44315',11,'It&#39;s Complicated',11),(12,'5A5AAEDAA28A1595A7CD6A9310D17023','1291F67CC37E30765B13E33862856592','9254EC196E9B56A6A3F0A3B9D9B1471F',2,'68DF423322718B008E2D3F6C65C9D7F1','201F654B307982ED25D8C33D989F9146',12,'Single',12),(13,'DDBB7E616FF72A436434A96FECF3ABEF','1291F67CC37E30765B13E33862856592','D04BACB343C150ACE5DC48FF3D90A8CF',2,'0B1846BD087CD6B0BC29CF1FFA945AF4','DF629529E8B7C978BC9D363A854DD0D4',13,'Married',13),(14,'AB4BA01A15CBCCDF4E54A88C8E81B6C7','1291F67CC37E30765B13E33862856592','94A55855FBD589399E7EB73458E221F0',2,'1F9607D2ECBAE493E2C3B5482CFE523D','34E9E4E015025E2EBE03271EC7DC3C01',14,'In loved',14),(15,'AB4BA01A15CBCCDF4E54A88C8E81B6C7','1291F67CC37E30765B13E33862856592','94A55855FBD589399E7EB73458E221F0',2,'F0FF687EF7B75C41C127867912A43CC8','34E9E4E015025E2EBE03271EC7DC3C01',15,'It&#39;s Complicated',15),(16,'00CDF366ED8276C35863955DD2E8C7D6','916EDCCE6F9D976AF765BBFCADF405AF','94A55855FBD589399E7EB73458E221F0',1,'7B014BD060C207E73110C39A72C9A1C7','E7C06FB957646A91F2B1C27E2661304A',16,'Single',NULL),(17,'E521C3FD3E25787407701DC653B20EC5','916EDCCE6F9D976AF765BBFCADF405AF','542B1967F8F239CFBC21E90DA53BB8D5',1,'8CA5D2D0ACA0B6E3A262FC347682E204','A8569AACBC9CE8CB2EE3F079FED72BF1',17,'Married',NULL),(18,'2BFCAEC4EBA2422C8BB7BBB6C17604DB','916EDCCE6F9D976AF765BBFCADF405AF','D04BACB343C150ACE5DC48FF3D90A8CF',2,'F2C2EC02C71D5A67D96FD6B6390CE0D0','3AB14A2A57845C480D660B8CABC79A27',18,'In loved',NULL),(19,'A38D933A73B1D5AF7C8C01D1440CBD75','916EDCCE6F9D976AF765BBFCADF405AF','40F194421198082B5344EC2AAD35BA26',2,'FC26792CF909808C650B2AB31B43258E','15EC4768F2828529B93981AAEAC1F50D',19,'It&#39;s Complicated',NULL),(20,'B85F68DC473F2DAEEA53F296874C1B2D','916EDCCE6F9D976AF765BBFCADF405AF','D04BACB343C150ACE5DC48FF3D90A8CF',2,'BB128B26DA2ECC212C4410BB2F9DB449','0C978AB1068A79D587370CEC9F775F89',20,'Single',NULL),(21,'00CDF366ED8276C35863955DD2E8C7D6','916EDCCE6F9D976AF765BBFCADF405AF','94A55855FBD589399E7EB73458E221F0',2,'D16F03FC394A998FB9E0221EF76870E8','E7C06FB957646A91F2B1C27E2661304A',21,'Married',NULL),(22,'3BB608A05F6AF96770C3825B4480255B','9E311DDF86262EDFC75B2EF5EA3A2BA2','D04BACB343C150ACE5DC48FF3D90A8CF',1,'CCF5214D7DEB310755A67CF0BEC7E527','E7C06FB957646A91F2B1C27E2661304A',22,'In loved',22),(23,'63F62532375FDDF6A879562B0CDFCD95','9E311DDF86262EDFC75B2EF5EA3A2BA2','ABD8C547A461EDF853B1D0C2507A7420',1,'072900D8548CF76ACD251AF0BC69E1F9','6A12491244EAC0B5A022F57325D44315',23,'It&#39;s Complicated',23),(24,'CC002B1A8B816F8E029FAEC027A2A0D9','9E311DDF86262EDFC75B2EF5EA3A2BA2','B697A8216D6AA1AC85B5BD0287BABB6D',1,'2C4A81B80D35D455F5D872B661540AE8','201F654B307982ED25D8C33D989F9146',24,'Single',24),(25,'A73B5D3EE1BBFC9DC0AD8027B4B74EF0','9E311DDF86262EDFC75B2EF5EA3A2BA2','40F194421198082B5344EC2AAD35BA26',1,'2083F557676E94866B746B11CCEE3D2C','DF629529E8B7C978BC9D363A854DD0D4',25,'Married',25),(26,'427D379D0B55BE882F814BE006F7B114','9E311DDF86262EDFC75B2EF5EA3A2BA2','EE622E2D2907FFAB9801B9289DC727E7',1,'41721EFF5725A9F30AA013BAFCB103B2','34E9E4E015025E2EBE03271EC7DC3C01',26,'In loved',26),(27,'0818CF60D7265AD128D1ECB569BE7BD0','9E311DDF86262EDFC75B2EF5EA3A2BA2','4AD22DA90B4E8AB219859A6D80B9221F',2,'68DF423322718B008E2D3F6C65C9D7F1','E7C06FB957646A91F2B1C27E2661304A',27,'It&#39;s Complicated',27),(28,'39E3119E1DC842FFF82700D944A7DB4A','9E311DDF86262EDFC75B2EF5EA3A2BA2','8A62B5A3F9375DEA9DD2011C67144C9C',2,'0B1846BD087CD6B0BC29CF1FFA945AF4','0C978AB1068A79D587370CEC9F775F89',28,'Single',28),(29,'6359DE5980CE576F2C65B75BF76BB6A8','9E311DDF86262EDFC75B2EF5EA3A2BA2','D04BACB343C150ACE5DC48FF3D90A8CF',2,'1F9607D2ECBAE493E2C3B5482CFE523D','3AB14A2A57845C480D660B8CABC79A27',29,'Married',29),(30,'3C8E1D444E79F2FB896867C4CF401AD0','9E311DDF86262EDFC75B2EF5EA3A2BA2','9254EC196E9B56A6A3F0A3B9D9B1471F',2,'F0FF687EF7B75C41C127867912A43CC8','15EC4768F2828529B93981AAEAC1F50D',30,'In loved',30),(31,'39E3119E1DC842FFF82700D944A7DB4A','9E311DDF86262EDFC75B2EF5EA3A2BA2','8A62B5A3F9375DEA9DD2011C67144C9C',2,'7B014BD060C207E73110C39A72C9A1C7','0C978AB1068A79D587370CEC9F775F89',31,'It&#39;s Complicated',31),(32,'0A54CC177B13ACD1F8C10B62C9BAFACD','9E311DDF86262EDFC75B2EF5EA3A2BA2','94A55855FBD589399E7EB73458E221F0',2,'8CA5D2D0ACA0B6E3A262FC347682E204','E7C06FB957646A91F2B1C27E2661304A',32,'Single',32),(33,'A06A02B8CF4465B628E2A975A6FEEDE1','9E311DDF86262EDFC75B2EF5EA3A2BA2','E59F6660DBBD9B33983C9963E7093FAF',2,'F2C2EC02C71D5A67D96FD6B6390CE0D0','A8569AACBC9CE8CB2EE3F079FED72BF1',33,'Married',33),(34,'61BE3F376862F3096F7D1BC3BE8F653F','9E311DDF86262EDFC75B2EF5EA3A2BA2','84208254C6EA76E61E0FCF5EFD35CE72',2,'FC26792CF909808C650B2AB31B43258E','3AB14A2A57845C480D660B8CABC79A27',34,'In loved',34),(35,'101EF04C4832F5E80E960823CA61573E','9E311DDF86262EDFC75B2EF5EA3A2BA2','8A62B5A3F9375DEA9DD2011C67144C9C',2,'BB128B26DA2ECC212C4410BB2F9DB449','15EC4768F2828529B93981AAEAC1F50D',35,'It&#39;s Complicated',35),(36,'9AEBF65AB5F3755176CA6F67B7405144','9E311DDF86262EDFC75B2EF5EA3A2BA2','A60EC26FFD1A6B3F1F718C69AB475DB3',2,'D16F03FC394A998FB9E0221EF76870E8','0C978AB1068A79D587370CEC9F775F89',36,'Single',36),(37,'6E011107E7EE90186B6AE612E07BFB23','95F8530931AF6729D6E8B79016250936','D04BACB343C150ACE5DC48FF3D90A8CF',1,'CCF5214D7DEB310755A67CF0BEC7E527','E7C06FB957646A91F2B1C27E2661304A',37,'Married',37),(38,'71F01137AB7AF3CCAC623D90A9F9ED7B','95F8530931AF6729D6E8B79016250936','F8E30AB9D4F3F1C33996E147F1BA913B',1,'072900D8548CF76ACD251AF0BC69E1F9','A8569AACBC9CE8CB2EE3F079FED72BF1',38,'In loved',38),(39,'84E2BBA7E130D4BD793C2CF488FFC502','95F8530931AF6729D6E8B79016250936','9254EC196E9B56A6A3F0A3B9D9B1471F',1,'2C4A81B80D35D455F5D872B661540AE8','3AB14A2A57845C480D660B8CABC79A27',39,'It&#39;s Complicated',39),(40,'6E011107E7EE90186B6AE612E07BFB23','95F8530931AF6729D6E8B79016250936','D04BACB343C150ACE5DC48FF3D90A8CF',1,'2083F557676E94866B746B11CCEE3D2C','E7C06FB957646A91F2B1C27E2661304A',40,'Single',40),(41,'71F01137AB7AF3CCAC623D90A9F9ED7B','95F8530931AF6729D6E8B79016250936','F8E30AB9D4F3F1C33996E147F1BA913B',2,'41721EFF5725A9F30AA013BAFCB103B2','A8569AACBC9CE8CB2EE3F079FED72BF1',41,'Married',41),(42,'84E2BBA7E130D4BD793C2CF488FFC502','95F8530931AF6729D6E8B79016250936','9254EC196E9B56A6A3F0A3B9D9B1471F',2,'68DF423322718B008E2D3F6C65C9D7F1','3AB14A2A57845C480D660B8CABC79A27',42,'In loved',42),(43,'6E011107E7EE90186B6AE612E07BFB23','95F8530931AF6729D6E8B79016250936','D04BACB343C150ACE5DC48FF3D90A8CF',2,'0B1846BD087CD6B0BC29CF1FFA945AF4','E7C06FB957646A91F2B1C27E2661304A',43,'It&#39;s Complicated',43),(44,'71F01137AB7AF3CCAC623D90A9F9ED7B','95F8530931AF6729D6E8B79016250936','F8E30AB9D4F3F1C33996E147F1BA913B',2,'1F9607D2ECBAE493E2C3B5482CFE523D','A8569AACBC9CE8CB2EE3F079FED72BF1',44,'Single',44),(45,'84E2BBA7E130D4BD793C2CF488FFC502','95F8530931AF6729D6E8B79016250936','9254EC196E9B56A6A3F0A3B9D9B1471F',2,'F0FF687EF7B75C41C127867912A43CC8','3AB14A2A57845C480D660B8CABC79A27',45,'Married',45),(46,'6E011107E7EE90186B6AE612E07BFB23','95F8530931AF6729D6E8B79016250936','D04BACB343C150ACE5DC48FF3D90A8CF',2,'7B014BD060C207E73110C39A72C9A1C7','E7C06FB957646A91F2B1C27E2661304A',46,'In loved',46),(47,'71F01137AB7AF3CCAC623D90A9F9ED7B','95F8530931AF6729D6E8B79016250936','F8E30AB9D4F3F1C33996E147F1BA913B',2,'8CA5D2D0ACA0B6E3A262FC347682E204','A8569AACBC9CE8CB2EE3F079FED72BF1',47,'It&#39;s Complicated',47),(48,'84E2BBA7E130D4BD793C2CF488FFC502','95F8530931AF6729D6E8B79016250936','9254EC196E9B56A6A3F0A3B9D9B1471F',2,'F2C2EC02C71D5A67D96FD6B6390CE0D0','3AB14A2A57845C480D660B8CABC79A27',48,'Single',48),(49,'999F15EFF4FD58DD0F64386C4BE7FBA9','3C7D06DE97123E049A3CDE91974BF013','40F194421198082B5344EC2AAD35BA26',1,'FC26792CF909808C650B2AB31B43258E','E7C06FB957646A91F2B1C27E2661304A',49,'Married',49),(50,'D19BF0E10D583946127DFE4406A2BFB2','3C7D06DE97123E049A3CDE91974BF013','651E44CE92998780E8F945643EF6EC8F',1,'BB128B26DA2ECC212C4410BB2F9DB449','A8569AACBC9CE8CB2EE3F079FED72BF1',50,'In loved',50),(51,'08D887870C4E1DAD47AB73FE908D1596','3C7D06DE97123E049A3CDE91974BF013','D04BACB343C150ACE5DC48FF3D90A8CF',1,'D16F03FC394A998FB9E0221EF76870E8','3AB14A2A57845C480D660B8CABC79A27',51,'It&#39;s Complicated',51),(52,'D01D7F019530401F64EC26EF81CA1E68','3C7D06DE97123E049A3CDE91974BF013','B697A8216D6AA1AC85B5BD0287BABB6D',1,'CCF5214D7DEB310755A67CF0BEC7E527','15EC4768F2828529B93981AAEAC1F50D',52,'Single',52),(53,'B92EB0AC7C7C9BA9244B3B1A37737794','3C7D06DE97123E049A3CDE91974BF013','94A55855FBD589399E7EB73458E221F0',1,'072900D8548CF76ACD251AF0BC69E1F9','0C978AB1068A79D587370CEC9F775F89',53,'Married',53),(54,'999F15EFF4FD58DD0F64386C4BE7FBA9','3C7D06DE97123E049A3CDE91974BF013','40F194421198082B5344EC2AAD35BA26',1,'2C4A81B80D35D455F5D872B661540AE8','E7C06FB957646A91F2B1C27E2661304A',54,'In loved',54),(55,'D19BF0E10D583946127DFE4406A2BFB2','3C7D06DE97123E049A3CDE91974BF013','651E44CE92998780E8F945643EF6EC8F',2,'2083F557676E94866B746B11CCEE3D2C','A8569AACBC9CE8CB2EE3F079FED72BF1',55,'It&#39;s Complicated',55),(56,'08D887870C4E1DAD47AB73FE908D1596','3C7D06DE97123E049A3CDE91974BF013','D04BACB343C150ACE5DC48FF3D90A8CF',2,'41721EFF5725A9F30AA013BAFCB103B2','3AB14A2A57845C480D660B8CABC79A27',56,'Single',56),(57,'D01D7F019530401F64EC26EF81CA1E68','3C7D06DE97123E049A3CDE91974BF013','B697A8216D6AA1AC85B5BD0287BABB6D',2,'68DF423322718B008E2D3F6C65C9D7F1','15EC4768F2828529B93981AAEAC1F50D',57,'Married',57),(58,'B92EB0AC7C7C9BA9244B3B1A37737794','3C7D06DE97123E049A3CDE91974BF013','94A55855FBD589399E7EB73458E221F0',2,'0B1846BD087CD6B0BC29CF1FFA945AF4','0C978AB1068A79D587370CEC9F775F89',58,'In loved',58),(59,'D19BF0E10D583946127DFE4406A2BFB2','3C7D06DE97123E049A3CDE91974BF013','651E44CE92998780E8F945643EF6EC8F',2,'1F9607D2ECBAE493E2C3B5482CFE523D','A8569AACBC9CE8CB2EE3F079FED72BF1',59,'It&#39;s Complicated',59),(60,'08D887870C4E1DAD47AB73FE908D1596','3C7D06DE97123E049A3CDE91974BF013','D04BACB343C150ACE5DC48FF3D90A8CF',2,'F0FF687EF7B75C41C127867912A43CC8','3AB14A2A57845C480D660B8CABC79A27',60,'Single',60),(61,'D01D7F019530401F64EC26EF81CA1E68','3C7D06DE97123E049A3CDE91974BF013','B697A8216D6AA1AC85B5BD0287BABB6D',2,'7B014BD060C207E73110C39A72C9A1C7','15EC4768F2828529B93981AAEAC1F50D',61,'Married',61),(62,'B92EB0AC7C7C9BA9244B3B1A37737794','3C7D06DE97123E049A3CDE91974BF013','94A55855FBD589399E7EB73458E221F0',2,'8CA5D2D0ACA0B6E3A262FC347682E204','0C978AB1068A79D587370CEC9F775F89',62,'In loved',62),(63,'D19BF0E10D583946127DFE4406A2BFB2','3C7D06DE97123E049A3CDE91974BF013','651E44CE92998780E8F945643EF6EC8F',2,'F2C2EC02C71D5A67D96FD6B6390CE0D0','A8569AACBC9CE8CB2EE3F079FED72BF1',63,'It&#39;s Complicated',63),(64,'08D887870C4E1DAD47AB73FE908D1596','3C7D06DE97123E049A3CDE91974BF013','D04BACB343C150ACE5DC48FF3D90A8CF',2,'FC26792CF909808C650B2AB31B43258E','3AB14A2A57845C480D660B8CABC79A27',64,'Single',64),(65,'D01D7F019530401F64EC26EF81CA1E68','3C7D06DE97123E049A3CDE91974BF013','B697A8216D6AA1AC85B5BD0287BABB6D',2,'BB128B26DA2ECC212C4410BB2F9DB449','15EC4768F2828529B93981AAEAC1F50D',65,'Married',65),(66,'B92EB0AC7C7C9BA9244B3B1A37737794','3C7D06DE97123E049A3CDE91974BF013','94A55855FBD589399E7EB73458E221F0',2,'D16F03FC394A998FB9E0221EF76870E8','0C978AB1068A79D587370CEC9F775F89',66,'In loved',66),(67,'D01D7F019530401F64EC26EF81CA1E68','3C7D06DE97123E049A3CDE91974BF013','B697A8216D6AA1AC85B5BD0287BABB6D',2,'CCF5214D7DEB310755A67CF0BEC7E527','15EC4768F2828529B93981AAEAC1F50D',67,'It&#39;s Complicated',67),(68,'B92EB0AC7C7C9BA9244B3B1A37737794','3C7D06DE97123E049A3CDE91974BF013','94A55855FBD589399E7EB73458E221F0',2,'072900D8548CF76ACD251AF0BC69E1F9','0C978AB1068A79D587370CEC9F775F89',68,'Single',68),(69,'D01D7F019530401F64EC26EF81CA1E68','3C7D06DE97123E049A3CDE91974BF013','B697A8216D6AA1AC85B5BD0287BABB6D',2,'2C4A81B80D35D455F5D872B661540AE8','15EC4768F2828529B93981AAEAC1F50D',69,'Married',69),(70,'B92EB0AC7C7C9BA9244B3B1A37737794','3C7D06DE97123E049A3CDE91974BF013','94A55855FBD589399E7EB73458E221F0',2,'2083F557676E94866B746B11CCEE3D2C','0C978AB1068A79D587370CEC9F775F89',70,'In loved',70),(71,'D01D7F019530401F64EC26EF81CA1E68','3C7D06DE97123E049A3CDE91974BF013','B697A8216D6AA1AC85B5BD0287BABB6D',2,'41721EFF5725A9F30AA013BAFCB103B2','15EC4768F2828529B93981AAEAC1F50D',71,'It&#39;s Complicated',71),(72,'B92EB0AC7C7C9BA9244B3B1A37737794','3C7D06DE97123E049A3CDE91974BF013','94A55855FBD589399E7EB73458E221F0',2,'68DF423322718B008E2D3F6C65C9D7F1','0C978AB1068A79D587370CEC9F775F89',72,'Single',72),(73,'59C36091DAD28771B7BF619411B6AA8C','E389EEA4E938B03E2E6609D646A5609B','EE622E2D2907FFAB9801B9289DC727E7',1,'0B1846BD087CD6B0BC29CF1FFA945AF4','E7C06FB957646A91F2B1C27E2661304A',73,'Married',73),(74,'D61C5DE35EF42D081296767EB8149E25','E389EEA4E938B03E2E6609D646A5609B','2A0091B0A485744B59A2345DB0321344',1,'1F9607D2ECBAE493E2C3B5482CFE523D','A8569AACBC9CE8CB2EE3F079FED72BF1',74,'In loved',74),(75,'6CF5F4D1A2B4635DC16569693EF21F8D','E389EEA4E938B03E2E6609D646A5609B','2DA4B42FEFDC494E8AC32EC10145AB35',1,'F0FF687EF7B75C41C127867912A43CC8','3AB14A2A57845C480D660B8CABC79A27',75,'It&#39;s Complicated',75),(76,'E8A99F8C2BB949B0DB5009C8683DC8CC','E389EEA4E938B03E2E6609D646A5609B','D04BACB343C150ACE5DC48FF3D90A8CF',1,'7B014BD060C207E73110C39A72C9A1C7','15EC4768F2828529B93981AAEAC1F50D',76,'Single',76),(77,'EB93A33712B5BADA0500E6EBFBF7A300','E389EEA4E938B03E2E6609D646A5609B','5DDDDA60A16D63E543E5A97C47F1F507',2,'8CA5D2D0ACA0B6E3A262FC347682E204','0C978AB1068A79D587370CEC9F775F89',77,'Married',77),(78,'59C36091DAD28771B7BF619411B6AA8C','E389EEA4E938B03E2E6609D646A5609B','EE622E2D2907FFAB9801B9289DC727E7',2,'F2C2EC02C71D5A67D96FD6B6390CE0D0','E7C06FB957646A91F2B1C27E2661304A',78,'In loved',78),(79,'D61C5DE35EF42D081296767EB8149E25','E389EEA4E938B03E2E6609D646A5609B','2A0091B0A485744B59A2345DB0321344',2,'FC26792CF909808C650B2AB31B43258E','A8569AACBC9CE8CB2EE3F079FED72BF1',79,'It&#39;s Complicated',79),(80,'6CF5F4D1A2B4635DC16569693EF21F8D','E389EEA4E938B03E2E6609D646A5609B','2DA4B42FEFDC494E8AC32EC10145AB35',2,'BB128B26DA2ECC212C4410BB2F9DB449','3AB14A2A57845C480D660B8CABC79A27',80,'Single',80),(81,'E8A99F8C2BB949B0DB5009C8683DC8CC','E389EEA4E938B03E2E6609D646A5609B','D04BACB343C150ACE5DC48FF3D90A8CF',2,'D16F03FC394A998FB9E0221EF76870E8','15EC4768F2828529B93981AAEAC1F50D',81,'Married',81),(82,'EB93A33712B5BADA0500E6EBFBF7A300','E389EEA4E938B03E2E6609D646A5609B','5DDDDA60A16D63E543E5A97C47F1F507',2,'CCF5214D7DEB310755A67CF0BEC7E527','0C978AB1068A79D587370CEC9F775F89',82,'In loved',82),(83,'59C36091DAD28771B7BF619411B6AA8C','E389EEA4E938B03E2E6609D646A5609B','EE622E2D2907FFAB9801B9289DC727E7',2,'072900D8548CF76ACD251AF0BC69E1F9','E7C06FB957646A91F2B1C27E2661304A',83,'It&#39;s Complicated',83),(84,'D61C5DE35EF42D081296767EB8149E25','E389EEA4E938B03E2E6609D646A5609B','2A0091B0A485744B59A2345DB0321344',2,'2C4A81B80D35D455F5D872B661540AE8','A8569AACBC9CE8CB2EE3F079FED72BF1',84,'Single',84),(85,'6CF5F4D1A2B4635DC16569693EF21F8D','E389EEA4E938B03E2E6609D646A5609B','2DA4B42FEFDC494E8AC32EC10145AB35',2,'2083F557676E94866B746B11CCEE3D2C','3AB14A2A57845C480D660B8CABC79A27',85,'Married',85),(86,'E8A99F8C2BB949B0DB5009C8683DC8CC','E389EEA4E938B03E2E6609D646A5609B','D04BACB343C150ACE5DC48FF3D90A8CF',2,'41721EFF5725A9F30AA013BAFCB103B2','15EC4768F2828529B93981AAEAC1F50D',86,'In loved',86),(87,'EB93A33712B5BADA0500E6EBFBF7A300','E389EEA4E938B03E2E6609D646A5609B','5DDDDA60A16D63E543E5A97C47F1F507',2,'68DF423322718B008E2D3F6C65C9D7F1','0C978AB1068A79D587370CEC9F775F89',87,'It&#39;s Complicated',87),(88,'59C36091DAD28771B7BF619411B6AA8C','E389EEA4E938B03E2E6609D646A5609B','EE622E2D2907FFAB9801B9289DC727E7',2,'0B1846BD087CD6B0BC29CF1FFA945AF4','E7C06FB957646A91F2B1C27E2661304A',88,'Single',88),(89,'D61C5DE35EF42D081296767EB8149E25','E389EEA4E938B03E2E6609D646A5609B','2A0091B0A485744B59A2345DB0321344',2,'1F9607D2ECBAE493E2C3B5482CFE523D','A8569AACBC9CE8CB2EE3F079FED72BF1',89,'Married',89),(90,'6CF5F4D1A2B4635DC16569693EF21F8D','E389EEA4E938B03E2E6609D646A5609B','2DA4B42FEFDC494E8AC32EC10145AB35',2,'F0FF687EF7B75C41C127867912A43CC8','3AB14A2A57845C480D660B8CABC79A27',90,'In loved',90),(91,'E8A99F8C2BB949B0DB5009C8683DC8CC','E389EEA4E938B03E2E6609D646A5609B','D04BACB343C150ACE5DC48FF3D90A8CF',2,'7B014BD060C207E73110C39A72C9A1C7','15EC4768F2828529B93981AAEAC1F50D',91,'It&#39;s Complicated',91),(92,'EB93A33712B5BADA0500E6EBFBF7A300','E389EEA4E938B03E2E6609D646A5609B','5DDDDA60A16D63E543E5A97C47F1F507',2,'8CA5D2D0ACA0B6E3A262FC347682E204','0C978AB1068A79D587370CEC9F775F89',92,'Single',92),(93,'D611F96DC35DB167FBBBAA2601765414','C01D6A1E25A13E2221F482A264113E53','5DDDDA60A16D63E543E5A97C47F1F507',1,'F2C2EC02C71D5A67D96FD6B6390CE0D0','E7C06FB957646A91F2B1C27E2661304A',93,'Married',NULL),(94,'B028E675C9900C3F6CFB3317428343F3','C01D6A1E25A13E2221F482A264113E53','C7CA707E83B31EB72EAB419695C62AED',1,'FC26792CF909808C650B2AB31B43258E','A8569AACBC9CE8CB2EE3F079FED72BF1',94,'In loved',NULL),(95,'421B2B44EDA94B90F7C161CF18C7C3C0','C01D6A1E25A13E2221F482A264113E53','C7CA707E83B31EB72EAB419695C62AED',1,'BB128B26DA2ECC212C4410BB2F9DB449','3AB14A2A57845C480D660B8CABC79A27',95,'It&#39;s Complicated',NULL),(96,'A88A402EA362E541983A5A0BA57D5A08','C01D6A1E25A13E2221F482A264113E53','E59F6660DBBD9B33983C9963E7093FAF',1,'D16F03FC394A998FB9E0221EF76870E8','15EC4768F2828529B93981AAEAC1F50D',96,'Single',NULL),(97,'C9AA19C758847044D46D33645D3C51A8','C01D6A1E25A13E2221F482A264113E53','4AD22DA90B4E8AB219859A6D80B9221F',1,'CCF5214D7DEB310755A67CF0BEC7E527','0C978AB1068A79D587370CEC9F775F89',97,'Married',NULL),(98,'D611F96DC35DB167FBBBAA2601765414','C01D6A1E25A13E2221F482A264113E53','5DDDDA60A16D63E543E5A97C47F1F507',1,'072900D8548CF76ACD251AF0BC69E1F9','E7C06FB957646A91F2B1C27E2661304A',98,'In loved',NULL),(99,'B028E675C9900C3F6CFB3317428343F3','C01D6A1E25A13E2221F482A264113E53','C7CA707E83B31EB72EAB419695C62AED',1,'2C4A81B80D35D455F5D872B661540AE8','A8569AACBC9CE8CB2EE3F079FED72BF1',99,'It&#39;s Complicated',NULL),(100,'421B2B44EDA94B90F7C161CF18C7C3C0','C01D6A1E25A13E2221F482A264113E53','C7CA707E83B31EB72EAB419695C62AED',2,'2083F557676E94866B746B11CCEE3D2C','3AB14A2A57845C480D660B8CABC79A27',100,'Single',NULL),(101,'A88A402EA362E541983A5A0BA57D5A08','C01D6A1E25A13E2221F482A264113E53','E59F6660DBBD9B33983C9963E7093FAF',2,'41721EFF5725A9F30AA013BAFCB103B2','15EC4768F2828529B93981AAEAC1F50D',101,'Married',NULL),(102,'C9AA19C758847044D46D33645D3C51A8','C01D6A1E25A13E2221F482A264113E53','4AD22DA90B4E8AB219859A6D80B9221F',2,'68DF423322718B008E2D3F6C65C9D7F1','0C978AB1068A79D587370CEC9F775F89',102,'In loved',NULL),(103,'D611F96DC35DB167FBBBAA2601765414','C01D6A1E25A13E2221F482A264113E53','5DDDDA60A16D63E543E5A97C47F1F507',2,'0B1846BD087CD6B0BC29CF1FFA945AF4','E7C06FB957646A91F2B1C27E2661304A',103,'It&#39;s Complicated',NULL),(104,'B028E675C9900C3F6CFB3317428343F3','C01D6A1E25A13E2221F482A264113E53','C7CA707E83B31EB72EAB419695C62AED',2,'1F9607D2ECBAE493E2C3B5482CFE523D','A8569AACBC9CE8CB2EE3F079FED72BF1',104,'Single',NULL),(105,'421B2B44EDA94B90F7C161CF18C7C3C0','C01D6A1E25A13E2221F482A264113E53','C7CA707E83B31EB72EAB419695C62AED',2,'F0FF687EF7B75C41C127867912A43CC8','3AB14A2A57845C480D660B8CABC79A27',105,'Married',NULL),(106,'A88A402EA362E541983A5A0BA57D5A08','C01D6A1E25A13E2221F482A264113E53','E59F6660DBBD9B33983C9963E7093FAF',2,'7B014BD060C207E73110C39A72C9A1C7','15EC4768F2828529B93981AAEAC1F50D',106,'In loved',NULL),(107,'C9AA19C758847044D46D33645D3C51A8','C01D6A1E25A13E2221F482A264113E53','4AD22DA90B4E8AB219859A6D80B9221F',2,'8CA5D2D0ACA0B6E3A262FC347682E204','0C978AB1068A79D587370CEC9F775F89',107,'It&#39;s Complicated',NULL);
/*!40000 ALTER TABLE `generaldatatable` ENABLE KEYS */;
UNLOCK TABLES;

--
-- Table structure for table `hematologytable`
--

DROP TABLE IF EXISTS `hematologytable`;
/*!40101 SET @saved_cs_client     = @@character_set_client */;
/*!40101 SET character_set_client = utf8 */;
CREATE TABLE `hematologytable` (
  `HematologyID` int(11) NOT NULL AUTO_INCREMENT,
  `Hemoglobin` double DEFAULT NULL,
  `Hematocrit` double DEFAULT NULL,
  `WhiteBloodCells` double DEFAULT NULL,
  `Neutrophils` double DEFAULT NULL,
  `Lymphocytes` double DEFAULT NULL,
  `Monocytes` double DEFAULT NULL,
  `Eosinophils` double DEFAULT NULL,
  `Basophils` double DEFAULT NULL,
  `Myelocytes` double DEFAULT NULL,
  `Metamyelocytes` double DEFAULT NULL,
  `Blasts` double DEFAULT NULL,
  `PlateletCount` double DEFAULT NULL,
  PRIMARY KEY (`HematologyID`)
) ENGINE=InnoDB AUTO_INCREMENT=230 DEFAULT CHARSET=latin1;
/*!40101 SET character_set_client = @saved_cs_client */;

--
-- Dumping data for table `hematologytable`
--

LOCK TABLES `hematologytable` WRITE;
/*!40000 ALTER TABLE `hematologytable` DISABLE KEYS */;
INSERT INTO `hematologytable` VALUES (1,0.1,0.2,0.3,0.4,0.5,0.6,0.7,0.8,1,1,1.1,1.2),(2,0.1,0.2,0.3,0.4,0.5,0.6,0.7,0.8,1,1,1.1,1.2),(3,0.1,0.2,0.3,0.4,0.5,0.6,0.7,0.8,1,1,1.1,1.2),(4,0.1,0.2,0.3,0.4,0.5,0.6,0.7,0.8,1,1,1.1,1.2),(5,0.1,0.2,0.3,0.4,0.5,0.6,0.7,0.8,1,1,1.1,1.2),(6,0.1,0.2,0.3,0.4,0.5,0.6,0.7,0.8,1,1,1.1,1.2),(7,0.1,0.2,0.3,0.4,0.5,0.6,0.7,0.8,1,1,1.1,1.2),(8,0.1,0.2,0.3,0.4,0.5,0.6,0.7,0.8,1,1,1.1,1.2),(9,0.1,0.2,0.3,0.4,0.5,0.6,0.7,0.8,1,1,1.1,1.2),(10,0.1,0.2,0.3,0.4,0.5,0.6,0.7,0.8,1,1,1.1,1.2),(11,0.1,0.2,0.3,0.4,0.5,0.6,0.7,0.8,1,1,1.1,1.2),(12,0.1,0.2,0.3,0.4,0.5,0.6,0.7,0.8,1,1,1.1,1.2),(13,0.1,0.2,0.3,0.4,0.5,0.6,0.7,0.8,1,1,1.1,1.2),(14,0.1,0.2,0.3,0.4,0.5,0.6,0.7,0.8,1,1,1.1,1.2),(15,0.1,0.2,0.3,0.4,0.5,0.6,0.7,0.8,1,1,1.1,1.2),(16,0.1,0.2,0.3,0.4,0.5,0.6,0.7,0.8,NULL,NULL,NULL,1.2),(17,0.1,0.2,0.3,0.4,0.5,0.6,0.7,0.8,NULL,NULL,NULL,1.2),(18,0.1,0.2,0.3,0.4,0.5,0.6,0.7,0.8,NULL,NULL,NULL,1.2),(19,0.1,0.2,0.3,0.4,0.5,0.6,0.7,0.8,NULL,NULL,NULL,1.2),(20,0.1,0.2,0.3,0.4,0.5,0.6,0.7,0.8,NULL,NULL,NULL,1.2),(21,0.1,0.2,0.3,0.4,0.5,0.6,0.7,0.8,NULL,NULL,NULL,1.2),(22,0.1,0.2,0.3,0.4,0.5,0.6,0.7,0.8,1,1,1.1,1.2),(23,0.1,0.2,0.3,0.4,0.5,0.6,0.7,0.8,1,1,1.1,1.2),(24,0.1,0.2,0.3,0.4,0.5,0.6,0.7,0.8,1,1,1.1,1.2),(25,0.1,0.2,0.3,0.4,0.5,0.6,0.7,0.8,1,1,1.1,1.2),(26,0.1,0.2,0.3,0.4,0.5,0.6,0.7,0.8,1,1,1.1,1.2),(27,0.1,0.2,0.3,0.4,0.5,0.6,0.7,0.8,1,1,1.1,1.2),(28,0.1,0.2,0.3,0.4,0.5,0.6,0.7,0.8,1,1,1.1,1.2),(29,0.1,0.2,0.3,0.4,0.5,0.6,0.7,0.8,1,1,1.1,1.2),(30,0.1,0.2,0.3,0.4,0.5,0.6,0.7,0.8,1,1,1.1,1.2),(31,0.1,0.2,0.3,0.4,0.5,0.6,0.7,0.8,1,1,1.1,1.2),(32,0.1,0.2,0.3,0.4,0.5,0.6,0.7,0.8,1,1,1.1,1.2),(33,0.1,0.2,0.3,0.4,0.5,0.6,0.7,0.8,1,1,1.1,1.2),(34,0.1,0.2,0.3,0.4,0.5,0.6,0.7,0.8,1,1,1.1,1.2),(35,0.1,0.2,0.3,0.4,0.5,0.6,0.7,0.8,1,1,1.1,1.2),(36,0.1,0.2,0.3,0.4,0.5,0.6,0.7,0.8,1,1,1.1,1.2),(37,0.1,0.2,0.3,0.4,0.5,0.6,0.7,0.8,1,1,1.1,1.2),(38,0.1,0.2,0.3,0.4,0.5,0.6,0.7,0.8,1,1,1.1,1.2),(39,0.1,0.2,0.3,0.4,0.5,0.6,0.7,0.8,1,1,1.1,1.2),(40,0.1,0.2,0.3,0.4,0.5,0.6,0.7,0.8,1,1,1.1,1.2),(41,0.1,0.2,0.3,0.4,0.5,0.6,0.7,0.8,1,1,1.1,1.2),(42,0.1,0.2,0.3,0.4,0.5,0.6,0.7,0.8,1,1,1.1,1.2),(43,0.1,0.2,0.3,0.4,0.5,0.6,0.7,0.8,1,1,1.1,1.2),(44,0.1,0.2,0.3,0.4,0.5,0.6,0.7,0.8,1,1,1.1,1.2),(45,0.1,0.2,0.3,0.4,0.5,0.6,0.7,0.8,1,1,1.1,1.2),(46,0.1,0.2,0.3,0.4,0.5,0.6,0.7,0.8,1,1,1.1,1.2),(47,0.1,0.2,0.3,0.4,0.5,0.6,0.7,0.8,1,1,1.1,1.2),(48,0.1,0.2,0.3,0.4,0.5,0.6,0.7,0.8,1,1,1.1,1.2),(49,0.1,0.2,0.3,0.4,0.5,0.6,0.7,0.8,1,1,1.1,1.2),(50,0.1,0.2,0.3,0.4,0.5,0.6,0.7,0.8,1,1,1.1,1.2),(51,0.1,0.2,0.3,0.4,0.5,0.6,0.7,0.8,1,1,1.1,1.2),(52,0.1,0.2,0.3,0.4,0.5,0.6,0.7,0.8,1,1,1.1,1.2),(53,0.1,0.2,0.3,0.4,0.5,0.6,0.7,0.8,1,1,1.1,1.2),(54,0.1,0.2,0.3,0.4,0.5,0.6,0.7,0.8,1,1,1.1,1.2),(55,0.1,0.2,0.3,0.4,0.5,0.6,0.7,0.8,1,1,1.1,1.2),(56,0.1,0.2,0.3,0.4,0.5,0.6,0.7,0.8,1,1,1.1,1.2),(57,0.1,0.2,0.3,0.4,0.5,0.6,0.7,0.8,1,1,1.1,1.2),(58,0.1,0.2,0.3,0.4,0.5,0.6,0.7,0.8,1,1,1.1,1.2),(59,0.1,0.2,0.3,0.4,0.5,0.6,0.7,0.8,1,1,1.1,1.2),(60,0.1,0.2,0.3,0.4,0.5,0.6,0.7,0.8,1,1,1.1,1.2),(61,0.1,0.2,0.3,0.4,0.5,0.6,0.7,0.8,1,1,1.1,1.2),(62,0.1,0.2,0.3,0.4,0.5,0.6,0.7,0.8,1,1,1.1,1.2),(63,0.1,0.2,0.3,0.4,0.5,0.6,0.7,0.8,1,1,1.1,1.2),(64,0.1,0.2,0.3,0.4,0.5,0.6,0.7,0.8,1,1,1.1,1.2),(65,0.1,0.2,0.3,0.4,0.5,0.6,0.7,0.8,1,1,1.1,1.2),(66,0.1,0.2,0.3,0.4,0.5,0.6,0.7,0.8,1,1,1.1,1.2),(67,0.1,0.2,0.3,0.4,0.5,0.6,0.7,0.8,1,1,1.1,1.2),(68,0.1,0.2,0.3,0.4,0.5,0.6,0.7,0.8,1,1,1.1,1.2),(69,0.1,0.2,0.3,0.4,0.5,0.6,0.7,0.8,1,1,1.1,1.2),(70,0.1,0.2,0.3,0.4,0.5,0.6,0.7,0.8,1,1,1.1,1.2),(71,0.1,0.2,0.3,0.4,0.5,0.6,0.7,0.8,1,1,1.1,1.2),(72,0.1,0.2,0.3,0.4,0.5,0.6,0.7,0.8,1,1,1.1,1.2),(73,0.1,0.2,0.3,0.4,0.5,0.6,0.7,0.8,1,1,1.1,1.2),(74,0.1,0.2,0.3,0.4,0.5,0.6,0.7,0.8,1,1,1.1,1.2),(75,0.1,0.2,0.3,0.4,0.5,0.6,0.7,0.8,1,1,1.1,1.2),(76,0.1,0.2,0.3,0.4,0.5,0.6,0.7,0.8,1,1,1.1,1.2),(77,0.1,0.2,0.3,0.4,0.5,0.6,0.7,0.8,1,1,1.1,1.2),(78,0.1,0.2,0.3,0.4,0.5,0.6,0.7,0.8,1,1,1.1,1.2),(79,0.1,0.2,0.3,0.4,0.5,0.6,0.7,0.8,1,1,1.1,1.2),(80,0.1,0.2,0.3,0.4,0.5,0.6,0.7,0.8,1,1,1.1,1.2),(81,0.1,0.2,0.3,0.4,0.5,0.6,0.7,0.8,1,1,1.1,1.2),(82,0.1,0.2,0.3,0.4,0.5,0.6,0.7,0.8,1,1,1.1,1.2),(83,0.1,0.2,0.3,0.4,0.5,0.6,0.7,0.8,1,1,1.1,1.2),(84,0.1,0.2,0.3,0.4,0.5,0.6,0.7,0.8,1,1,1.1,1.2),(85,0.1,0.2,0.3,0.4,0.5,0.6,0.7,0.8,1,1,1.1,1.2),(86,0.1,0.2,0.3,0.4,0.5,0.6,0.7,0.8,1,1,1.1,1.2),(87,0.1,0.2,0.3,0.4,0.5,0.6,0.7,0.8,1,1,1.1,1.2),(88,0.1,0.2,0.3,0.4,0.5,0.6,0.7,0.8,1,1,1.1,1.2),(89,0.1,0.2,0.3,0.4,0.5,0.6,0.7,0.8,1,1,1.1,1.2),(90,0.1,0.2,0.3,0.4,0.5,0.6,0.7,0.8,1,1,1.1,1.2),(91,0.1,0.2,0.3,0.4,0.5,0.6,0.7,0.8,1,1,1.1,1.2),(92,0.1,0.2,0.3,0.4,0.5,0.6,0.7,0.8,1,1,1.1,1.2),(93,0.1,0.2,0.3,0.4,0.5,0.6,0.7,0.8,NULL,NULL,NULL,1.2),(94,0.1,0.2,0.3,0.4,0.5,0.6,0.7,0.8,NULL,NULL,NULL,1.2),(95,0.1,0.2,0.3,0.4,0.5,0.6,0.7,0.8,NULL,NULL,NULL,1.2),(96,0.1,0.2,0.3,0.4,0.5,0.6,0.7,0.8,NULL,NULL,NULL,1.2),(97,0.1,0.2,0.3,0.4,0.5,0.6,0.7,0.8,NULL,NULL,NULL,1.2),(98,0.1,0.2,0.3,0.4,0.5,0.6,0.7,0.8,NULL,NULL,NULL,1.2),(99,0.1,0.2,0.3,0.4,0.5,0.6,0.7,0.8,NULL,NULL,NULL,1.2),(100,0.1,0.2,0.3,0.4,0.5,0.6,0.7,0.8,NULL,NULL,NULL,1.2),(101,0.1,0.2,0.3,0.4,0.5,0.6,0.7,0.8,NULL,NULL,NULL,1.2),(102,0.1,0.2,0.3,0.4,0.5,0.6,0.7,0.8,NULL,NULL,NULL,1.2),(103,0.1,0.2,0.3,0.4,0.5,0.6,0.7,0.8,NULL,NULL,NULL,1.2),(104,0.1,0.2,0.3,0.4,0.5,0.6,0.7,0.8,NULL,NULL,NULL,1.2),(105,0.1,0.2,0.3,0.4,0.5,0.6,0.7,0.8,NULL,NULL,NULL,1.2),(106,0.1,0.2,0.3,0.4,0.5,0.6,0.7,0.8,NULL,NULL,NULL,1.2),(107,0.1,0.2,0.3,0.4,0.5,0.6,0.7,0.8,NULL,NULL,NULL,1.2),(108,0.1,0.2,0.3,0.4,0.5,0.6,0.7,0.8,1,1,1.1,1.2),(109,0.1,0.2,0.3,0.4,0.5,0.6,0.7,0.8,1,1,1.1,1.2),(110,0.1,0.2,0.3,0.4,0.5,0.6,0.7,0.8,1,1,1.1,1.2),(111,0.1,0.2,0.3,0.4,0.5,0.6,0.7,0.8,1,1,1.1,1.2),(112,0.1,0.2,0.3,0.4,0.5,0.6,0.7,0.8,1,1,1.1,1.2),(113,0.1,0.2,0.3,0.4,0.5,0.6,0.7,0.8,1,1,1.1,1.2),(114,0.1,0.2,0.3,0.4,0.5,0.6,0.7,0.8,1,1,1.1,1.2),(115,0.1,0.2,0.3,0.4,0.5,0.6,0.7,0.8,1,1,1.1,1.2),(116,0.1,0.2,0.3,0.4,0.5,0.6,0.7,0.8,1,1,1.1,1.2),(117,0.1,0.2,0.3,0.4,0.5,0.6,0.7,0.8,1,1,1.1,1.2),(118,0.1,0.2,0.3,0.4,0.5,0.6,0.7,0.8,1,1,1.1,1.2),(119,0.1,0.2,0.3,0.4,0.5,0.6,0.7,0.8,1,1,1.1,1.2),(120,0.1,0.2,0.3,0.4,0.5,0.6,0.7,0.8,1,1,1.1,1.2),(121,0.1,0.2,0.3,0.4,0.5,0.6,0.7,0.8,1,1,1.1,1.2),(122,0.1,0.2,0.3,0.4,0.5,0.6,0.7,0.8,1,1,1.1,1.2),(123,0.1,0.2,0.3,0.4,0.5,0.6,0.7,0.8,1,1,1.1,1.2),(124,0.1,0.2,0.3,0.4,0.5,0.6,0.7,0.8,1,1,1.1,1.2),(125,0.1,0.2,0.3,0.4,0.5,0.6,0.7,0.8,1,1,1.1,1.2),(126,0.1,0.2,0.3,0.4,0.5,0.6,0.7,0.8,1,1,1.1,1.2),(127,0.1,0.2,0.3,0.4,0.5,0.6,0.7,0.8,1,1,1.1,1.2),(128,0.1,0.2,0.3,0.4,0.5,0.6,0.7,0.8,1,1,1.1,1.2),(129,0.1,0.2,0.3,0.4,0.5,0.6,0.7,0.8,1,1,1.1,1.2),(130,0.1,0.2,0.3,0.4,0.5,0.6,0.7,0.8,1,1,1.1,1.2),(131,0.1,0.2,0.3,0.4,0.5,0.6,0.7,0.8,1,1,1.1,1.2),(132,0.1,0.2,0.3,0.4,0.5,0.6,0.7,0.8,1,1,1.1,1.2),(133,0.1,0.2,0.3,0.4,0.5,0.6,0.7,0.8,1,1,1.1,1.2),(134,0.1,0.2,0.3,0.4,0.5,0.6,0.7,0.8,1,1,1.1,1.2),(135,0.1,0.2,0.3,0.4,0.5,0.6,0.7,0.8,1,1,1.1,1.2),(136,0.1,0.2,0.3,0.4,0.5,0.6,0.7,0.8,1,1,1.1,1.2),(137,0.1,0.2,0.3,0.4,0.5,0.6,0.7,0.8,1,1,1.1,1.2),(138,0.1,0.2,0.3,0.4,0.5,0.6,0.7,0.8,1,1,1.1,1.2),(139,0.1,0.2,0.3,0.4,0.5,0.6,0.7,0.8,1,1,1.1,1.2),(140,0.1,0.2,0.3,0.4,0.5,0.6,0.7,0.8,1,1,1.1,1.2),(141,0.1,0.2,0.3,0.4,0.5,0.6,0.7,0.8,1,1,1.1,1.2),(142,0.1,0.2,0.3,0.4,0.5,0.6,0.7,0.8,1,1,1.1,1.2),(143,0.1,0.2,0.3,0.4,0.5,0.6,0.7,0.8,1,1,1.1,1.2),(144,0.1,0.2,0.3,0.4,0.5,0.6,0.7,0.8,1,1,1.1,1.2),(145,0.1,0.2,0.3,0.4,0.5,0.6,0.7,0.8,1,1,1.1,1.2),(146,0.1,0.2,0.3,0.4,0.5,0.6,0.7,0.8,1,1,1.1,1.2),(147,0.1,0.2,0.3,0.4,0.5,0.6,0.7,0.8,1,1,1.1,1.2),(148,0.1,0.2,0.3,0.4,0.5,0.6,0.7,0.8,1,1,1.1,1.2),(149,0.1,0.2,0.3,0.4,0.5,0.6,0.7,0.8,1,1,1.1,1.2),(150,0.1,0.2,0.3,0.4,0.5,0.6,0.7,0.8,1,1,1.1,1.2),(151,0.1,0.2,0.3,0.4,0.5,0.6,0.7,0.8,1,1,1.1,1.2),(152,0.1,0.2,0.3,0.4,0.5,0.6,0.7,0.8,1,1,1.1,1.2),(153,0.1,0.2,0.3,0.4,0.5,0.6,0.7,0.8,1,1,1.1,1.2),(154,0.1,0.2,0.3,0.4,0.5,0.6,0.7,0.8,1,1,1.1,1.2),(155,0.1,0.2,0.3,0.4,0.5,0.6,0.7,0.8,1,1,1.1,1.2),(156,0.1,0.2,0.3,0.4,0.5,0.6,0.7,0.8,1,1,1.1,1.2),(157,0.1,0.2,0.3,0.4,0.5,0.6,0.7,0.8,1,1,1.1,1.2),(158,0.1,0.2,0.3,0.4,0.5,0.6,0.7,0.8,1,1,1.1,1.2),(159,0.1,0.2,0.3,0.4,0.5,0.6,0.7,0.8,1,1,1.1,1.2),(160,0.1,0.2,0.3,0.4,0.5,0.6,0.7,0.8,1,1,1.1,1.2),(161,0.1,0.2,0.3,0.4,0.5,0.6,0.7,0.8,1,1,1.1,1.2),(162,0.1,0.2,0.3,0.4,0.5,0.6,0.7,0.8,1,1,1.1,1.2),(163,0.1,0.2,0.3,0.4,0.5,0.6,0.7,0.8,1,1,1.1,1.2),(164,0.1,0.2,0.3,0.4,0.5,0.6,0.7,0.8,1,1,1.1,1.2),(165,0.1,0.2,0.3,0.4,0.5,0.6,0.7,0.8,1,1,1.1,1.2),(166,0.1,0.2,0.3,0.4,0.5,0.6,0.7,0.8,1,1,1.1,1.2),(167,0.1,0.2,0.3,0.4,0.5,0.6,0.7,0.8,1,1,1.1,1.2),(168,0.1,0.2,0.3,0.4,0.5,0.6,0.7,0.8,1,1,1.1,1.2),(169,0.1,0.2,0.3,0.4,0.5,0.6,0.7,0.8,1,1,1.1,1.2),(170,0.1,0.2,0.3,0.4,0.5,0.6,0.7,0.8,1,1,1.1,1.2),(171,0.1,0.2,0.3,0.4,0.5,0.6,0.7,0.8,1,1,1.1,1.2),(172,0.1,0.2,0.3,0.4,0.5,0.6,0.7,0.8,1,1,1.1,1.2),(173,0.1,0.2,0.3,0.4,0.5,0.6,0.7,0.8,1,1,1.1,1.2),(174,0.1,0.2,0.3,0.4,0.5,0.6,0.7,0.8,1,1,1.1,1.2),(175,0.1,0.2,0.3,0.4,0.5,0.6,0.7,0.8,1,1,1.1,1.2),(176,0.1,0.2,0.3,0.4,0.5,0.6,0.7,0.8,1,1,1.1,1.2),(177,0.1,0.2,0.3,0.4,0.5,0.6,0.7,0.8,1,1,1.1,1.2),(178,0.1,0.2,0.3,0.4,0.5,0.6,0.7,0.8,1,1,1.1,1.2),(179,0.1,0.2,0.3,0.4,0.5,0.6,0.7,0.8,1,1,1.1,1.2),(180,0.1,0.2,0.3,0.4,0.5,0.6,0.7,0.8,1,1,1.1,1.2),(181,0.1,0.2,0.3,0.4,0.5,0.6,0.7,0.8,1,1,1.1,1.2),(182,0.1,0.2,0.3,0.4,0.5,0.6,0.7,0.8,1,1,1.1,1.2),(183,0.1,0.2,0.3,0.4,0.5,0.6,0.7,0.8,1,1,1.1,1.2),(184,0.1,0.2,0.3,0.4,0.5,0.6,0.7,0.8,1,1,1.1,1.2),(185,0.1,0.2,0.3,0.4,0.5,0.6,0.7,0.8,1,1,1.1,1.2),(186,0.1,0.2,0.3,0.4,0.5,0.6,0.7,0.8,1,1,1.1,1.2),(187,0.1,0.2,0.3,0.4,0.5,0.6,0.7,0.8,1,1,1.1,1.2),(188,0.1,0.2,0.3,0.4,0.5,0.6,0.7,0.8,1,1,1.1,1.2),(189,0.1,0.2,0.3,0.4,0.5,0.6,0.7,0.8,1,1,1.1,1.2),(190,0.1,0.2,0.3,0.4,0.5,0.6,0.7,0.8,1,1,1.1,1.2),(191,0.1,0.2,0.3,0.4,0.5,0.6,0.7,0.8,1,1,1.1,1.2),(192,0.1,0.2,0.3,0.4,0.5,0.6,0.7,0.8,1,1,1.1,1.2),(193,0.1,0.2,0.3,0.4,0.5,0.6,0.7,0.8,1,1,1.1,1.2),(194,0.1,0.2,0.3,0.4,0.5,0.6,0.7,0.8,1,1,1.1,1.2),(195,0.1,0.2,0.3,0.4,0.5,0.6,0.7,0.8,1,1,1.1,1.2),(196,0.1,0.2,0.3,0.4,0.5,0.6,0.7,0.8,1,1,1.1,1.2),(197,0.1,0.2,0.3,0.4,0.5,0.6,0.7,0.8,1,1,1.1,1.2),(198,0.1,0.2,0.3,0.4,0.5,0.6,0.7,0.8,1,1,1.1,1.2),(199,0.1,0.2,0.3,0.4,0.5,0.6,0.7,0.8,1,1,1.1,1.2),(200,0.1,0.2,0.3,0.4,0.5,0.6,0.7,0.8,1,1,1.1,1.2),(201,0.1,0.2,0.3,0.4,0.5,0.6,0.7,0.8,1,1,1.1,1.2),(202,0.1,0.2,0.3,0.4,0.5,0.6,0.7,0.8,1,1,1.1,1.2),(203,0.1,0.2,0.3,0.4,0.5,0.6,0.7,0.8,1,1,1.1,1.2),(204,0.1,0.2,0.3,0.4,0.5,0.6,0.7,0.8,1,1,1.1,1.2),(205,0.1,0.2,0.3,0.4,0.5,0.6,0.7,0.8,1,1,1.1,1.2),(206,0.1,0.2,0.3,0.4,0.5,0.6,0.7,0.8,1,1,1.1,1.2),(207,0.1,0.2,0.3,0.4,0.5,0.6,0.7,0.8,1,1,1.1,1.2),(208,0.1,0.2,0.3,0.4,0.5,0.6,0.7,0.8,1,1,1.1,1.2),(209,0.1,0.2,0.3,0.4,0.5,0.6,0.7,0.8,1,1,1.1,1.2),(210,0.1,0.2,0.3,0.4,0.5,0.6,0.7,0.8,1,1,1.1,1.2),(211,0.1,0.2,0.3,0.4,0.5,0.6,0.7,0.8,1,1,1.1,1.2),(212,0.1,0.2,0.3,0.4,0.5,0.6,0.7,0.8,1,1,1.1,1.2),(213,0.1,0.2,0.3,0.4,0.5,0.6,0.7,0.8,1,1,1.1,1.2),(214,0.1,0.2,0.3,0.4,0.5,0.6,0.7,0.8,1,1,1.1,1.2),(215,0.1,0.2,0.3,0.4,0.5,0.6,0.7,0.8,1,1,1.1,1.2),(216,0.1,0.2,0.3,0.4,0.5,0.6,0.7,0.8,1,1,1.1,1.2),(217,0.1,0.2,0.3,0.4,0.5,0.6,0.7,0.8,1,1,1.1,1.2),(218,0.1,0.2,0.3,0.4,0.5,0.6,0.7,0.8,1,1,1.1,1.2),(219,0.1,0.2,0.3,0.4,0.5,0.6,0.7,0.8,1,1,1.1,1.2),(220,0.1,0.2,0.3,0.4,0.5,0.6,0.7,0.8,1,1,1.1,1.2),(221,0.1,0.2,0.3,0.4,0.5,0.6,0.7,0.8,1,1,1.1,1.2),(222,0.1,0.2,0.3,0.4,0.5,0.6,0.7,0.8,1,1,1.1,1.2),(223,0.1,0.2,0.3,0.4,0.5,0.6,0.7,0.8,1,1,1.1,1.2),(224,0.1,0.2,0.3,0.4,0.5,0.6,0.7,0.8,1,1,1.1,1.2),(225,0.1,0.2,0.3,0.4,0.5,0.6,0.7,0.8,1,1,1.1,1.2),(226,0.1,0.2,0.3,0.4,0.5,0.6,0.7,0.8,1,1,1.1,1.2),(227,0.1,0.2,0.3,0.4,0.5,0.6,0.7,0.8,1,1,1.1,1.2),(228,0.1,0.2,0.3,0.4,0.5,0.6,0.7,0.8,1,1,1.1,1.2),(229,0.1,0.2,0.3,0.4,0.5,0.6,0.7,0.8,1,1,1.1,1.2);
/*!40000 ALTER TABLE `hematologytable` ENABLE KEYS */;
UNLOCK TABLES;

--
-- Table structure for table `hematopathologytable`
--

DROP TABLE IF EXISTS `hematopathologytable`;
/*!40101 SET @saved_cs_client     = @@character_set_client */;
/*!40101 SET character_set_client = utf8 */;
CREATE TABLE `hematopathologytable` (
  `HematopathologyID` int(11) NOT NULL AUTO_INCREMENT,
  `DatePerformed` blob,
  `Result` blob,
  PRIMARY KEY (`HematopathologyID`)
) ENGINE=InnoDB AUTO_INCREMENT=13 DEFAULT CHARSET=latin1;
/*!40101 SET character_set_client = @saved_cs_client */;

--
-- Dumping data for table `hematopathologytable`
--

LOCK TABLES `hematopathologytable` WRITE;
/*!40000 ALTER TABLE `hematopathologytable` DISABLE KEYS */;
INSERT INTO `hematopathologytable` VALUES (1,'',''),(2,'2011-02-02','Hematopathology review of slides'),(3,'2012-03-03','Hematopathology review of slides'),(4,'',''),(5,'2011-02-02','Hematopathology review of slides'),(6,'2012-03-03','Hematopathology review of slides'),(7,'',''),(8,'2011-02-02','Hematopathology review of slides'),(9,'2012-03-03','Hematopathology review of slides'),(10,'',''),(11,'2011-02-02','Hematopathology review of slides'),(12,'2012-03-03','Hematopathology review of slides');
/*!40000 ALTER TABLE `hematopathologytable` ENABLE KEYS */;
UNLOCK TABLES;

--
-- Table structure for table `imagingstudiestable`
--

DROP TABLE IF EXISTS `imagingstudiestable`;
/*!40101 SET @saved_cs_client     = @@character_set_client */;
/*!40101 SET character_set_client = utf8 */;
CREATE TABLE `imagingstudiestable` (
  `ImagingStudiesID` int(11) NOT NULL AUTO_INCREMENT,
  `Result` blob,
  PRIMARY KEY (`ImagingStudiesID`)
) ENGINE=InnoDB AUTO_INCREMENT=129 DEFAULT CHARSET=latin1;
/*!40101 SET character_set_client = @saved_cs_client */;

--
-- Dumping data for table `imagingstudiestable`
--

LOCK TABLES `imagingstudiestable` WRITE;
/*!40000 ALTER TABLE `imagingstudiestable` DISABLE KEYS */;
INSERT INTO `imagingstudiestable` VALUES (1,''),(2,'ok'),(3,'ok'),(4,'ok'),(5,''),(6,''),(7,'ok'),(8,''),(9,'ok'),(10,'ok'),(11,'ok'),(12,''),(13,'ok'),(14,''),(15,'ok'),(16,'ok'),(17,''),(18,'ok'),(19,'ok'),(20,'ok'),(21,''),(22,''),(23,'ok'),(24,'ok'),(25,''),(26,'ok'),(27,'ok'),(28,''),(29,'ok'),(30,'ok'),(31,''),(32,'ok'),(33,'ok'),(34,''),(35,'ok'),(36,'ok'),(37,'ok'),(38,''),(39,''),(40,'ok'),(41,'ok'),(42,'ok'),(43,''),(44,''),(45,'ok'),(46,'ok'),(47,'ok'),(48,''),(49,''),(50,'ok'),(51,'ok'),(52,'ok'),(53,''),(54,'ok'),(55,'ok'),(56,''),(57,'ok'),(58,'ok'),(59,'ok'),(60,'ok'),(61,''),(62,'ok'),(63,'ok'),(64,'ok'),(65,'ok'),(66,''),(67,'ok'),(68,'ok'),(69,''),(70,'Ok'),(71,''),(72,''),(73,'Ok'),(74,''),(75,''),(76,'Ok'),(77,''),(78,''),(79,'Ok'),(80,''),(81,''),(82,'Ok'),(83,''),(84,''),(85,'Ok'),(86,''),(87,'Ok'),(88,'Ok'),(89,'Ok'),(90,'Ok'),(91,'Ok'),(92,'Ok'),(93,'Ok'),(94,'Ok'),(95,'Ok'),(96,'Ok'),(97,'Ok'),(98,'Ok'),(99,'Ok'),(100,'Ok'),(101,'Ok'),(102,'Ok'),(103,'Ok'),(104,'Ok'),(105,'Ok'),(106,'Ok'),(107,'Ok'),(108,'Ok'),(109,'Ok'),(110,'Ok'),(111,'Ok'),(112,'Ok'),(113,'Ok'),(114,'Ok'),(115,'Ok'),(116,'Ok'),(117,'Ok'),(118,'Ok'),(119,'Ok'),(120,'Ok'),(121,'Ok'),(122,'Ok'),(123,'Ok'),(124,'Ok'),(125,'Ok'),(126,'Ok'),(127,'Ok'),(128,'Ok');
/*!40000 ALTER TABLE `imagingstudiestable` ENABLE KEYS */;
UNLOCK TABLES;

--
-- Table structure for table `immunohistochemistrytable`
--

DROP TABLE IF EXISTS `immunohistochemistrytable`;
/*!40101 SET @saved_cs_client     = @@character_set_client */;
/*!40101 SET character_set_client = utf8 */;
CREATE TABLE `immunohistochemistrytable` (
  `ImmunohistochemistryID` int(11) NOT NULL AUTO_INCREMENT,
  `DatePerformed` blob,
  `Result` blob,
  PRIMARY KEY (`ImmunohistochemistryID`)
) ENGINE=InnoDB AUTO_INCREMENT=13 DEFAULT CHARSET=latin1;
/*!40101 SET character_set_client = @saved_cs_client */;

--
-- Dumping data for table `immunohistochemistrytable`
--

LOCK TABLES `immunohistochemistrytable` WRITE;
/*!40000 ALTER TABLE `immunohistochemistrytable` DISABLE KEYS */;
INSERT INTO `immunohistochemistrytable` VALUES (1,'',''),(2,'2011-02-02','Immunohistochemistry of tissue'),(3,'2012-03-03','Immunohistochemistry of tissue'),(4,'',''),(5,'2011-02-02','Immunohistochemistry of tissue'),(6,'2012-03-03','Immunohistochemistry of tissue'),(7,'',''),(8,'2011-02-02','Immunohistochemistry of tissue'),(9,'2012-03-03','Immunohistochemistry of tissue'),(10,'',''),(11,'2011-02-02','Immunohistochemistry of tissue'),(12,'2012-03-03','Immunohistochemistry of tissue');
/*!40000 ALTER TABLE `immunohistochemistrytable` ENABLE KEYS */;
UNLOCK TABLES;

--
-- Table structure for table `issstagingtable`
--

DROP TABLE IF EXISTS `issstagingtable`;
/*!40101 SET @saved_cs_client     = @@character_set_client */;
/*!40101 SET character_set_client = utf8 */;
CREATE TABLE `issstagingtable` (
  `ISSStagingID` int(11) NOT NULL AUTO_INCREMENT,
  `ISSStagingName` varchar(100) NOT NULL,
  PRIMARY KEY (`ISSStagingID`)
) ENGINE=InnoDB AUTO_INCREMENT=21 DEFAULT CHARSET=latin1;
/*!40101 SET character_set_client = @saved_cs_client */;

--
-- Dumping data for table `issstagingtable`
--

LOCK TABLES `issstagingtable` WRITE;
/*!40000 ALTER TABLE `issstagingtable` DISABLE KEYS */;
INSERT INTO `issstagingtable` VALUES (1,'Stage II'),(2,'Stage II'),(3,'Stage II'),(4,'Stage II'),(5,'Stage II'),(6,'Stage II'),(7,'Stage II'),(8,'Stage II'),(9,'Stage II'),(10,'Stage II'),(11,'Stage II'),(12,'Stage II'),(13,'Stage II'),(14,'Stage II'),(15,'Stage II'),(16,'Stage II'),(17,'Stage II'),(18,'Stage II'),(19,'Stage II'),(20,'Stage II');
/*!40000 ALTER TABLE `issstagingtable` ENABLE KEYS */;
UNLOCK TABLES;

--
-- Table structure for table `laboratoryprofiletable`
--

DROP TABLE IF EXISTS `laboratoryprofiletable`;
/*!40101 SET @saved_cs_client     = @@character_set_client */;
/*!40101 SET character_set_client = utf8 */;
CREATE TABLE `laboratoryprofiletable` (
  `LaboratoryID` int(11) NOT NULL AUTO_INCREMENT,
  `DateOfBloodCollection` date NOT NULL,
  `HematologyID` int(11) DEFAULT NULL,
  `CoagulationTestingID` int(11) DEFAULT NULL,
  `BloodChemistryID` int(11) DEFAULT NULL,
  `OtherLaboratoriesID` int(11) DEFAULT NULL,
  `BoneMarrowAspirateID` int(11) DEFAULT NULL,
  `FlowCytometryID` int(11) DEFAULT NULL,
  `CytogeneticMolecularID` int(11) DEFAULT NULL,
  `CytogeneticMolecularAAPNHID` int(11) DEFAULT NULL,
  `CytogeneticMolecularMDSID` int(11) DEFAULT NULL,
  `ImagingStudiesID` int(11) DEFAULT NULL,
  `UpperGIEndoscopyID` int(11) DEFAULT NULL,
  `MolecularAnalysisID` int(11) DEFAULT NULL,
  `HematopathologyID` int(11) DEFAULT NULL,
  `ImmunohistochemistryID` int(11) DEFAULT NULL,
  `SerumFreeID` int(11) DEFAULT NULL,
  `SerumProteinID` int(11) DEFAULT NULL,
  `SerumImmunofixationID` int(11) DEFAULT NULL,
  `UrineProteinID` int(11) DEFAULT NULL,
  `ITP` varchar(100) DEFAULT NULL,
  PRIMARY KEY (`LaboratoryID`),
  KEY `LaboratoryProfileTable_fk0` (`HematologyID`),
  KEY `LaboratoryProfileTable_fk1` (`BloodChemistryID`),
  KEY `LaboratoryProfileTable_fk2` (`OtherLaboratoriesID`),
  KEY `LaboratoryProfileTable_fk3` (`BoneMarrowAspirateID`),
  KEY `LaboratoryProfileTable_fk4` (`FlowCytometryID`),
  KEY `LaboratoryProfileTable_fk5` (`CytogeneticMolecularID`),
  KEY `LaboratoryProfileTable_fk6` (`CytogeneticMolecularAAPNHID`),
  KEY `LaboratoryProfileTable_fk7` (`CytogeneticMolecularMDSID`),
  KEY `LaboratoryProfileTable_fk8` (`ImagingStudiesID`),
  KEY `LaboratoryProfileTable_fk9` (`UpperGIEndoscopyID`),
  KEY `LaboratoryProfileTable_fk10` (`HematopathologyID`),
  KEY `LaboratoryProfileTable_fk11` (`ImmunohistochemistryID`),
  KEY `LaboratoryProfileTable_fk12` (`SerumFreeID`),
  KEY `LaboratoryProfileTable_fk13` (`SerumProteinID`),
  KEY `LaboratoryProfileTable_fk14` (`SerumImmunofixationID`),
  CONSTRAINT `LaboratoryProfileTable_fk0` FOREIGN KEY (`HematologyID`) REFERENCES `hematologytable` (`HematologyID`),
  CONSTRAINT `LaboratoryProfileTable_fk1` FOREIGN KEY (`BloodChemistryID`) REFERENCES `bloodchemistrytable` (`BloodChemistryID`),
  CONSTRAINT `LaboratoryProfileTable_fk10` FOREIGN KEY (`HematopathologyID`) REFERENCES `hematopathologytable` (`HematopathologyID`),
  CONSTRAINT `LaboratoryProfileTable_fk11` FOREIGN KEY (`ImmunohistochemistryID`) REFERENCES `immunohistochemistrytable` (`ImmunohistochemistryID`),
  CONSTRAINT `LaboratoryProfileTable_fk12` FOREIGN KEY (`SerumFreeID`) REFERENCES `serumfreetable` (`SerumFreeID`),
  CONSTRAINT `LaboratoryProfileTable_fk13` FOREIGN KEY (`SerumProteinID`) REFERENCES `serumproteintable` (`SerumProteinID`),
  CONSTRAINT `LaboratoryProfileTable_fk14` FOREIGN KEY (`SerumImmunofixationID`) REFERENCES `serumimmunofixationtable` (`SerumImmunofixationID`),
  CONSTRAINT `LaboratoryProfileTable_fk2` FOREIGN KEY (`OtherLaboratoriesID`) REFERENCES `otherlaboratoriestable` (`OtherLaboratoriesID`),
  CONSTRAINT `LaboratoryProfileTable_fk3` FOREIGN KEY (`BoneMarrowAspirateID`) REFERENCES `bonemarrowaspiratetable` (`BoneMarrowAspirateID`),
  CONSTRAINT `LaboratoryProfileTable_fk4` FOREIGN KEY (`FlowCytometryID`) REFERENCES `flowcytometrytable` (`FlowCytometryID`),
  CONSTRAINT `LaboratoryProfileTable_fk5` FOREIGN KEY (`CytogeneticMolecularID`) REFERENCES `cytogeneticmoleculartable` (`CytogeneticMolecularID`),
  CONSTRAINT `LaboratoryProfileTable_fk6` FOREIGN KEY (`CytogeneticMolecularAAPNHID`) REFERENCES `cytogeneticmolecularaapnhtable` (`CytogeneticMolecularAAPNHID`),
  CONSTRAINT `LaboratoryProfileTable_fk7` FOREIGN KEY (`CytogeneticMolecularMDSID`) REFERENCES `cytogeneticmolecularmdstable` (`CytogeneticMolecularMDSID`),
  CONSTRAINT `LaboratoryProfileTable_fk8` FOREIGN KEY (`ImagingStudiesID`) REFERENCES `imagingstudiestable` (`ImagingStudiesID`),
  CONSTRAINT `LaboratoryProfileTable_fk9` FOREIGN KEY (`UpperGIEndoscopyID`) REFERENCES `uppergiendoscopytable` (`UpperGIEndoscopyID`)
) ENGINE=InnoDB AUTO_INCREMENT=230 DEFAULT CHARSET=latin1;
/*!40101 SET character_set_client = @saved_cs_client */;

--
-- Dumping data for table `laboratoryprofiletable`
--

LOCK TABLES `laboratoryprofiletable` WRITE;
/*!40000 ALTER TABLE `laboratoryprofiletable` DISABLE KEYS */;
INSERT INTO `laboratoryprofiletable` VALUES (1,'2000-03-03',1,NULL,NULL,1,1,1,NULL,1,1,NULL,NULL,NULL,NULL,NULL,NULL,NULL,NULL,NULL,NULL),(2,'2000-03-03',2,NULL,NULL,2,2,2,NULL,2,2,NULL,NULL,NULL,NULL,NULL,NULL,NULL,NULL,NULL,NULL),(3,'2000-03-03',3,NULL,NULL,3,3,3,NULL,3,3,NULL,NULL,NULL,NULL,NULL,NULL,NULL,NULL,NULL,NULL),(4,'2000-03-03',4,NULL,NULL,4,4,4,NULL,4,4,NULL,NULL,NULL,NULL,NULL,NULL,NULL,NULL,NULL,NULL),(5,'2000-03-03',5,NULL,NULL,5,5,5,NULL,5,5,NULL,NULL,NULL,NULL,NULL,NULL,NULL,NULL,NULL,NULL),(6,'2000-03-03',6,NULL,NULL,6,6,6,NULL,6,6,NULL,NULL,NULL,NULL,NULL,NULL,NULL,NULL,NULL,NULL),(7,'2000-03-03',7,NULL,NULL,7,7,7,NULL,7,7,NULL,NULL,NULL,NULL,NULL,NULL,NULL,NULL,NULL,NULL),(8,'2000-03-03',8,NULL,NULL,8,8,8,NULL,8,8,NULL,NULL,NULL,NULL,NULL,NULL,NULL,NULL,NULL,NULL),(9,'2000-03-03',9,NULL,NULL,9,9,9,NULL,9,9,NULL,NULL,NULL,NULL,NULL,NULL,NULL,NULL,NULL,NULL),(10,'2000-03-03',10,NULL,NULL,10,10,10,NULL,10,10,NULL,NULL,NULL,NULL,NULL,NULL,NULL,NULL,NULL,NULL),(11,'2000-03-03',11,NULL,NULL,11,11,11,NULL,11,11,NULL,NULL,NULL,NULL,NULL,NULL,NULL,NULL,NULL,NULL),(12,'2000-03-03',12,NULL,NULL,12,12,12,NULL,12,12,NULL,NULL,NULL,NULL,NULL,NULL,NULL,NULL,NULL,NULL),(13,'2000-03-03',13,NULL,NULL,13,13,13,NULL,13,13,NULL,NULL,NULL,NULL,NULL,NULL,NULL,NULL,NULL,NULL),(14,'2000-03-03',14,NULL,NULL,14,14,14,NULL,14,14,NULL,NULL,NULL,NULL,NULL,NULL,NULL,NULL,NULL,NULL),(15,'2000-03-03',15,NULL,NULL,15,15,15,NULL,15,15,NULL,NULL,NULL,NULL,NULL,NULL,NULL,NULL,NULL,NULL),(16,'2000-03-03',16,1,1,NULL,NULL,NULL,NULL,NULL,NULL,1,NULL,NULL,NULL,NULL,NULL,NULL,NULL,NULL,NULL),(17,'2000-03-03',17,2,2,NULL,NULL,NULL,NULL,NULL,NULL,2,NULL,NULL,NULL,NULL,NULL,NULL,NULL,NULL,NULL),(18,'2000-03-03',18,3,3,NULL,NULL,NULL,NULL,NULL,NULL,3,NULL,NULL,NULL,NULL,NULL,NULL,NULL,NULL,NULL),(19,'2000-03-03',19,4,4,NULL,NULL,NULL,NULL,NULL,NULL,4,NULL,NULL,NULL,NULL,NULL,NULL,NULL,NULL,NULL),(20,'2000-03-03',20,5,5,NULL,NULL,NULL,NULL,NULL,NULL,5,NULL,NULL,NULL,NULL,NULL,NULL,NULL,NULL,NULL),(21,'2000-03-03',21,6,6,NULL,NULL,NULL,NULL,NULL,NULL,6,NULL,NULL,NULL,NULL,NULL,NULL,NULL,NULL,NULL),(22,'2000-03-03',22,NULL,7,NULL,16,16,1,NULL,NULL,7,NULL,NULL,NULL,NULL,NULL,NULL,NULL,NULL,NULL),(23,'2000-03-03',23,NULL,8,NULL,17,17,2,NULL,NULL,8,NULL,NULL,NULL,NULL,NULL,NULL,NULL,NULL,NULL),(24,'2000-03-03',24,NULL,9,NULL,18,18,3,NULL,NULL,9,NULL,NULL,NULL,NULL,NULL,NULL,NULL,NULL,NULL),(25,'2000-03-03',25,NULL,10,NULL,19,19,4,NULL,NULL,10,NULL,NULL,NULL,NULL,NULL,NULL,NULL,NULL,NULL),(26,'2000-03-03',26,NULL,11,NULL,20,20,5,NULL,NULL,11,NULL,NULL,NULL,NULL,NULL,NULL,NULL,NULL,NULL),(27,'2000-03-03',27,NULL,12,NULL,21,21,6,NULL,NULL,12,NULL,NULL,NULL,NULL,NULL,NULL,NULL,NULL,NULL),(28,'2000-03-03',28,NULL,13,NULL,22,22,7,NULL,NULL,13,NULL,NULL,NULL,NULL,NULL,NULL,NULL,NULL,NULL),(29,'2000-03-03',29,NULL,14,NULL,23,23,8,NULL,NULL,14,NULL,NULL,NULL,NULL,NULL,NULL,NULL,NULL,NULL),(30,'2000-03-03',30,NULL,15,NULL,24,24,9,NULL,NULL,15,NULL,NULL,NULL,NULL,NULL,NULL,NULL,NULL,NULL),(31,'2000-03-03',31,NULL,16,NULL,25,25,10,NULL,NULL,16,NULL,NULL,NULL,NULL,NULL,NULL,NULL,NULL,NULL),(32,'2000-03-03',32,NULL,17,NULL,26,26,11,NULL,NULL,17,NULL,NULL,NULL,NULL,NULL,NULL,NULL,NULL,NULL),(33,'2000-03-03',33,NULL,18,NULL,27,27,12,NULL,NULL,18,NULL,NULL,NULL,NULL,NULL,NULL,NULL,NULL,NULL),(34,'2000-03-03',34,NULL,19,NULL,28,28,13,NULL,NULL,19,NULL,NULL,NULL,NULL,NULL,NULL,NULL,NULL,NULL),(35,'2000-03-03',35,NULL,20,NULL,29,29,14,NULL,NULL,20,NULL,NULL,NULL,NULL,NULL,NULL,NULL,NULL,NULL),(36,'2000-03-03',36,NULL,21,NULL,30,30,15,NULL,NULL,21,NULL,NULL,NULL,NULL,NULL,NULL,NULL,NULL,NULL),(37,'2000-03-03',37,NULL,22,NULL,31,31,NULL,15,NULL,22,NULL,NULL,1,1,NULL,NULL,NULL,NULL,NULL),(38,'2000-03-03',38,NULL,23,NULL,32,32,NULL,15,NULL,23,NULL,NULL,2,2,NULL,NULL,NULL,NULL,NULL),(39,'2000-03-03',39,NULL,24,NULL,33,33,NULL,15,NULL,24,NULL,NULL,3,3,NULL,NULL,NULL,NULL,NULL),(40,'2000-03-03',40,NULL,25,NULL,34,34,NULL,15,NULL,25,NULL,NULL,4,4,NULL,NULL,NULL,NULL,NULL),(41,'2000-03-03',41,NULL,26,NULL,35,35,NULL,15,NULL,26,NULL,NULL,5,5,NULL,NULL,NULL,NULL,NULL),(42,'2000-03-03',42,NULL,27,NULL,36,36,NULL,15,NULL,27,NULL,NULL,6,6,NULL,NULL,NULL,NULL,NULL),(43,'2000-03-03',43,NULL,28,NULL,37,37,NULL,15,NULL,28,NULL,NULL,7,7,NULL,NULL,NULL,NULL,NULL),(44,'2000-03-03',44,NULL,29,NULL,38,38,NULL,15,NULL,29,NULL,NULL,8,8,NULL,NULL,NULL,NULL,NULL),(45,'2000-03-03',45,NULL,30,NULL,39,39,NULL,15,NULL,30,NULL,NULL,9,9,NULL,NULL,NULL,NULL,NULL),(46,'2000-03-03',46,NULL,31,NULL,40,40,NULL,15,NULL,31,NULL,NULL,10,10,NULL,NULL,NULL,NULL,NULL),(47,'2000-03-03',47,NULL,32,NULL,41,41,NULL,15,NULL,32,NULL,NULL,11,11,NULL,NULL,NULL,NULL,NULL),(48,'2000-03-03',48,NULL,33,NULL,42,42,NULL,15,NULL,33,NULL,NULL,12,12,NULL,NULL,NULL,NULL,NULL),(49,'2000-03-03',49,NULL,34,NULL,43,NULL,16,NULL,NULL,NULL,NULL,NULL,NULL,NULL,NULL,NULL,NULL,NULL,NULL),(50,'2000-03-03',50,NULL,35,NULL,44,NULL,17,NULL,NULL,NULL,NULL,NULL,NULL,NULL,NULL,NULL,NULL,NULL,NULL),(51,'2000-03-03',51,NULL,36,NULL,45,NULL,18,NULL,NULL,NULL,NULL,NULL,NULL,NULL,NULL,NULL,NULL,NULL,NULL),(52,'2000-03-03',52,NULL,37,NULL,46,NULL,19,NULL,NULL,NULL,NULL,NULL,NULL,NULL,NULL,NULL,NULL,NULL,NULL),(53,'2000-03-03',53,NULL,38,NULL,47,NULL,20,NULL,NULL,NULL,NULL,NULL,NULL,NULL,NULL,NULL,NULL,NULL,NULL),(54,'2000-03-03',54,NULL,39,NULL,48,NULL,21,NULL,NULL,NULL,NULL,NULL,NULL,NULL,NULL,NULL,NULL,NULL,NULL),(55,'2000-03-03',55,NULL,40,NULL,49,NULL,22,NULL,NULL,NULL,NULL,NULL,NULL,NULL,NULL,NULL,NULL,NULL,NULL),(56,'2000-03-03',56,NULL,41,NULL,50,NULL,23,NULL,NULL,NULL,NULL,NULL,NULL,NULL,NULL,NULL,NULL,NULL,NULL),(57,'2000-03-03',57,NULL,42,NULL,51,NULL,24,NULL,NULL,NULL,NULL,NULL,NULL,NULL,NULL,NULL,NULL,NULL,NULL),(58,'2000-03-03',58,NULL,43,NULL,52,NULL,25,NULL,NULL,NULL,NULL,NULL,NULL,NULL,NULL,NULL,NULL,NULL,NULL),(59,'2000-03-03',59,NULL,44,NULL,53,NULL,26,NULL,NULL,NULL,NULL,NULL,NULL,NULL,NULL,NULL,NULL,NULL,NULL),(60,'2000-03-03',60,NULL,45,NULL,54,NULL,27,NULL,NULL,NULL,NULL,NULL,NULL,NULL,NULL,NULL,NULL,NULL,NULL),(61,'2000-03-03',61,NULL,46,NULL,55,NULL,28,NULL,NULL,NULL,NULL,NULL,NULL,NULL,NULL,NULL,NULL,NULL,NULL),(62,'2000-03-03',62,NULL,47,NULL,56,NULL,29,NULL,NULL,NULL,NULL,NULL,NULL,NULL,NULL,NULL,NULL,NULL,NULL),(63,'2000-03-03',63,NULL,48,NULL,57,NULL,30,NULL,NULL,NULL,NULL,NULL,NULL,NULL,NULL,NULL,NULL,NULL,NULL),(64,'2000-03-03',64,NULL,49,NULL,58,NULL,31,NULL,NULL,NULL,NULL,NULL,NULL,NULL,NULL,NULL,NULL,NULL,NULL),(65,'2000-03-03',65,NULL,50,NULL,59,NULL,32,NULL,NULL,NULL,NULL,NULL,NULL,NULL,NULL,NULL,NULL,NULL,NULL),(66,'2000-03-03',66,NULL,51,NULL,60,NULL,33,NULL,NULL,NULL,NULL,NULL,NULL,NULL,NULL,NULL,NULL,NULL,NULL),(67,'2000-03-03',67,NULL,52,NULL,61,NULL,34,NULL,NULL,NULL,NULL,NULL,NULL,NULL,NULL,NULL,NULL,NULL,NULL),(68,'2000-03-03',68,NULL,53,NULL,62,NULL,35,NULL,NULL,NULL,NULL,NULL,NULL,NULL,NULL,NULL,NULL,NULL,NULL),(69,'2000-03-03',69,NULL,54,NULL,63,NULL,36,NULL,NULL,NULL,NULL,NULL,NULL,NULL,NULL,NULL,NULL,NULL,NULL),(70,'2000-03-03',70,NULL,55,NULL,64,NULL,37,NULL,NULL,NULL,NULL,NULL,NULL,NULL,NULL,NULL,NULL,NULL,NULL),(71,'2000-03-03',71,NULL,56,NULL,65,NULL,38,NULL,NULL,NULL,NULL,NULL,NULL,NULL,NULL,NULL,NULL,NULL,NULL),(72,'2000-03-03',72,NULL,57,NULL,66,NULL,39,NULL,NULL,NULL,NULL,NULL,NULL,NULL,NULL,NULL,NULL,NULL,NULL),(73,'2000-03-03',73,NULL,58,NULL,67,NULL,40,NULL,NULL,34,NULL,NULL,NULL,NULL,1,1,1,1,NULL),(74,'2000-03-03',74,NULL,59,NULL,68,NULL,41,NULL,NULL,35,NULL,NULL,NULL,NULL,2,2,2,2,NULL),(75,'2000-03-03',75,NULL,60,NULL,69,NULL,42,NULL,NULL,36,NULL,NULL,NULL,NULL,3,3,3,3,NULL),(76,'2000-03-03',76,NULL,61,NULL,70,NULL,43,NULL,NULL,37,NULL,NULL,NULL,NULL,4,4,4,4,NULL),(77,'2000-03-03',77,NULL,62,NULL,71,NULL,44,NULL,NULL,38,NULL,NULL,NULL,NULL,5,5,5,5,NULL),(78,'2000-03-03',78,NULL,63,NULL,72,NULL,45,NULL,NULL,39,NULL,NULL,NULL,NULL,6,6,6,6,NULL),(79,'2000-03-03',79,NULL,64,NULL,73,NULL,46,NULL,NULL,40,NULL,NULL,NULL,NULL,7,7,7,7,NULL),(80,'2000-03-03',80,NULL,65,NULL,74,NULL,47,NULL,NULL,41,NULL,NULL,NULL,NULL,8,8,8,8,NULL),(81,'2000-03-03',81,NULL,66,NULL,75,NULL,48,NULL,NULL,42,NULL,NULL,NULL,NULL,9,9,9,9,NULL),(82,'2000-03-03',82,NULL,67,NULL,76,NULL,49,NULL,NULL,43,NULL,NULL,NULL,NULL,10,10,10,10,NULL),(83,'2000-03-03',83,NULL,68,NULL,77,NULL,50,NULL,NULL,44,NULL,NULL,NULL,NULL,11,11,11,11,NULL),(84,'2000-03-03',84,NULL,69,NULL,78,NULL,51,NULL,NULL,45,NULL,NULL,NULL,NULL,12,12,12,12,NULL),(85,'2000-03-03',85,NULL,70,NULL,79,NULL,52,NULL,NULL,46,NULL,NULL,NULL,NULL,13,13,13,13,NULL),(86,'2000-03-03',86,NULL,71,NULL,80,NULL,53,NULL,NULL,47,NULL,NULL,NULL,NULL,14,14,14,14,NULL),(87,'2000-03-03',87,NULL,72,NULL,81,NULL,54,NULL,NULL,48,NULL,NULL,NULL,NULL,15,15,15,15,NULL),(88,'2000-03-03',88,NULL,73,NULL,82,NULL,55,NULL,NULL,49,NULL,NULL,NULL,NULL,16,16,16,16,NULL),(89,'2000-03-03',89,NULL,74,NULL,83,NULL,56,NULL,NULL,50,NULL,NULL,NULL,NULL,17,17,17,17,NULL),(90,'2000-03-03',90,NULL,75,NULL,84,NULL,57,NULL,NULL,51,NULL,NULL,NULL,NULL,18,18,18,18,NULL),(91,'2000-03-03',91,NULL,76,NULL,85,NULL,58,NULL,NULL,52,NULL,NULL,NULL,NULL,19,19,19,19,NULL),(92,'2000-03-03',92,NULL,77,NULL,86,NULL,59,NULL,NULL,53,NULL,NULL,NULL,NULL,20,20,20,20,NULL),(93,'2000-03-03',93,NULL,78,NULL,87,NULL,NULL,NULL,NULL,54,1,NULL,NULL,NULL,NULL,NULL,NULL,NULL,'Secondary ITP'),(94,'2000-03-03',94,NULL,79,NULL,88,NULL,NULL,NULL,NULL,55,2,NULL,NULL,NULL,NULL,NULL,NULL,NULL,'Secondary ITP'),(95,'2000-03-03',95,NULL,80,NULL,89,NULL,NULL,NULL,NULL,56,3,NULL,NULL,NULL,NULL,NULL,NULL,NULL,'Secondary ITP'),(96,'2000-03-03',96,NULL,81,NULL,90,NULL,NULL,NULL,NULL,57,4,NULL,NULL,NULL,NULL,NULL,NULL,NULL,'Secondary ITP'),(97,'2000-03-03',97,NULL,82,NULL,91,NULL,NULL,NULL,NULL,58,5,NULL,NULL,NULL,NULL,NULL,NULL,NULL,'Secondary ITP'),(98,'2000-03-03',98,NULL,83,NULL,92,NULL,NULL,NULL,NULL,59,6,NULL,NULL,NULL,NULL,NULL,NULL,NULL,'Secondary ITP'),(99,'2000-03-03',99,NULL,84,NULL,93,NULL,NULL,NULL,NULL,60,7,NULL,NULL,NULL,NULL,NULL,NULL,NULL,'Secondary ITP'),(100,'2000-03-03',100,NULL,85,NULL,94,NULL,NULL,NULL,NULL,61,8,NULL,NULL,NULL,NULL,NULL,NULL,NULL,'Secondary ITP'),(101,'2000-03-03',101,NULL,86,NULL,95,NULL,NULL,NULL,NULL,62,9,NULL,NULL,NULL,NULL,NULL,NULL,NULL,'Secondary ITP'),(102,'2000-03-03',102,NULL,87,NULL,96,NULL,NULL,NULL,NULL,63,10,NULL,NULL,NULL,NULL,NULL,NULL,NULL,'Secondary ITP'),(103,'2000-03-03',103,NULL,88,NULL,97,NULL,NULL,NULL,NULL,64,11,NULL,NULL,NULL,NULL,NULL,NULL,NULL,'Secondary ITP'),(104,'2000-03-03',104,NULL,89,NULL,98,NULL,NULL,NULL,NULL,65,12,NULL,NULL,NULL,NULL,NULL,NULL,NULL,'Secondary ITP'),(105,'2000-03-03',105,NULL,90,NULL,99,NULL,NULL,NULL,NULL,66,13,NULL,NULL,NULL,NULL,NULL,NULL,NULL,'Secondary ITP'),(106,'2000-03-03',106,NULL,91,NULL,100,NULL,NULL,NULL,NULL,67,14,NULL,NULL,NULL,NULL,NULL,NULL,NULL,'Secondary ITP'),(107,'2000-03-03',107,NULL,92,NULL,101,NULL,NULL,NULL,NULL,68,15,NULL,NULL,NULL,NULL,NULL,NULL,NULL,'Secondary ITP'),(108,'2018-03-03',108,NULL,NULL,16,102,43,60,NULL,NULL,NULL,NULL,NULL,NULL,NULL,NULL,NULL,NULL,NULL,NULL),(109,'2018-03-04',109,NULL,NULL,17,103,44,61,NULL,NULL,NULL,NULL,NULL,NULL,NULL,NULL,NULL,NULL,NULL,NULL),(110,'2018-03-05',110,NULL,NULL,18,104,45,62,NULL,NULL,NULL,NULL,NULL,NULL,NULL,NULL,NULL,NULL,NULL,NULL),(111,'2018-03-03',111,NULL,NULL,19,105,46,63,NULL,NULL,NULL,NULL,NULL,NULL,NULL,NULL,NULL,NULL,NULL,NULL),(112,'2018-03-04',112,NULL,NULL,20,106,47,64,NULL,NULL,NULL,NULL,NULL,NULL,NULL,NULL,NULL,NULL,NULL,NULL),(113,'2018-03-05',113,NULL,NULL,21,107,48,65,NULL,NULL,NULL,NULL,NULL,NULL,NULL,NULL,NULL,NULL,NULL,NULL),(114,'2018-03-03',114,NULL,NULL,22,108,49,66,NULL,NULL,NULL,NULL,NULL,NULL,NULL,NULL,NULL,NULL,NULL,NULL),(115,'2018-03-04',115,NULL,NULL,23,109,50,67,NULL,NULL,NULL,NULL,NULL,NULL,NULL,NULL,NULL,NULL,NULL,NULL),(116,'2018-03-03',116,NULL,NULL,24,110,51,68,NULL,NULL,NULL,NULL,NULL,NULL,NULL,NULL,NULL,NULL,NULL,NULL),(117,'2018-03-04',117,NULL,NULL,25,111,52,69,NULL,NULL,NULL,NULL,NULL,NULL,NULL,NULL,NULL,NULL,NULL,NULL),(118,'2018-03-05',118,NULL,NULL,26,112,53,70,NULL,NULL,NULL,NULL,NULL,NULL,NULL,NULL,NULL,NULL,NULL,NULL),(119,'2018-03-09',119,NULL,NULL,NULL,113,54,71,NULL,NULL,NULL,NULL,NULL,NULL,NULL,NULL,NULL,NULL,NULL,NULL),(120,'2018-03-10',120,NULL,NULL,NULL,114,55,72,NULL,NULL,NULL,NULL,NULL,NULL,NULL,NULL,NULL,NULL,NULL,NULL),(121,'2018-03-11',121,NULL,NULL,NULL,115,56,73,NULL,NULL,NULL,NULL,NULL,NULL,NULL,NULL,NULL,NULL,NULL,NULL),(122,'2018-03-09',122,NULL,NULL,NULL,116,57,74,NULL,NULL,NULL,NULL,NULL,NULL,NULL,NULL,NULL,NULL,NULL,NULL),(123,'2018-03-10',123,NULL,NULL,NULL,117,58,75,NULL,NULL,NULL,NULL,NULL,NULL,NULL,NULL,NULL,NULL,NULL,NULL),(124,'2018-03-11',124,NULL,NULL,NULL,118,59,76,NULL,NULL,NULL,NULL,NULL,NULL,NULL,NULL,NULL,NULL,NULL,NULL),(125,'2018-03-09',125,NULL,NULL,NULL,119,60,77,NULL,NULL,NULL,NULL,NULL,NULL,NULL,NULL,NULL,NULL,NULL,NULL),(126,'2018-03-10',126,NULL,NULL,NULL,120,61,78,NULL,NULL,NULL,NULL,NULL,NULL,NULL,NULL,NULL,NULL,NULL,NULL),(127,'2018-03-11',127,NULL,NULL,NULL,121,62,79,NULL,NULL,NULL,NULL,NULL,NULL,NULL,NULL,NULL,NULL,NULL,NULL),(128,'2018-03-09',128,NULL,NULL,NULL,122,63,80,NULL,NULL,NULL,NULL,NULL,NULL,NULL,NULL,NULL,NULL,NULL,NULL),(129,'2018-03-10',129,NULL,NULL,NULL,123,64,81,NULL,NULL,NULL,NULL,NULL,NULL,NULL,NULL,NULL,NULL,NULL,NULL),(130,'2018-03-11',130,NULL,NULL,NULL,124,65,82,NULL,NULL,NULL,NULL,NULL,NULL,NULL,NULL,NULL,NULL,NULL,NULL),(131,'2018-03-09',131,NULL,NULL,NULL,125,66,83,NULL,NULL,NULL,NULL,NULL,NULL,NULL,NULL,NULL,NULL,NULL,NULL),(132,'2018-03-10',132,NULL,NULL,NULL,126,67,84,NULL,NULL,NULL,NULL,NULL,NULL,NULL,NULL,NULL,NULL,NULL,NULL),(133,'2018-03-11',133,NULL,NULL,NULL,127,68,85,NULL,NULL,NULL,NULL,NULL,NULL,NULL,NULL,NULL,NULL,NULL,NULL),(134,'2018-03-09',134,NULL,NULL,NULL,128,69,86,NULL,NULL,NULL,NULL,NULL,NULL,NULL,NULL,NULL,NULL,NULL,NULL),(135,'2018-03-10',135,NULL,NULL,NULL,129,70,87,NULL,NULL,NULL,NULL,NULL,NULL,NULL,NULL,NULL,NULL,NULL,NULL),(136,'2018-03-10',136,NULL,NULL,NULL,130,71,88,NULL,NULL,NULL,NULL,NULL,NULL,NULL,NULL,NULL,NULL,NULL,NULL),(137,'2018-03-11',137,NULL,NULL,NULL,131,72,89,NULL,NULL,NULL,NULL,NULL,NULL,NULL,NULL,NULL,NULL,NULL,NULL),(138,'2018-03-09',138,NULL,NULL,NULL,132,73,90,NULL,NULL,NULL,NULL,NULL,NULL,NULL,NULL,NULL,NULL,NULL,NULL),(139,'2018-03-10',139,NULL,NULL,NULL,133,74,91,NULL,NULL,NULL,NULL,NULL,NULL,NULL,NULL,NULL,NULL,NULL,NULL),(140,'2018-03-11',140,NULL,NULL,NULL,134,75,92,NULL,NULL,NULL,NULL,NULL,NULL,NULL,NULL,NULL,NULL,NULL,NULL),(141,'2018-03-09',141,NULL,NULL,NULL,135,76,93,NULL,NULL,NULL,NULL,NULL,NULL,NULL,NULL,NULL,NULL,NULL,NULL),(142,'2018-03-10',142,NULL,NULL,NULL,136,77,94,NULL,NULL,NULL,NULL,NULL,NULL,NULL,NULL,NULL,NULL,NULL,NULL),(143,'2018-03-11',143,NULL,NULL,NULL,137,78,95,NULL,NULL,NULL,NULL,NULL,NULL,NULL,NULL,NULL,NULL,NULL,NULL),(144,'2018-03-09',144,NULL,NULL,NULL,138,79,96,NULL,NULL,NULL,NULL,NULL,NULL,NULL,NULL,NULL,NULL,NULL,NULL),(145,'2018-03-10',145,NULL,NULL,NULL,139,80,97,NULL,NULL,NULL,NULL,NULL,NULL,NULL,NULL,NULL,NULL,NULL,NULL),(146,'2018-03-11',146,NULL,NULL,NULL,140,81,98,NULL,NULL,NULL,NULL,NULL,NULL,NULL,NULL,NULL,NULL,NULL,NULL),(147,'2018-03-10',147,NULL,NULL,NULL,141,82,99,NULL,NULL,NULL,NULL,NULL,NULL,NULL,NULL,NULL,NULL,NULL,NULL),(148,'2018-03-11',148,NULL,NULL,NULL,142,83,100,NULL,NULL,NULL,NULL,NULL,NULL,NULL,NULL,NULL,NULL,NULL,NULL),(149,'2018-03-12',149,NULL,93,NULL,NULL,NULL,NULL,NULL,NULL,69,NULL,NULL,NULL,NULL,NULL,NULL,NULL,NULL,NULL),(150,'2018-03-13',150,NULL,94,NULL,NULL,NULL,NULL,NULL,NULL,70,NULL,NULL,NULL,NULL,NULL,NULL,NULL,NULL,NULL),(151,'2018-03-14',151,NULL,95,NULL,NULL,NULL,NULL,NULL,NULL,71,NULL,NULL,NULL,NULL,NULL,NULL,NULL,NULL,NULL),(152,'2018-03-12',152,NULL,96,NULL,NULL,NULL,NULL,NULL,NULL,72,NULL,NULL,NULL,NULL,NULL,NULL,NULL,NULL,NULL),(153,'2018-03-13',153,NULL,97,NULL,NULL,NULL,NULL,NULL,NULL,73,NULL,NULL,NULL,NULL,NULL,NULL,NULL,NULL,NULL),(154,'2018-03-14',154,NULL,98,NULL,NULL,NULL,NULL,NULL,NULL,74,NULL,NULL,NULL,NULL,NULL,NULL,NULL,NULL,NULL),(155,'2018-03-12',155,NULL,99,NULL,NULL,NULL,NULL,NULL,NULL,75,NULL,NULL,NULL,NULL,NULL,NULL,NULL,NULL,NULL),(156,'2018-03-13',156,NULL,100,NULL,NULL,NULL,NULL,NULL,NULL,76,NULL,NULL,NULL,NULL,NULL,NULL,NULL,NULL,NULL),(157,'2018-03-14',157,NULL,101,NULL,NULL,NULL,NULL,NULL,NULL,77,NULL,NULL,NULL,NULL,NULL,NULL,NULL,NULL,NULL),(158,'2018-03-12',158,NULL,102,NULL,NULL,NULL,NULL,NULL,NULL,78,NULL,NULL,NULL,NULL,NULL,NULL,NULL,NULL,NULL),(159,'2018-03-13',159,NULL,103,NULL,NULL,NULL,NULL,NULL,NULL,79,NULL,NULL,NULL,NULL,NULL,NULL,NULL,NULL,NULL),(160,'2018-03-14',160,NULL,104,NULL,NULL,NULL,NULL,NULL,NULL,80,NULL,NULL,NULL,NULL,NULL,NULL,NULL,NULL,NULL),(161,'2018-03-12',161,NULL,105,NULL,NULL,NULL,NULL,NULL,NULL,81,NULL,NULL,NULL,NULL,NULL,NULL,NULL,NULL,NULL),(162,'2018-03-13',162,NULL,106,NULL,NULL,NULL,NULL,NULL,NULL,82,NULL,NULL,NULL,NULL,NULL,NULL,NULL,NULL,NULL),(163,'2018-03-14',163,NULL,107,NULL,NULL,NULL,NULL,NULL,NULL,83,NULL,NULL,NULL,NULL,NULL,NULL,NULL,NULL,NULL),(164,'2018-03-12',164,NULL,108,NULL,NULL,NULL,NULL,NULL,NULL,84,NULL,NULL,NULL,NULL,NULL,NULL,NULL,NULL,NULL),(165,'2018-03-13',165,NULL,109,NULL,NULL,NULL,NULL,NULL,NULL,85,NULL,NULL,NULL,NULL,NULL,NULL,NULL,NULL,NULL),(166,'2018-03-14',166,NULL,110,NULL,NULL,NULL,NULL,NULL,NULL,86,NULL,NULL,NULL,NULL,NULL,NULL,NULL,NULL,NULL),(167,'2018-03-15',167,NULL,NULL,NULL,143,NULL,NULL,NULL,NULL,NULL,NULL,NULL,NULL,NULL,NULL,NULL,NULL,NULL,NULL),(168,'2018-03-16',168,NULL,NULL,NULL,144,NULL,NULL,NULL,NULL,NULL,NULL,NULL,NULL,NULL,NULL,NULL,NULL,NULL,NULL),(169,'2018-03-17',169,NULL,NULL,NULL,145,NULL,NULL,NULL,NULL,NULL,NULL,NULL,NULL,NULL,NULL,NULL,NULL,NULL,NULL),(170,'2018-03-15',170,NULL,NULL,NULL,146,NULL,NULL,NULL,NULL,NULL,NULL,NULL,NULL,NULL,NULL,NULL,NULL,NULL,NULL),(171,'2018-03-16',171,NULL,NULL,NULL,147,NULL,NULL,NULL,NULL,NULL,NULL,NULL,NULL,NULL,NULL,NULL,NULL,NULL,NULL),(172,'2018-03-17',172,NULL,NULL,NULL,148,NULL,NULL,NULL,NULL,NULL,NULL,NULL,NULL,NULL,NULL,NULL,NULL,NULL,NULL),(173,'2018-03-15',173,NULL,NULL,NULL,149,NULL,NULL,NULL,NULL,NULL,NULL,NULL,NULL,NULL,NULL,NULL,NULL,NULL,NULL),(174,'2018-03-16',174,NULL,NULL,NULL,150,NULL,NULL,NULL,NULL,NULL,NULL,NULL,NULL,NULL,NULL,NULL,NULL,NULL,NULL),(175,'2018-03-17',175,NULL,NULL,NULL,151,NULL,NULL,NULL,NULL,NULL,NULL,NULL,NULL,NULL,NULL,NULL,NULL,NULL,NULL),(176,'2018-03-15',176,NULL,NULL,NULL,152,NULL,NULL,NULL,NULL,NULL,NULL,NULL,NULL,NULL,NULL,NULL,NULL,NULL,NULL),(177,'2018-03-16',177,NULL,NULL,NULL,153,NULL,NULL,NULL,NULL,NULL,NULL,NULL,NULL,NULL,NULL,NULL,NULL,NULL,NULL),(178,'2018-03-17',178,NULL,NULL,NULL,154,NULL,NULL,NULL,NULL,NULL,NULL,NULL,NULL,NULL,NULL,NULL,NULL,NULL,NULL),(179,'2018-03-15',179,NULL,NULL,NULL,155,NULL,NULL,NULL,NULL,NULL,NULL,NULL,NULL,NULL,NULL,NULL,NULL,NULL,NULL),(180,'2018-03-16',180,NULL,NULL,NULL,156,NULL,NULL,NULL,NULL,NULL,NULL,NULL,NULL,NULL,NULL,NULL,NULL,NULL,NULL),(181,'2018-03-17',181,NULL,NULL,NULL,157,NULL,NULL,NULL,NULL,NULL,NULL,NULL,NULL,NULL,NULL,NULL,NULL,NULL,NULL),(182,'2018-03-15',182,NULL,NULL,NULL,158,NULL,NULL,NULL,NULL,NULL,NULL,NULL,NULL,NULL,NULL,NULL,NULL,NULL,NULL),(183,'2018-03-16',183,NULL,NULL,NULL,159,NULL,NULL,NULL,NULL,NULL,NULL,NULL,NULL,NULL,NULL,NULL,NULL,NULL,NULL),(184,'2018-03-17',184,NULL,NULL,NULL,160,NULL,NULL,NULL,NULL,NULL,NULL,NULL,NULL,NULL,NULL,NULL,NULL,NULL,NULL),(185,'2018-03-15',185,NULL,NULL,NULL,161,NULL,NULL,NULL,NULL,NULL,NULL,NULL,NULL,NULL,NULL,NULL,NULL,NULL,NULL),(186,'2018-03-16',186,NULL,NULL,NULL,162,NULL,NULL,NULL,NULL,NULL,NULL,NULL,NULL,NULL,NULL,NULL,NULL,NULL,NULL),(187,'2018-03-17',187,NULL,NULL,NULL,163,NULL,NULL,NULL,NULL,NULL,NULL,NULL,NULL,NULL,NULL,NULL,NULL,NULL,NULL),(188,'2018-03-18',188,NULL,111,NULL,164,NULL,NULL,NULL,NULL,87,NULL,NULL,NULL,NULL,21,21,21,21,NULL),(189,'2018-03-19',189,NULL,112,NULL,165,NULL,NULL,NULL,NULL,88,NULL,NULL,NULL,NULL,22,22,22,22,NULL),(190,'2018-03-20',190,NULL,113,NULL,166,NULL,NULL,NULL,NULL,89,NULL,NULL,NULL,NULL,23,23,23,23,NULL),(191,'2018-03-18',191,NULL,114,NULL,167,NULL,NULL,NULL,NULL,90,NULL,NULL,NULL,NULL,24,24,24,24,NULL),(192,'2018-03-19',192,NULL,115,NULL,168,NULL,NULL,NULL,NULL,91,NULL,NULL,NULL,NULL,25,25,25,25,NULL),(193,'2018-03-20',193,NULL,116,NULL,169,NULL,NULL,NULL,NULL,92,NULL,NULL,NULL,NULL,26,26,26,26,NULL),(194,'2018-03-18',194,NULL,117,NULL,170,NULL,NULL,NULL,NULL,93,NULL,NULL,NULL,NULL,27,27,27,27,NULL),(195,'2018-03-19',195,NULL,118,NULL,171,NULL,NULL,NULL,NULL,94,NULL,NULL,NULL,NULL,28,28,28,28,NULL),(196,'2018-03-20',196,NULL,119,NULL,172,NULL,NULL,NULL,NULL,95,NULL,NULL,NULL,NULL,29,29,29,29,NULL),(197,'2018-03-18',197,NULL,120,NULL,173,NULL,NULL,NULL,NULL,96,NULL,NULL,NULL,NULL,30,30,30,30,NULL),(198,'2018-03-19',198,NULL,121,NULL,174,NULL,NULL,NULL,NULL,97,NULL,NULL,NULL,NULL,31,31,31,31,NULL),(199,'2018-03-20',199,NULL,122,NULL,175,NULL,NULL,NULL,NULL,98,NULL,NULL,NULL,NULL,32,32,32,32,NULL),(200,'2018-03-18',200,NULL,123,NULL,176,NULL,NULL,NULL,NULL,99,NULL,NULL,NULL,NULL,33,33,33,33,NULL),(201,'2018-03-19',201,NULL,124,NULL,177,NULL,NULL,NULL,NULL,100,NULL,NULL,NULL,NULL,34,34,34,34,NULL),(202,'2018-03-20',202,NULL,125,NULL,178,NULL,NULL,NULL,NULL,101,NULL,NULL,NULL,NULL,35,35,35,35,NULL),(203,'2018-03-18',203,NULL,126,NULL,179,NULL,NULL,NULL,NULL,102,NULL,NULL,NULL,NULL,36,36,36,36,NULL),(204,'2018-03-19',204,NULL,127,NULL,180,NULL,NULL,NULL,NULL,103,NULL,NULL,NULL,NULL,37,37,37,37,NULL),(205,'2018-03-20',205,NULL,128,NULL,181,NULL,NULL,NULL,NULL,104,NULL,NULL,NULL,NULL,38,38,38,38,NULL),(206,'2018-03-18',206,NULL,129,NULL,182,NULL,NULL,NULL,NULL,105,NULL,NULL,NULL,NULL,39,39,39,39,NULL),(207,'2018-03-19',207,NULL,130,NULL,183,NULL,NULL,NULL,NULL,106,NULL,NULL,NULL,NULL,40,40,40,40,NULL),(208,'2018-03-20',208,NULL,131,NULL,184,NULL,NULL,NULL,NULL,107,NULL,NULL,NULL,NULL,41,41,41,41,NULL),(209,'2018-03-18',209,NULL,132,NULL,185,NULL,NULL,NULL,NULL,108,NULL,NULL,NULL,NULL,42,42,42,42,NULL),(210,'2018-03-19',210,NULL,133,NULL,186,NULL,NULL,NULL,NULL,109,NULL,NULL,NULL,NULL,43,43,43,43,NULL),(211,'2018-03-20',211,NULL,134,NULL,187,NULL,NULL,NULL,NULL,110,NULL,NULL,NULL,NULL,44,44,44,44,NULL),(212,'2018-03-18',212,NULL,135,NULL,188,NULL,NULL,NULL,NULL,111,NULL,NULL,NULL,NULL,45,45,45,45,NULL),(213,'2018-03-19',213,NULL,136,NULL,189,NULL,NULL,NULL,NULL,112,NULL,NULL,NULL,NULL,46,46,46,46,NULL),(214,'2018-03-20',214,NULL,137,NULL,190,NULL,NULL,NULL,NULL,113,NULL,NULL,NULL,NULL,47,47,47,47,NULL),(215,'2018-03-21',215,NULL,137,NULL,190,NULL,NULL,NULL,NULL,114,NULL,NULL,NULL,NULL,47,47,47,47,NULL),(216,'2018-03-22',216,NULL,137,NULL,190,NULL,NULL,NULL,NULL,115,NULL,NULL,NULL,NULL,47,47,47,47,NULL),(217,'2018-03-23',217,NULL,137,NULL,190,NULL,NULL,NULL,NULL,116,NULL,NULL,NULL,NULL,47,47,47,47,NULL),(218,'2018-03-21',218,NULL,137,NULL,190,NULL,NULL,NULL,NULL,117,NULL,NULL,NULL,NULL,47,47,47,47,NULL),(219,'2018-03-22',219,NULL,137,NULL,190,NULL,NULL,NULL,NULL,118,NULL,NULL,NULL,NULL,47,47,47,47,NULL),(220,'2018-03-23',220,NULL,137,NULL,190,NULL,NULL,NULL,NULL,119,NULL,NULL,NULL,NULL,47,47,47,47,NULL),(221,'2018-03-21',221,NULL,137,NULL,190,NULL,NULL,NULL,NULL,120,NULL,NULL,NULL,NULL,47,47,47,47,NULL),(222,'2018-03-22',222,NULL,137,NULL,190,NULL,NULL,NULL,NULL,121,NULL,NULL,NULL,NULL,47,47,47,47,NULL),(223,'2018-03-23',223,NULL,137,NULL,190,NULL,NULL,NULL,NULL,122,NULL,NULL,NULL,NULL,47,47,47,47,NULL),(224,'2018-03-21',224,NULL,137,NULL,190,NULL,NULL,NULL,NULL,123,NULL,NULL,NULL,NULL,47,47,47,47,NULL),(225,'2018-03-22',225,NULL,137,NULL,190,NULL,NULL,NULL,NULL,124,NULL,NULL,NULL,NULL,47,47,47,47,NULL),(226,'2018-03-23',226,NULL,137,NULL,190,NULL,NULL,NULL,NULL,125,NULL,NULL,NULL,NULL,47,47,47,47,NULL),(227,'2018-03-21',227,NULL,137,NULL,190,NULL,NULL,NULL,NULL,126,NULL,NULL,NULL,NULL,47,47,47,47,NULL),(228,'2018-03-22',228,NULL,137,NULL,190,NULL,NULL,NULL,NULL,127,NULL,NULL,NULL,NULL,47,47,47,47,NULL),(229,'2018-03-23',229,NULL,137,NULL,190,NULL,NULL,NULL,NULL,128,NULL,NULL,NULL,NULL,47,47,47,47,NULL);
/*!40000 ALTER TABLE `laboratoryprofiletable` ENABLE KEYS */;
UNLOCK TABLES;

--
-- Table structure for table `maintenancetherapytable`
--

DROP TABLE IF EXISTS `maintenancetherapytable`;
/*!40101 SET @saved_cs_client     = @@character_set_client */;
/*!40101 SET character_set_client = utf8 */;
CREATE TABLE `maintenancetherapytable` (
  `MaintenanceTherapyID` int(11) NOT NULL AUTO_INCREMENT,
  `MaintenanceTherapyName` blob,
  `OtherMaintenanceTherapy` blob,
  PRIMARY KEY (`MaintenanceTherapyID`)
) ENGINE=InnoDB AUTO_INCREMENT=21 DEFAULT CHARSET=latin1;
/*!40101 SET character_set_client = @saved_cs_client */;

--
-- Dumping data for table `maintenancetherapytable`
--

LOCK TABLES `maintenancetherapytable` WRITE;
/*!40000 ALTER TABLE `maintenancetherapytable` DISABLE KEYS */;
INSERT INTO `maintenancetherapytable` VALUES (1,'Others','Other Regimens'),(2,'Others','Other Regimens'),(3,'Others','Other Regimens'),(4,'Others','Other Regimens'),(5,'Others','Other Regimens'),(6,'Others','Other Regimens'),(7,'Others','Other Regimens'),(8,'Others','Other Regimens'),(9,'Others','Other Regimens'),(10,'Others','Other Regimens'),(11,'Others','Other Regimens'),(12,'Others','Other Regimens'),(13,'Others','Other Regimens'),(14,'Others','Other Regimens'),(15,'Others','Other Regimens'),(16,'Others','Other Regimens'),(17,'Others','Other Regimens'),(18,'Others','Other Regimens'),(19,'Others','Other Regimens'),(20,'Others','Other Regimens');
/*!40000 ALTER TABLE `maintenancetherapytable` ENABLE KEYS */;
UNLOCK TABLES;

--
-- Table structure for table `medicaleventstable`
--

DROP TABLE IF EXISTS `medicaleventstable`;
/*!40101 SET @saved_cs_client     = @@character_set_client */;
/*!40101 SET character_set_client = utf8 */;
CREATE TABLE `medicaleventstable` (
  `MedicalEventsID` int(11) NOT NULL AUTO_INCREMENT,
  `HematologicMalignancy` blob,
  `OtherDiseaseMedication` blob,
  `FactorConcentrate` blob,
  `FactorConcentrateDates` blob,
  `FactorConcentrateDose` double DEFAULT NULL,
  `ProcedureIntervention` blob,
  `Chemotherapy` blob,
  PRIMARY KEY (`MedicalEventsID`)
) ENGINE=InnoDB AUTO_INCREMENT=126 DEFAULT CHARSET=latin1;
/*!40101 SET character_set_client = @saved_cs_client */;

--
-- Dumping data for table `medicaleventstable`
--

LOCK TABLES `medicaleventstable` WRITE;
/*!40000 ALTER TABLE `medicaleventstable` DISABLE KEYS */;
INSERT INTO `medicaleventstable` VALUES (1,'Hematologic Malignancy','Other Disease Medication',NULL,NULL,NULL,'Procedure','Chemotherapy'),(2,'','',NULL,NULL,NULL,'',''),(3,'Hematologic Malignancy','Other Disease Medication',NULL,NULL,NULL,'Procedure','Chemotherapy'),(4,'Hematologic Malignancy','Other Disease Medication',NULL,NULL,NULL,'Procedure','Chemotherapy'),(5,'','',NULL,NULL,NULL,'',''),(6,'Hematologic Malignancy','Other Disease Medication',NULL,NULL,NULL,'Procedure','Chemotherapy'),(7,'Hematologic Malignancy','Other Disease Medication',NULL,NULL,NULL,'Procedure','Chemotherapy'),(8,'','',NULL,NULL,NULL,'',''),(9,'Hematologic Malignancy','Other Disease Medication',NULL,NULL,NULL,'Procedure','Chemotherapy'),(10,'','',NULL,NULL,NULL,'',''),(11,'Hematologic Malignancy','Other Disease Medication',NULL,NULL,NULL,'Procedure','Chemotherapy'),(12,NULL,NULL,'','',0,'',NULL),(13,NULL,NULL,'Factor Concentrate','Jan 15, Feb 19',2,'Procedure',NULL),(14,NULL,NULL,'','',0,'',NULL),(15,'Hematologic Malignancy','Other Disease Medication',NULL,NULL,NULL,'Procedure','Chemotherapy'),(16,'','',NULL,NULL,NULL,'',''),(17,'Hematologic Malignancy','Other Disease Medication',NULL,NULL,NULL,'Procedure','Chemotherapy'),(18,'Hematologic Malignancy','Other Disease Medication',NULL,NULL,NULL,'Procedure','Chemotherapy'),(19,'','',NULL,NULL,NULL,'',''),(20,'Hematologic Malignancy','Other Disease Medication',NULL,NULL,NULL,'Procedure','Chemotherapy'),(21,'Hematologic Malignancy','Other Disease Medication',NULL,NULL,NULL,'Procedure','Chemotherapy'),(22,'','',NULL,NULL,NULL,'',''),(23,'Hematologic Malignancy','Other Disease Medication',NULL,NULL,NULL,'Procedure','Chemotherapy'),(24,'Hematologic Malignancy','Other Disease Medication',NULL,NULL,NULL,'Procedure','Chemotherapy'),(25,'','',NULL,NULL,NULL,'',''),(26,'Hematologic Malignancy','Other Disease Medication',NULL,NULL,NULL,'Procedure','Chemotherapy'),(27,'Hematologic Malignancy','Other Disease Medication',NULL,NULL,NULL,'Procedure','Chemotherapy'),(28,'','',NULL,NULL,NULL,'',''),(29,'Hematologic Malignancy','Other Disease Medication',NULL,NULL,NULL,'Procedure','Chemotherapy'),(30,'Hematologic Malignancy','Other Disease Medication',NULL,NULL,NULL,'Procedure','Chemotherapy'),(31,'','',NULL,NULL,NULL,'',''),(32,'','',NULL,NULL,NULL,'',''),(33,'Hematologic Malignancy','Other Disease Medication',NULL,NULL,NULL,'Procedure','Chemotherapy'),(34,'Hematologic Malignancy','Other Disease Medication',NULL,NULL,NULL,'Procedure','Chemotherapy'),(35,'','',NULL,NULL,NULL,'',''),(36,'Hematologic Malignancy','Other Disease Medication',NULL,NULL,NULL,'Procedure','Chemotherapy'),(37,'Hematologic Malignancy','Other Disease Medication',NULL,NULL,NULL,'Procedure','Chemotherapy'),(38,'','',NULL,NULL,NULL,'',''),(39,'Hematologic Malignancy','Other Disease Medication',NULL,NULL,NULL,'Procedure','Chemotherapy'),(40,'Hematologic Malignancy','Other Disease Medication',NULL,NULL,NULL,'Procedure','Chemotherapy'),(41,'','',NULL,NULL,NULL,'',''),(42,'Hematologic Malignancy','Other Disease Medication',NULL,NULL,NULL,'Procedure','Chemotherapy'),(43,'','',NULL,NULL,NULL,'',''),(44,'Hematologic Malignancy','Other Disease Medication',NULL,NULL,NULL,'Procedure','Chemotherapy'),(45,'','',NULL,NULL,NULL,'',''),(46,'Hematologic Malignancy','Other Disease Medication',NULL,NULL,NULL,'Procedure','Chemotherapy'),(47,'','',NULL,NULL,NULL,'',''),(48,'','',NULL,NULL,NULL,'',''),(49,'Hematologic Malignancy','Other Disease Medication',NULL,NULL,NULL,'Procedure','Chemotherapy'),(50,'','',NULL,NULL,NULL,'',''),(51,'','',NULL,NULL,NULL,'',''),(52,'Hematologic Malignancy','Other Disease Medication',NULL,NULL,NULL,'Procedure','Chemotherapy'),(53,'','',NULL,NULL,NULL,'',''),(54,'','',NULL,NULL,NULL,'',''),(55,'Hematologic Malignancy','Other Disease Medication',NULL,NULL,NULL,'Procedure','Chemotherapy'),(56,'','',NULL,NULL,NULL,'',''),(57,'','',NULL,NULL,NULL,'',''),(58,'Hematologic Malignancy','Other Disease Medication',NULL,NULL,NULL,'Procedure','Chemotherapy'),(59,'','',NULL,NULL,NULL,'',''),(60,'','',NULL,NULL,NULL,'',''),(61,'Hematologic Malignancy','Other Disease Medication',NULL,NULL,NULL,'Procedure','Chemotherapy'),(62,'','',NULL,NULL,NULL,'',''),(63,'Hematologic Malignancy','Other Disease Medication',NULL,NULL,NULL,'Procedure','Chemotherapy'),(64,'','',NULL,NULL,NULL,'',''),(65,'Hematologic Malignancy','Other Disease Medication',NULL,NULL,NULL,'Procedure','Chemotherapy'),(66,'Hematologic Malignancy','Other Disease Medication',NULL,NULL,NULL,'Procedure','Chemotherapy'),(67,'','',NULL,NULL,NULL,'',''),(68,'Hematologic Malignancy','Other Disease Medication',NULL,NULL,NULL,'Procedure','Chemotherapy'),(69,'Hematologic Malignancy','Other Disease Medication',NULL,NULL,NULL,'Procedure','Chemotherapy'),(70,'','',NULL,NULL,NULL,'',''),(71,'Hematologic Malignancy','Other Disease Medication',NULL,NULL,NULL,'Procedure','Chemotherapy'),(72,'Hematologic Malignancy','Other Disease Medication',NULL,NULL,NULL,'Procedure','Chemotherapy'),(73,'','',NULL,NULL,NULL,'',''),(74,'Hematologic Malignancy','Other Disease Medication',NULL,NULL,NULL,'Procedure','Chemotherapy'),(75,'Hematologic Malignancy','Other Disease Medication',NULL,NULL,NULL,'Procedure','Chemotherapy'),(76,'','',NULL,NULL,NULL,'',''),(77,'Hematologic Malignancy','Other Disease Medication',NULL,NULL,NULL,'Procedure','Chemotherapy'),(78,'Hematologic Malignancy','Other Disease Medication',NULL,NULL,NULL,'Procedure','Chemotherapy'),(79,'','',NULL,NULL,NULL,'',''),(80,'Hematologic Malignancy','Other Disease Medication',NULL,NULL,NULL,'Procedure','Chemotherapy'),(81,'Hematologic Malignancy','Other Disease Medication',NULL,NULL,NULL,'Procedure','Chemotherapy'),(82,'','',NULL,NULL,NULL,'',''),(83,'Hematologic Malignancy','Other Disease Medication',NULL,NULL,NULL,'Procedure','Chemotherapy'),(84,'','',NULL,NULL,NULL,'',''),(85,'Hematologic Malignancy','Other Disease Medication',NULL,NULL,NULL,'Procedure','Chemotherapy'),(86,'','',NULL,NULL,NULL,'',''),(87,'','',NULL,NULL,NULL,'',''),(88,'Hematologic Malignancy','Other Disease Medication',NULL,NULL,NULL,'Procedure','Chemotherapy'),(89,'','',NULL,NULL,NULL,'',''),(90,'','',NULL,NULL,NULL,'',''),(91,'Hematologic Malignancy','Other Disease Medication',NULL,NULL,NULL,'Procedure','Chemotherapy'),(92,'','',NULL,NULL,NULL,'',''),(93,'','',NULL,NULL,NULL,'',''),(94,'Hematologic Malignancy','Other Disease Medication',NULL,NULL,NULL,'Procedure','Chemotherapy'),(95,'','',NULL,NULL,NULL,'',''),(96,'','',NULL,NULL,NULL,'',''),(97,'Hematologic Malignancy','Other Disease Medication',NULL,NULL,NULL,'Procedure','Chemotherapy'),(98,'','',NULL,NULL,NULL,'',''),(99,'','',NULL,NULL,NULL,'',''),(100,'Hematologic Malignancy','Other Disease Medication',NULL,NULL,NULL,'Procedure','Chemotherapy'),(101,'','',NULL,NULL,NULL,'',''),(102,'','',NULL,NULL,NULL,'',''),(103,'Hematologic Malignancy','Other Disease Medication',NULL,NULL,NULL,'Procedure','Chemotherapy'),(104,'','',NULL,NULL,NULL,'',''),(105,'','',NULL,NULL,NULL,'',''),(106,'Hematologic Malignancy','Other Disease Medication',NULL,NULL,NULL,'Procedure','Chemotherapy'),(107,'','',NULL,NULL,NULL,'',''),(108,'','',NULL,NULL,NULL,'',''),(109,'Hematologic Malignancy','Other Disease Medication',NULL,NULL,NULL,'Procedure','Chemotherapy'),(110,'','',NULL,NULL,NULL,'',''),(111,'','Other Disease Medication',NULL,NULL,NULL,'Procedure','Chemotherapy'),(112,'','',NULL,NULL,NULL,'',''),(113,'','Other Disease Medication',NULL,NULL,NULL,'Procedure','Chemotherapy'),(114,'','Other Disease Medication',NULL,NULL,NULL,'Procedure','Chemotherapy'),(115,'','',NULL,NULL,NULL,'',''),(116,'','Other Disease Medication',NULL,NULL,NULL,'Procedure','Chemotherapy'),(117,'','Other Disease Medication',NULL,NULL,NULL,'Procedure','Chemotherapy'),(118,'','',NULL,NULL,NULL,'',''),(119,'','Other Disease Medication',NULL,NULL,NULL,'Procedure','Chemotherapy'),(120,'','Other Disease Medication',NULL,NULL,NULL,'Procedure','Chemotherapy'),(121,'','',NULL,NULL,NULL,'',''),(122,'','Other Disease Medication',NULL,NULL,NULL,'Procedure','Chemotherapy'),(123,'','Other Disease Medication',NULL,NULL,NULL,'Procedure','Chemotherapy'),(124,'','',NULL,NULL,NULL,'',''),(125,'','Other Disease Medication',NULL,NULL,NULL,'Procedure','Chemotherapy');
/*!40000 ALTER TABLE `medicaleventstable` ENABLE KEYS */;
UNLOCK TABLES;

--
-- Table structure for table `medicationstable`
--

DROP TABLE IF EXISTS `medicationstable`;
/*!40101 SET @saved_cs_client     = @@character_set_client */;
/*!40101 SET character_set_client = utf8 */;
CREATE TABLE `medicationstable` (
  `MedicationsID` int(11) NOT NULL AUTO_INCREMENT,
  `ClinicalDataID` int(11) NOT NULL,
  `GenericName` varchar(300) DEFAULT NULL,
  `Dose` double DEFAULT NULL,
  `Frequency` varchar(300) DEFAULT NULL,
  PRIMARY KEY (`MedicationsID`),
  KEY `MedicationsTable_fk0` (`ClinicalDataID`),
  CONSTRAINT `MedicationsTable_fk0` FOREIGN KEY (`ClinicalDataID`) REFERENCES `clinicaldatatable` (`ClinicalDataID`)
) ENGINE=InnoDB AUTO_INCREMENT=108 DEFAULT CHARSET=latin1;
/*!40101 SET character_set_client = @saved_cs_client */;

--
-- Dumping data for table `medicationstable`
--

LOCK TABLES `medicationstable` WRITE;
/*!40000 ALTER TABLE `medicationstable` DISABLE KEYS */;
INSERT INTO `medicationstable` VALUES (1,1,'Generic Name',0.1,'0.2'),(2,2,'Generic Name',0.1,'0.2'),(3,3,'',0,''),(4,4,'Generic Name',0.1,'0.2'),(5,5,'Generic Name',0.1,'0.2'),(6,6,'Generic Name',0.1,'0.2'),(7,7,'',0,''),(8,8,'Generic Name',0.1,'0.2'),(9,9,'Generic Name',0.1,'0.2'),(10,10,'Generic Name',0.1,'0.2'),(11,11,'',0,''),(12,12,'Generic Name',0.1,'0.2'),(13,13,'Generic Name',0.1,'0.2'),(14,14,'Generic Name',0.1,'0.2'),(15,15,'Generic Name',0.1,'0.2'),(16,16,'',0,''),(17,17,'Generic Name',0.1,'0.2'),(18,18,'Generic Name',0.1,'0.2'),(19,19,'Generic Name',0.1,'0.2'),(20,20,'',0,''),(21,21,'',0,''),(22,22,'Generic Name',0.1,'0.2'),(23,23,'',0,''),(24,24,'Generic Name',0.1,'0.2'),(25,25,'Generic Name',0.1,'0.2'),(26,26,'Generic Name',0.1,'0.2'),(27,27,'',0,''),(28,28,'Generic Name',0.1,'0.2'),(29,29,'',0,''),(30,30,'Generic Name',0.1,'0.2'),(31,31,'Generic Name',0.1,'0.2'),(32,32,'',0,''),(33,33,'Generic Name',0.1,'0.2'),(34,34,'Generic Name',0.1,'0.2'),(35,35,'Generic Name',0.1,'0.2'),(36,36,'',0,''),(37,37,'',0,''),(38,38,'Generic Name',0.1,'0.2'),(39,39,'Generic Name',0.1,'0.2'),(40,40,'',0,''),(41,41,'Generic Name',0.1,'0.2'),(42,42,'Generic Name',0.1,'0.2'),(43,43,'',0,''),(44,44,'Generic Name',0.1,'0.2'),(45,45,'Generic Name',0.1,'0.2'),(46,46,'',0,''),(47,47,'Generic Name',0.1,'0.2'),(48,48,'Generic Name',0.1,'0.2'),(49,49,'Generic Name',0.1,'0.2'),(50,50,'Generic Name',0.1,'0.2'),(51,51,'',0,''),(52,52,'Generic Name',0.1,'0.2'),(53,53,'Generic Name',0.1,'0.2'),(54,54,'Generic Name',0.1,'0.2'),(55,55,'Generic Name',0.1,'0.2'),(56,56,'',0,''),(57,57,'Generic Name',0.1,'0.2'),(58,58,'Generic Name',0.1,'0.2'),(59,59,'Generic Name',0.1,'0.2'),(60,60,'',0,''),(61,61,'Generic Name',0.1,'0.2'),(62,62,'Generic Name',0.1,'0.2'),(63,63,'Generic Name',0.1,'0.2'),(64,64,'',0,''),(65,65,'Generic Name',0.1,'0.2'),(66,66,'Generic Name',0.1,'0.2'),(67,67,'Generic Name',0.1,'0.2'),(68,68,'Generic Name',0.1,'0.2'),(69,69,'Generic Name',0.1,'0.2'),(70,70,'Generic Name',0.1,'0.2'),(71,71,'Generic Name',0.1,'0.2'),(72,72,'Generic Name',0.1,'0.2'),(73,73,'',0,''),(74,74,'Generic Name',0.1,'0.2'),(75,75,'Generic Name',0.1,'0.2'),(76,76,'Generic Name',0.1,'0.2'),(77,77,'',0,''),(78,78,'',0,''),(79,79,'Generic Name',0.1,'0.2'),(80,80,'Generic Name',0.1,'0.2'),(81,81,'Generic Name',0.1,'0.2'),(82,82,'',0,''),(83,83,'',0,''),(84,84,'Generic Name',0.1,'0.2'),(85,85,'Generic Name',0.1,'0.2'),(86,86,'Generic Name',0.1,'0.2'),(87,87,'',0,''),(88,88,'',0,''),(89,89,'Generic Name',0.1,'0.2'),(90,90,'Generic Name',0.1,'0.2'),(91,91,'Generic Name',0.1,'0.2'),(92,92,'',0,''),(93,93,'Generic Name',0.1,'0.2'),(94,94,'Generic Name',0.1,'0.2'),(95,95,'',0,''),(96,96,'Generic Name',0.1,'0.2'),(97,97,'Generic Name',0.1,'0.2'),(98,98,'Generic Name',0.1,'0.2'),(99,99,'Generic Name',0.1,'0.2'),(100,100,'',0,''),(101,101,'Generic Name',0.1,'0.2'),(102,102,'Generic Name',0.1,'0.2'),(103,103,'Generic Name',0.1,'0.2'),(104,104,'Generic Name',0.1,'0.2'),(105,105,'',0,''),(106,106,'Generic Name',0.1,'0.2'),(107,107,'Generic Name',0.1,'0.2');
/*!40000 ALTER TABLE `medicationstable` ENABLE KEYS */;
UNLOCK TABLES;

--
-- Table structure for table `modeoftreatmenttable`
--

DROP TABLE IF EXISTS `modeoftreatmenttable`;
/*!40101 SET @saved_cs_client     = @@character_set_client */;
/*!40101 SET character_set_client = utf8 */;
CREATE TABLE `modeoftreatmenttable` (
  `ModeOfTreatmentID` int(11) NOT NULL AUTO_INCREMENT,
  `ModeOfTreatment` varchar(100) DEFAULT NULL,
  `NameOfTreatment` varchar(100) DEFAULT NULL,
  PRIMARY KEY (`ModeOfTreatmentID`)
) ENGINE=InnoDB AUTO_INCREMENT=108 DEFAULT CHARSET=latin1;
/*!40101 SET character_set_client = @saved_cs_client */;

--
-- Dumping data for table `modeoftreatmenttable`
--

LOCK TABLES `modeoftreatmenttable` WRITE;
/*!40000 ALTER TABLE `modeoftreatmenttable` DISABLE KEYS */;
INSERT INTO `modeoftreatmenttable` VALUES (1,'Hematopoietic Stem Cell Transplantation','Hematopoietic Stem Cell Transplantation'),(2,'Pharmacologic Treatment','Pharmacologic Treatment'),(3,'Pharmacologic Treatment','Pharmacologic Treatment'),(4,'Supportive','Supportive'),(5,'Supportive','Supportive'),(6,'Supportive','Supportive'),(7,'Both Pharmacologic and Supportive','Both Pharmacologic and Supportive'),(8,'Both Pharmacologic and Supportive','Both Pharmacologic and Supportive'),(9,'Both Pharmacologic and Supportive','Both Pharmacologic and Supportive'),(10,'Both Pharmacologic and Supportive','Both Pharmacologic and Supportive'),(11,'Watch and Wait','Watch and Wait'),(12,'Watch and Wait','Watch and Wait'),(13,'Watch and Wait','Watch and Wait'),(14,'Watch and Wait','Watch and Wait'),(15,'Watch and Wait','Watch and Wait'),(16,'Factor Concentrates',''),(17,'Blood Component',''),(18,'Blood Component',''),(19,'Others','Other Treatment 14'),(20,'Others','Other Treatment 15'),(21,'Others','Other Treatment 11'),(22,'Pharmacologic 1st line','Pharmacologic 1st line'),(23,'Pharmacologic 2nd line/Salvage','Pharmacologic 2nd line/Salvage'),(24,'Pharmacologic 2nd line/Salvage','Pharmacologic 2nd line/Salvage'),(25,'Supportive/Palliative Only','Supportive/Palliative Only'),(26,'Supportive/Palliative Only','Supportive/Palliative Only'),(27,'Supportive/Palliative Only','Supportive/Palliative Only'),(28,'Watch and Wait','Watch and Wait'),(29,'Watch and Wait','Watch and Wait'),(30,'Watch and Wait','Watch and Wait'),(31,'Watch and Wait','Watch and Wait'),(32,'Others','Others'),(33,'Others','Others'),(34,'Others','Others'),(35,'Others','Others'),(36,'Others','Others'),(37,'Pharmacologic 1st line','Pharmacologic 1st line'),(38,'Pharmacologic 2nd line/Salvage regimen','Pharmacologic 2nd line/Salvage regimen'),(39,'Pharmacologic 2nd line/Salvage regimen','Pharmacologic 2nd line/Salvage regimen'),(40,'Supportive/Palliative','Supportive/Palliative'),(41,'Supportive/Palliative','Supportive/Palliative'),(42,'Supportive/Palliative','Supportive/Palliative'),(43,'Pharmacologic 1st line','Pharmacologic 1st line'),(44,'Pharmacologic 2nd line/Salvage regimen','Pharmacologic 2nd line/Salvage regimen'),(45,'Pharmacologic 2nd line/Salvage regimen','Pharmacologic 2nd line/Salvage regimen'),(46,'Supportive/Palliative','Supportive/Palliative'),(47,'Supportive/Palliative','Supportive/Palliative'),(48,'Supportive/Palliative','Supportive/Palliative'),(49,'Pharmacologic','Pharmacologic'),(50,'Supportive/Palliative','Supportive/Palliative'),(51,'Supportive/Palliative','Supportive/Palliative'),(52,'Watch and Wait','Watch and Wait'),(53,'Watch and Wait','Watch and Wait'),(54,'Watch and Wait','Watch and Wait'),(55,'Others','Others'),(56,'Others','Others'),(57,'Others','Others'),(58,'Others','Others'),(59,'Others','Others'),(60,'Others','Others'),(61,'Others','Others'),(62,'Others','Others'),(63,'Others','Others'),(64,'Others','Others'),(65,'Others','Others'),(66,'Others','Others'),(67,'Others','Others'),(68,'Others','Others'),(69,'Others','Others'),(70,'Others','Others'),(71,'Others','Others'),(72,'Others','Others'),(73,'Pharmacologic for transplant candidate','Pharmacologic for transplant candidate'),(74,'Pharmacologic for non transplant candidate','Pharmacologic for non transplant candidate'),(75,'Maintenance','Maintenance'),(76,'Maintenance','Maintenance'),(77,'Radiotherapy','Radiotherapy'),(78,'Radiotherapy','Radiotherapy'),(79,'Supportive','Supportive'),(80,'Supportive','Supportive'),(81,'Supportive','Supportive'),(82,'Watch and Wait','Watch and Wait'),(83,'Watch and Wait','Watch and Wait'),(84,'Watch and Wait','Watch and Wait'),(85,'Others','Others'),(86,'Others','Others'),(87,'Others','Others'),(88,'Others','Others'),(89,'Others','Others'),(90,'Others','Others'),(91,'Others','Others'),(92,'Others','Others'),(93,'Pharmacologic 1st line','Pharmacologic 1st line'),(94,'Pharmacologic 2nd line','Pharmacologic 2nd line'),(95,'Pharmacologic 2nd line','Pharmacologic 2nd line'),(96,'Supportive','Supportive'),(97,'Supportive','Supportive'),(98,'Supportive','Supportive'),(99,'Both Pharmacologic and Supportive','Both Pharmacologic and Supportive'),(100,'Both Pharmacologic and Supportive','Both Pharmacologic and Supportive'),(101,'Both Pharmacologic and Supportive','Both Pharmacologic and Supportive'),(102,'Watch and Wait','Watch and Wait'),(103,'Watch and Wait','Watch and Wait'),(104,'Watch and Wait','Watch and Wait'),(105,'Others','Others'),(106,'Others','Others'),(107,'Others','Others');
/*!40000 ALTER TABLE `modeoftreatmenttable` ENABLE KEYS */;
UNLOCK TABLES;

--
-- Table structure for table `otherdiseasestable`
--

DROP TABLE IF EXISTS `otherdiseasestable`;
/*!40101 SET @saved_cs_client     = @@character_set_client */;
/*!40101 SET character_set_client = utf8 */;
CREATE TABLE `otherdiseasestable` (
  `OtherDiseasesID` int(11) NOT NULL AUTO_INCREMENT,
  `ClinicalDataID` int(11) NOT NULL,
  `OtherDiseases` blob,
  PRIMARY KEY (`OtherDiseasesID`),
  KEY `OtherDiseasesTable_fk0` (`ClinicalDataID`),
  CONSTRAINT `OtherDiseasesTable_fk0` FOREIGN KEY (`ClinicalDataID`) REFERENCES `clinicaldatatable` (`ClinicalDataID`)
) ENGINE=InnoDB AUTO_INCREMENT=108 DEFAULT CHARSET=latin1;
/*!40101 SET character_set_client = @saved_cs_client */;

--
-- Dumping data for table `otherdiseasestable`
--

LOCK TABLES `otherdiseasestable` WRITE;
/*!40000 ALTER TABLE `otherdiseasestable` DISABLE KEYS */;
INSERT INTO `otherdiseasestable` VALUES (1,1,'Other Diseases in the Family'),(2,2,'Other Diseases in the Family'),(3,3,''),(4,4,'Other Diseases in the Family'),(5,5,'Other Diseases in the Family'),(6,6,'Other Diseases in the Family'),(7,7,''),(8,8,'Other Diseases in the Family'),(9,9,'Other Diseases in the Family'),(10,10,'Other Diseases in the Family'),(11,11,''),(12,12,'Other Diseases in the Family'),(13,13,'Other Diseases in the Family'),(14,14,'Other Diseases in the Family'),(15,15,'Other Diseases in the Family'),(16,16,''),(17,17,'Other Diseases in the Family'),(18,18,'Other Diseases in the Family'),(19,19,'Other Diseases in the Family'),(20,20,''),(21,21,''),(22,22,'Other Diseases in the Family'),(23,23,''),(24,24,'Other Diseases in the Family'),(25,25,'Other Diseases in the Family'),(26,26,'Other Diseases in the Family'),(27,27,''),(28,28,'Other Diseases in the Family'),(29,29,''),(30,30,'Other Diseases in the Family'),(31,31,'Other Diseases in the Family'),(32,32,''),(33,33,'Other Diseases in the Family'),(34,34,'Other Diseases in the Family'),(35,35,'Other Diseases in the Family'),(36,36,''),(37,37,''),(38,38,'Other Diseases in the Family'),(39,39,'Other Diseases in the Family'),(40,40,''),(41,41,'Other Diseases in the Family'),(42,42,'Other Diseases in the Family'),(43,43,''),(44,44,'Other Diseases in the Family'),(45,45,'Other Diseases in the Family'),(46,46,''),(47,47,'Other Diseases in the Family'),(48,48,'Other Diseases in the Family'),(49,49,'Other Diseases in the Family'),(50,50,'Other Diseases in the Family'),(51,51,''),(52,52,'Other Diseases in the Family'),(53,53,'Other Diseases in the Family'),(54,54,'Other Diseases in the Family'),(55,55,'Other Diseases in the Family'),(56,56,''),(57,57,'Other Diseases in the Family'),(58,58,'Other Diseases in the Family'),(59,59,'Other Diseases in the Family'),(60,60,''),(61,61,'Other Diseases in the Family'),(62,62,'Other Diseases in the Family'),(63,63,'Other Diseases in the Family'),(64,64,''),(65,65,'Other Diseases in the Family'),(66,66,'Other Diseases in the Family'),(67,67,'Other Diseases in the Family'),(68,68,'Other Diseases in the Family'),(69,69,'Other Diseases in the Family'),(70,70,'Other Diseases in the Family'),(71,71,'Other Diseases in the Family'),(72,72,'Other Diseases in the Family'),(73,73,''),(74,74,'Other Diseases in the Family'),(75,75,'Other Diseases in the Family'),(76,76,'Other Diseases in the Family'),(77,77,''),(78,78,''),(79,79,'Other Diseases in the Family'),(80,80,'Other Diseases in the Family'),(81,81,'Other Diseases in the Family'),(82,82,''),(83,83,''),(84,84,'Other Diseases in the Family'),(85,85,'Other Diseases in the Family'),(86,86,'Other Diseases in the Family'),(87,87,''),(88,88,''),(89,89,'Other Diseases in the Family'),(90,90,'Other Diseases in the Family'),(91,91,'Other Diseases in the Family'),(92,92,''),(93,93,'Other Diseases in the Family'),(94,94,'Other Diseases in the Family'),(95,95,''),(96,96,'Other Diseases in the Family'),(97,97,'Other Diseases in the Family'),(98,98,'Other Diseases in the Family'),(99,99,'Other Diseases in the Family'),(100,100,''),(101,101,'Other Diseases in the Family'),(102,102,'Other Diseases in the Family'),(103,103,'Other Diseases in the Family'),(104,104,'Other Diseases in the Family'),(105,105,''),(106,106,'Other Diseases in the Family'),(107,107,'Other Diseases in the Family');
/*!40000 ALTER TABLE `otherdiseasestable` ENABLE KEYS */;
UNLOCK TABLES;

--
-- Table structure for table `otherlaboratoriestable`
--

DROP TABLE IF EXISTS `otherlaboratoriestable`;
/*!40101 SET @saved_cs_client     = @@character_set_client */;
/*!40101 SET character_set_client = utf8 */;
CREATE TABLE `otherlaboratoriestable` (
  `OtherLaboratoriesID` int(11) NOT NULL AUTO_INCREMENT,
  `Creatinine` double DEFAULT NULL,
  `UricAcid` double DEFAULT NULL,
  `ReticulocyteCount` double DEFAULT NULL,
  `SerumIron` double DEFAULT NULL,
  `IronbindingCapacity` double DEFAULT NULL,
  `SerumFerritin` double DEFAULT NULL,
  `DirectAntiglobulin` varchar(10) DEFAULT NULL,
  `IndirectAntiglobulin` varchar(10) DEFAULT NULL,
  `SGOT` double DEFAULT NULL,
  `SGPT` double DEFAULT NULL,
  `LDH` double DEFAULT NULL,
  `ScreenTestHepatitis` varchar(10) DEFAULT NULL,
  `ScreenTestEBVCytomegalovirusHIV` varchar(10) DEFAULT NULL,
  `ErythropeitinLevel` double DEFAULT NULL,
  `SerumFolicAcid` double DEFAULT NULL,
  `SerumB12` double DEFAULT NULL,
  `TSH` double DEFAULT NULL,
  PRIMARY KEY (`OtherLaboratoriesID`)
) ENGINE=InnoDB AUTO_INCREMENT=27 DEFAULT CHARSET=latin1;
/*!40101 SET character_set_client = @saved_cs_client */;

--
-- Dumping data for table `otherlaboratoriestable`
--

LOCK TABLES `otherlaboratoriestable` WRITE;
/*!40000 ALTER TABLE `otherlaboratoriestable` DISABLE KEYS */;
INSERT INTO `otherlaboratoriestable` VALUES (1,1.8,1.9,2,2.1,2.2,2.3,'2.400','2.500',3.4,3.5,4,'4.400','4.500',4.6,4.7,4.8,4.9),(2,1.8,1.9,2,2.1,2.2,2.3,'2.400','2.500',3.4,3.5,4,'4.400','4.500',4.6,4.7,4.8,4.9),(3,1.8,1.9,2,2.1,2.2,2.3,'2.400','2.500',3.4,3.5,4,'4.400','4.500',4.6,4.7,4.8,4.9),(4,1.8,1.9,2,2.1,2.2,2.3,'2.400','2.500',3.4,3.5,4,'4.400','4.500',4.6,4.7,4.8,4.9),(5,1.8,1.9,2,2.1,2.2,2.3,'2.400','2.500',3.4,3.5,4,'4.400','4.500',4.6,4.7,4.8,4.9),(6,1.8,1.9,2,2.1,2.2,2.3,'2.400','2.500',3.4,3.5,4,'4.400','4.500',4.6,4.7,4.8,4.9),(7,1.8,1.9,2,2.1,2.2,2.3,'2.400','2.500',3.4,3.5,4,'4.400','4.500',4.6,4.7,4.8,4.9),(8,1.8,1.9,2,2.1,2.2,2.3,'2.400','2.500',3.4,3.5,4,'4.400','4.500',4.6,4.7,4.8,4.9),(9,1.8,1.9,2,2.1,2.2,2.3,'2.400','2.500',3.4,3.5,4,'4.400','4.500',4.6,4.7,4.8,4.9),(10,1.8,1.9,2,2.1,2.2,2.3,'2.400','2.500',3.4,3.5,4,'4.400','4.500',4.6,4.7,4.8,4.9),(11,1.8,1.9,2,2.1,2.2,2.3,'2.400','2.500',3.4,3.5,4,'4.400','4.500',4.6,4.7,4.8,4.9),(12,1.8,1.9,2,2.1,2.2,2.3,'2.400','2.500',3.4,3.5,4,'4.400','4.500',4.6,4.7,4.8,4.9),(13,1.8,1.9,2,2.1,2.2,2.3,'2.400','2.500',3.4,3.5,4,'4.400','4.500',4.6,4.7,4.8,4.9),(14,1.8,1.9,2,2.1,2.2,2.3,'2.400','2.500',3.4,3.5,4,'4.400','4.500',4.6,4.7,4.8,4.9),(15,1.8,1.9,2,2.1,2.2,2.3,'2.400','2.500',3.4,3.5,4,'4.400','4.500',4.6,4.7,4.8,4.9),(16,1.7,NULL,1.3,NULL,NULL,1.6,NULL,NULL,NULL,NULL,1.4,NULL,NULL,NULL,NULL,NULL,NULL),(17,1.7,NULL,1.3,NULL,NULL,1.6,NULL,NULL,NULL,NULL,1.4,NULL,NULL,NULL,NULL,NULL,NULL),(18,1.7,NULL,1.3,NULL,NULL,1.6,NULL,NULL,NULL,NULL,1.4,NULL,NULL,NULL,NULL,NULL,NULL),(19,1.7,NULL,1.3,NULL,NULL,1.6,NULL,NULL,NULL,NULL,1.4,NULL,NULL,NULL,NULL,NULL,NULL),(20,1.7,NULL,1.3,NULL,NULL,1.6,NULL,NULL,NULL,NULL,1.4,NULL,NULL,NULL,NULL,NULL,NULL),(21,1.7,NULL,1.3,NULL,NULL,1.6,NULL,NULL,NULL,NULL,1.4,NULL,NULL,NULL,NULL,NULL,NULL),(22,1.7,NULL,1.3,NULL,NULL,1.6,NULL,NULL,NULL,NULL,1.4,NULL,NULL,NULL,NULL,NULL,NULL),(23,1.7,NULL,1.3,NULL,NULL,1.6,NULL,NULL,NULL,NULL,1.4,NULL,NULL,NULL,NULL,NULL,NULL),(24,1.7,NULL,1.3,NULL,NULL,1.6,NULL,NULL,NULL,NULL,1.4,NULL,NULL,NULL,NULL,NULL,NULL),(25,1.7,NULL,1.3,NULL,NULL,1.6,NULL,NULL,NULL,NULL,1.4,NULL,NULL,NULL,NULL,NULL,NULL),(26,1.7,NULL,1.3,NULL,NULL,1.6,NULL,NULL,NULL,NULL,1.4,NULL,NULL,NULL,NULL,NULL,NULL);
/*!40000 ALTER TABLE `otherlaboratoriestable` ENABLE KEYS */;
UNLOCK TABLES;

--
-- Table structure for table `othertreatmenttable`
--

DROP TABLE IF EXISTS `othertreatmenttable`;
/*!40101 SET @saved_cs_client     = @@character_set_client */;
/*!40101 SET character_set_client = utf8 */;
CREATE TABLE `othertreatmenttable` (
  `OtherTreatmentID` int(11) NOT NULL AUTO_INCREMENT,
  `Bisphosphonates` blob,
  `Radiotherapy` blob,
  `Dialysis` tinyint(1) DEFAULT NULL,
  `OtherMedications` blob,
  `Complications` blob,
  PRIMARY KEY (`OtherTreatmentID`)
) ENGINE=InnoDB AUTO_INCREMENT=21 DEFAULT CHARSET=latin1;
/*!40101 SET character_set_client = @saved_cs_client */;

--
-- Dumping data for table `othertreatmenttable`
--

LOCK TABLES `othertreatmenttable` WRITE;
/*!40000 ALTER TABLE `othertreatmenttable` DISABLE KEYS */;
INSERT INTO `othertreatmenttable` VALUES (1,'Bisphosphonates','2',NULL,'Other Medications','Complications'),(2,'Bisphosphonates','2',NULL,'Other Medications','Complications'),(3,'Bisphosphonates','2',NULL,'Other Medications','Complications'),(4,'Bisphosphonates','2',NULL,'Other Medications','Complications'),(5,'Bisphosphonates','2',NULL,'Other Medications','Complications'),(6,'Bisphosphonates','2',NULL,'Other Medications','Complications'),(7,'Bisphosphonates','2',NULL,'Other Medications','Complications'),(8,'Bisphosphonates','2',NULL,'Other Medications','Complications'),(9,'Bisphosphonates','2',NULL,'Other Medications','Complications'),(10,'Bisphosphonates','2',NULL,'Other Medications','Complications'),(11,'Bisphosphonates','2',NULL,'Other Medications','Complications'),(12,'Bisphosphonates','2',NULL,'Other Medications','Complications'),(13,'Bisphosphonates','2',NULL,'Other Medications','Complications'),(14,'Bisphosphonates','2',NULL,'Other Medications','Complications'),(15,'Bisphosphonates','2',NULL,'Other Medications','Complications'),(16,'Bisphosphonates','2',NULL,'Other Medications','Complications'),(17,'Bisphosphonates','2',NULL,'Other Medications','Complications'),(18,'Bisphosphonates','2',NULL,'Other Medications','Complications'),(19,'Bisphosphonates','2',NULL,'Other Medications','Complications'),(20,'Bisphosphonates','2',NULL,'Other Medications','Complications');
/*!40000 ALTER TABLE `othertreatmenttable` ENABLE KEYS */;
UNLOCK TABLES;

--
-- Table structure for table `patienttable`
--

DROP TABLE IF EXISTS `patienttable`;
/*!40101 SET @saved_cs_client     = @@character_set_client */;
/*!40101 SET character_set_client = utf8 */;
CREATE TABLE `patienttable` (
  `PatientID` int(11) NOT NULL AUTO_INCREMENT,
  `DiseaseID` int(11) NOT NULL,
  `GeneralDataID` int(11) NOT NULL,
  `ClinicalDataID` int(11) NOT NULL,
  `LaboratoryID` int(11) NOT NULL,
  `TreatmentID` int(11) NOT NULL,
  `OtherTreatmentID` int(11) DEFAULT NULL,
  `Active` int(11) NOT NULL,
  `DiseaseStatusID` int(11) DEFAULT NULL,
  PRIMARY KEY (`PatientID`),
  KEY `PatientTable_fk0` (`DiseaseID`),
  KEY `PatientTable_fk1` (`GeneralDataID`),
  KEY `PatientTable_fk2` (`ClinicalDataID`),
  KEY `PatientTable_fk3` (`LaboratoryID`),
  KEY `PatientTable_fk4` (`TreatmentID`),
  KEY `PatientTable_fk5` (`OtherTreatmentID`),
  KEY `PatientTable_fk6` (`DiseaseStatusID`),
  CONSTRAINT `PatientTable_fk0` FOREIGN KEY (`DiseaseID`) REFERENCES `diseasetable` (`DiseaseID`),
  CONSTRAINT `PatientTable_fk1` FOREIGN KEY (`GeneralDataID`) REFERENCES `generaldatatable` (`GeneralDataID`),
  CONSTRAINT `PatientTable_fk2` FOREIGN KEY (`ClinicalDataID`) REFERENCES `clinicaldatatable` (`ClinicalDataID`),
  CONSTRAINT `PatientTable_fk3` FOREIGN KEY (`LaboratoryID`) REFERENCES `laboratoryprofiletable` (`LaboratoryID`),
  CONSTRAINT `PatientTable_fk4` FOREIGN KEY (`TreatmentID`) REFERENCES `treatmenttable` (`TreatmentID`),
  CONSTRAINT `PatientTable_fk5` FOREIGN KEY (`OtherTreatmentID`) REFERENCES `othertreatmenttable` (`OtherTreatmentID`),
  CONSTRAINT `PatientTable_fk6` FOREIGN KEY (`DiseaseStatusID`) REFERENCES `diseasestatustable` (`DiseaseStatusID`)
) ENGINE=InnoDB AUTO_INCREMENT=108 DEFAULT CHARSET=latin1;
/*!40101 SET character_set_client = @saved_cs_client */;

--
-- Dumping data for table `patienttable`
--

LOCK TABLES `patienttable` WRITE;
/*!40000 ALTER TABLE `patienttable` DISABLE KEYS */;
INSERT INTO `patienttable` VALUES (1,1,1,1,1,1,NULL,1,1),(2,1,2,2,2,2,NULL,1,2),(3,1,3,3,3,3,NULL,1,3),(4,1,4,4,4,4,NULL,1,4),(5,1,5,5,5,5,NULL,1,5),(6,1,6,6,6,6,NULL,1,6),(7,1,7,7,7,7,NULL,1,7),(8,1,8,8,8,8,NULL,1,8),(9,1,9,9,9,9,NULL,1,9),(10,1,10,10,10,10,NULL,1,10),(11,1,11,11,11,11,NULL,1,11),(12,1,12,12,12,12,NULL,1,12),(13,1,13,13,13,13,NULL,1,13),(14,1,14,14,14,14,NULL,1,14),(15,1,15,15,15,15,NULL,1,15),(16,2,16,16,16,16,NULL,1,16),(17,2,17,17,17,17,NULL,1,17),(18,2,18,18,18,18,NULL,1,18),(19,2,19,19,19,19,NULL,1,19),(20,2,20,20,20,20,NULL,1,20),(21,2,21,21,21,21,NULL,1,21),(22,3,22,22,22,22,NULL,1,22),(23,3,23,23,23,23,NULL,1,23),(24,3,24,24,24,24,NULL,1,24),(25,3,25,25,25,25,NULL,1,25),(26,3,26,26,26,26,NULL,1,26),(27,3,27,27,27,27,NULL,1,27),(28,3,28,28,28,28,NULL,1,28),(29,3,29,29,29,29,NULL,1,29),(30,3,30,30,30,30,NULL,1,30),(31,3,31,31,31,31,NULL,1,31),(32,3,32,32,32,32,NULL,1,32),(33,3,33,33,33,33,NULL,1,33),(34,3,34,34,34,34,NULL,1,34),(35,3,35,35,35,35,NULL,1,35),(36,3,36,36,36,36,NULL,1,36),(37,4,37,37,37,37,NULL,1,37),(38,4,38,38,38,38,NULL,1,38),(39,4,39,39,39,39,NULL,1,39),(40,4,40,40,40,40,NULL,1,40),(41,4,41,41,41,41,NULL,1,41),(42,4,42,42,42,42,NULL,1,42),(43,4,43,43,43,43,NULL,1,43),(44,4,44,44,44,44,NULL,1,44),(45,4,45,45,45,45,NULL,1,45),(46,4,46,46,46,46,NULL,1,46),(47,4,47,47,47,47,NULL,1,47),(48,4,48,48,48,48,NULL,1,48),(49,5,49,49,49,49,NULL,1,49),(50,5,50,50,50,50,NULL,1,50),(51,5,51,51,51,51,NULL,1,51),(52,5,52,52,52,52,NULL,1,52),(53,5,53,53,53,53,NULL,1,53),(54,5,54,54,54,54,NULL,1,54),(55,5,55,55,55,55,NULL,1,55),(56,5,56,56,56,56,NULL,1,56),(57,5,57,57,57,57,NULL,1,57),(58,5,58,58,58,58,NULL,1,58),(59,5,59,59,59,59,NULL,1,59),(60,5,60,60,60,60,NULL,1,60),(61,5,61,61,61,61,NULL,1,61),(62,5,62,62,62,62,NULL,1,62),(63,5,63,63,63,63,NULL,1,63),(64,5,64,64,64,64,NULL,1,64),(65,5,65,65,65,65,NULL,1,65),(66,5,66,66,66,66,NULL,1,66),(67,5,67,67,67,67,NULL,1,67),(68,5,68,68,68,68,NULL,1,68),(69,5,69,69,69,69,NULL,1,69),(70,5,70,70,70,70,NULL,1,70),(71,5,71,71,71,71,NULL,1,71),(72,5,72,72,72,72,NULL,1,72),(73,6,73,73,73,73,1,1,73),(74,6,74,74,74,74,2,1,74),(75,6,75,75,75,75,3,1,75),(76,6,76,76,76,76,4,1,76),(77,6,77,77,77,77,5,1,77),(78,6,78,78,78,78,6,1,78),(79,6,79,79,79,79,7,1,79),(80,6,80,80,80,80,8,1,80),(81,6,81,81,81,81,9,1,81),(82,6,82,82,82,82,10,1,82),(83,6,83,83,83,83,11,1,83),(84,6,84,84,84,84,12,1,84),(85,6,85,85,85,85,13,1,85),(86,6,86,86,86,86,14,1,86),(87,6,87,87,87,87,15,1,87),(88,6,88,88,88,88,16,1,88),(89,6,89,89,89,89,17,1,89),(90,6,90,90,90,90,18,1,90),(91,6,91,91,91,91,19,1,91),(92,6,92,92,92,92,20,1,92),(93,7,93,93,93,93,NULL,1,93),(94,7,94,94,94,94,NULL,1,94),(95,7,95,95,95,95,NULL,1,95),(96,7,96,96,96,96,NULL,1,96),(97,7,97,97,97,97,NULL,1,97),(98,7,98,98,98,98,NULL,1,98),(99,7,99,99,99,99,NULL,1,99),(100,7,100,100,100,100,NULL,1,100),(101,7,101,101,101,101,NULL,1,101),(102,7,102,102,102,102,NULL,1,102),(103,7,103,103,103,103,NULL,1,103),(104,7,104,104,104,104,NULL,1,104),(105,7,105,105,105,105,NULL,1,105),(106,7,106,106,106,106,NULL,1,106),(107,7,107,107,107,107,NULL,1,107);
/*!40000 ALTER TABLE `patienttable` ENABLE KEYS */;
UNLOCK TABLES;

--
-- Table structure for table `physicalexamtable`
--

DROP TABLE IF EXISTS `physicalexamtable`;
/*!40101 SET @saved_cs_client     = @@character_set_client */;
/*!40101 SET character_set_client = utf8 */;
CREATE TABLE `physicalexamtable` (
  `PhysicalExamID` int(11) NOT NULL AUTO_INCREMENT,
  `Height` double DEFAULT NULL,
  `Weight` double DEFAULT NULL,
  `ECOG` double DEFAULT NULL,
  `Splenomegaly` double DEFAULT NULL,
  `Hepatomegaly` double DEFAULT NULL,
  `Lymphadenopathies` double DEFAULT NULL,
  `Hemarthroses` tinyint(1) DEFAULT NULL,
  `ContracturesAndMuscleAtrophy` tinyint(1) DEFAULT NULL,
  `ThrombosisHistory` blob,
  `Skin` blob,
  `PertinentFindings` tinyint(1) DEFAULT NULL,
  `OtherFindings` blob,
  PRIMARY KEY (`PhysicalExamID`)
) ENGINE=InnoDB AUTO_INCREMENT=230 DEFAULT CHARSET=latin1;
/*!40101 SET character_set_client = @saved_cs_client */;

--
-- Dumping data for table `physicalexamtable`
--

LOCK TABLES `physicalexamtable` WRITE;
/*!40000 ALTER TABLE `physicalexamtable` DISABLE KEYS */;
INSERT INTO `physicalexamtable` VALUES (1,50,50,50,NULL,NULL,NULL,NULL,NULL,NULL,NULL,NULL,'Other findings'),(2,50,50,50,NULL,NULL,NULL,NULL,NULL,NULL,NULL,NULL,'Other findings'),(3,50,50,50,NULL,NULL,NULL,NULL,NULL,NULL,NULL,NULL,'Other findings'),(4,50,50,50,NULL,NULL,NULL,NULL,NULL,NULL,NULL,NULL,'Other findings'),(5,50,50,50,NULL,NULL,NULL,NULL,NULL,NULL,NULL,NULL,'Other findings'),(6,50,50,50,NULL,NULL,NULL,NULL,NULL,NULL,NULL,NULL,'Other findings'),(7,50,50,50,NULL,NULL,NULL,NULL,NULL,NULL,NULL,NULL,'Other findings'),(8,50,50,50,NULL,NULL,NULL,NULL,NULL,NULL,NULL,NULL,'Other findings'),(9,50,50,50,NULL,NULL,NULL,NULL,NULL,NULL,NULL,NULL,'Other findings'),(10,50,50,50,NULL,NULL,NULL,NULL,NULL,NULL,NULL,NULL,'Other findings'),(11,50,50,50,NULL,NULL,NULL,NULL,NULL,NULL,NULL,NULL,'Other findings'),(12,50,50,50,NULL,NULL,NULL,NULL,NULL,NULL,NULL,NULL,'Other findings'),(13,50,50,50,NULL,NULL,NULL,NULL,NULL,NULL,NULL,NULL,'Other findings'),(14,50,50,50,NULL,NULL,NULL,NULL,NULL,NULL,NULL,NULL,'Other findings'),(15,50,50,50,NULL,NULL,NULL,NULL,NULL,NULL,NULL,NULL,'Other findings'),(16,50,50,NULL,NULL,NULL,NULL,0,0,NULL,NULL,NULL,'Other findings'),(17,50,50,NULL,NULL,NULL,NULL,1,1,NULL,NULL,NULL,'Other findings'),(18,50,50,NULL,NULL,NULL,NULL,1,1,NULL,NULL,NULL,'Other findings'),(19,50,50,NULL,NULL,NULL,NULL,1,1,NULL,NULL,NULL,'Other findings'),(20,50,50,NULL,NULL,NULL,NULL,0,0,NULL,NULL,NULL,'Other findings'),(21,50,50,NULL,NULL,NULL,NULL,0,0,NULL,NULL,NULL,'Other findings'),(22,50,50,50,1,1,1,NULL,NULL,NULL,NULL,NULL,'Other findings'),(23,50,50,50,0,0,0,NULL,NULL,NULL,NULL,NULL,'Other findings'),(24,50,50,50,1,1,1,NULL,NULL,NULL,NULL,NULL,'Other findings'),(25,50,50,50,1,1,1,NULL,NULL,NULL,NULL,NULL,'Other findings'),(26,50,50,50,1,1,1,NULL,NULL,NULL,NULL,NULL,'Other findings'),(27,50,50,50,0,0,0,NULL,NULL,NULL,NULL,NULL,'Other findings'),(28,50,50,50,1,1,1,NULL,NULL,NULL,NULL,NULL,'Other findings'),(29,50,50,50,0,0,0,NULL,NULL,NULL,NULL,NULL,'Other findings'),(30,50,50,50,1,1,1,NULL,NULL,NULL,NULL,NULL,'Other findings'),(31,50,50,50,1,1,1,NULL,NULL,NULL,NULL,NULL,'Other findings'),(32,50,50,50,0,0,0,NULL,NULL,NULL,NULL,NULL,'Other findings'),(33,50,50,50,1,1,1,NULL,NULL,NULL,NULL,NULL,'Other findings'),(34,50,50,50,1,1,1,NULL,NULL,NULL,NULL,NULL,'Other findings'),(35,50,50,50,1,1,1,NULL,NULL,NULL,NULL,NULL,'Other findings'),(36,50,50,50,0,0,0,NULL,NULL,NULL,NULL,NULL,'Other findings'),(37,50,50,50,0,0,0,NULL,NULL,NULL,NULL,NULL,'Other findings'),(38,50,50,50,1,1,1,NULL,NULL,NULL,NULL,NULL,'Other findings'),(39,50,50,50,1,1,1,NULL,NULL,NULL,NULL,NULL,'Other findings'),(40,50,50,50,0,0,0,NULL,NULL,NULL,NULL,NULL,'Other findings'),(41,50,50,50,1,1,1,NULL,NULL,NULL,NULL,NULL,'Other findings'),(42,50,50,50,1,1,1,NULL,NULL,NULL,NULL,NULL,'Other findings'),(43,50,50,50,0,0,0,NULL,NULL,NULL,NULL,NULL,'Other findings'),(44,50,50,50,1,1,1,NULL,NULL,NULL,NULL,NULL,'Other findings'),(45,50,50,50,1,1,1,NULL,NULL,NULL,NULL,NULL,'Other findings'),(46,50,50,50,0,0,0,NULL,NULL,NULL,NULL,NULL,'Other findings'),(47,50,50,50,1,1,1,NULL,NULL,NULL,NULL,NULL,'Other findings'),(48,50,50,50,1,1,1,NULL,NULL,NULL,NULL,NULL,'Other findings'),(49,50,50,50,1,1,1,NULL,NULL,'Thrombosis History',NULL,NULL,'Other findings'),(50,50,50,50,1,1,1,NULL,NULL,'Thrombosis History',NULL,NULL,'Other findings'),(51,50,50,50,0,0,0,NULL,NULL,'Thrombosis History',NULL,NULL,'Other findings'),(52,50,50,50,1,1,1,NULL,NULL,'Thrombosis History',NULL,NULL,'Other findings'),(53,50,50,50,1,1,1,NULL,NULL,'Thrombosis History',NULL,NULL,'Other findings'),(54,50,50,50,1,1,1,NULL,NULL,'Thrombosis History',NULL,NULL,'Other findings'),(55,50,50,50,1,1,1,NULL,NULL,'Thrombosis History',NULL,NULL,'Other findings'),(56,50,50,50,0,0,0,NULL,NULL,'Thrombosis History',NULL,NULL,'Other findings'),(57,50,50,50,1,1,1,NULL,NULL,'Thrombosis History',NULL,NULL,'Other findings'),(58,50,50,50,1,1,1,NULL,NULL,'Thrombosis History',NULL,NULL,'Other findings'),(59,50,50,50,1,1,1,NULL,NULL,'Thrombosis History',NULL,NULL,'Other findings'),(60,50,50,50,0,0,0,NULL,NULL,'Thrombosis History',NULL,NULL,'Other findings'),(61,50,50,50,1,1,1,NULL,NULL,'Thrombosis History',NULL,NULL,'Other findings'),(62,50,50,50,1,1,1,NULL,NULL,'Thrombosis History',NULL,NULL,'Other findings'),(63,50,50,50,1,1,1,NULL,NULL,'Thrombosis History',NULL,NULL,'Other findings'),(64,50,50,50,0,0,0,NULL,NULL,'Thrombosis History',NULL,NULL,'Other findings'),(65,50,50,50,1,1,1,NULL,NULL,'Thrombosis History',NULL,NULL,'Other findings'),(66,50,50,50,1,1,1,NULL,NULL,'Thrombosis History',NULL,NULL,'Other findings'),(67,50,50,50,1,1,1,NULL,NULL,'Thrombosis History',NULL,NULL,'Other findings'),(68,50,50,50,1,1,1,NULL,NULL,'Thrombosis History',NULL,NULL,'Other findings'),(69,50,50,50,1,1,1,NULL,NULL,'Thrombosis History',NULL,NULL,'Other findings'),(70,50,50,50,1,1,1,NULL,NULL,'Thrombosis History',NULL,NULL,'Other findings'),(71,50,50,50,1,1,1,NULL,NULL,'Thrombosis History',NULL,NULL,'Other findings'),(72,50,50,50,1,1,1,NULL,NULL,'Thrombosis History',NULL,NULL,'Other findings'),(73,50,50,50,NULL,NULL,NULL,NULL,NULL,NULL,NULL,NULL,'Other pertinent findings'),(74,50,50,50,NULL,NULL,NULL,NULL,NULL,NULL,NULL,NULL,'Other pertinent findings'),(75,50,50,50,NULL,NULL,NULL,NULL,NULL,NULL,NULL,NULL,'Other pertinent findings'),(76,50,50,50,NULL,NULL,NULL,NULL,NULL,NULL,NULL,NULL,'Other pertinent findings'),(77,50,50,50,NULL,NULL,NULL,NULL,NULL,NULL,NULL,NULL,'Other pertinent findings'),(78,50,50,50,NULL,NULL,NULL,NULL,NULL,NULL,NULL,NULL,'Other pertinent findings'),(79,50,50,50,NULL,NULL,NULL,NULL,NULL,NULL,NULL,NULL,'Other pertinent findings'),(80,50,50,50,NULL,NULL,NULL,NULL,NULL,NULL,NULL,NULL,'Other pertinent findings'),(81,50,50,50,NULL,NULL,NULL,NULL,NULL,NULL,NULL,NULL,'Other pertinent findings'),(82,50,50,50,NULL,NULL,NULL,NULL,NULL,NULL,NULL,NULL,'Other pertinent findings'),(83,50,50,50,NULL,NULL,NULL,NULL,NULL,NULL,NULL,NULL,'Other pertinent findings'),(84,50,50,50,NULL,NULL,NULL,NULL,NULL,NULL,NULL,NULL,'Other pertinent findings'),(85,50,50,50,NULL,NULL,NULL,NULL,NULL,NULL,NULL,NULL,'Other pertinent findings'),(86,50,50,50,NULL,NULL,NULL,NULL,NULL,NULL,NULL,NULL,'Other pertinent findings'),(87,50,50,50,NULL,NULL,NULL,NULL,NULL,NULL,NULL,NULL,'Other pertinent findings'),(88,50,50,50,NULL,NULL,NULL,NULL,NULL,NULL,NULL,NULL,'Other pertinent findings'),(89,50,50,50,NULL,NULL,NULL,NULL,NULL,NULL,NULL,NULL,'Other pertinent findings'),(90,50,50,50,NULL,NULL,NULL,NULL,NULL,NULL,NULL,NULL,'Other pertinent findings'),(91,50,50,50,NULL,NULL,NULL,NULL,NULL,NULL,NULL,NULL,'Other pertinent findings'),(92,50,50,50,NULL,NULL,NULL,NULL,NULL,NULL,NULL,NULL,'Other pertinent findings'),(93,50,50,NULL,1,NULL,NULL,NULL,NULL,NULL,'Balat',NULL,'Other findings'),(94,50,50,NULL,1,NULL,NULL,NULL,NULL,NULL,'Balat',NULL,'Other findings'),(95,50,50,NULL,0,NULL,NULL,NULL,NULL,NULL,'Balat',NULL,'Other findings'),(96,50,50,NULL,1,NULL,NULL,NULL,NULL,NULL,'Balat',NULL,'Other findings'),(97,50,50,NULL,1,NULL,NULL,NULL,NULL,NULL,'Balat',NULL,'Other findings'),(98,50,50,NULL,1,NULL,NULL,NULL,NULL,NULL,'Balat',NULL,'Other findings'),(99,50,50,NULL,1,NULL,NULL,NULL,NULL,NULL,'Balat',NULL,'Other findings'),(100,50,50,NULL,0,NULL,NULL,NULL,NULL,NULL,'Balat',NULL,'Other findings'),(101,50,50,NULL,1,NULL,NULL,NULL,NULL,NULL,'Balat',NULL,'Other findings'),(102,50,50,NULL,1,NULL,NULL,NULL,NULL,NULL,'Balat',NULL,'Other findings'),(103,50,50,NULL,1,NULL,NULL,NULL,NULL,NULL,'Balat',NULL,'Other findings'),(104,50,50,NULL,1,NULL,NULL,NULL,NULL,NULL,'Balat',NULL,'Other findings'),(105,50,50,NULL,0,NULL,NULL,NULL,NULL,NULL,'Balat',NULL,'Other findings'),(106,50,50,NULL,1,NULL,NULL,NULL,NULL,NULL,'Balat',NULL,'Other findings'),(107,50,50,NULL,1,NULL,NULL,NULL,NULL,NULL,'Balat',NULL,'Other findings'),(108,NULL,50,25,NULL,NULL,NULL,NULL,NULL,NULL,NULL,1,NULL),(109,NULL,50,25,NULL,NULL,NULL,NULL,NULL,NULL,NULL,0,NULL),(110,NULL,50,25,NULL,NULL,NULL,NULL,NULL,NULL,NULL,1,NULL),(111,NULL,50,25,NULL,NULL,NULL,NULL,NULL,NULL,NULL,1,NULL),(112,NULL,50,25,NULL,NULL,NULL,NULL,NULL,NULL,NULL,0,NULL),(113,NULL,50,25,NULL,NULL,NULL,NULL,NULL,NULL,NULL,1,NULL),(114,NULL,50,25,NULL,NULL,NULL,NULL,NULL,NULL,NULL,1,NULL),(115,NULL,50,25,NULL,NULL,NULL,NULL,NULL,NULL,NULL,0,NULL),(116,NULL,50,25,NULL,NULL,NULL,NULL,NULL,NULL,NULL,1,NULL),(117,NULL,50,25,NULL,NULL,NULL,NULL,NULL,NULL,NULL,0,NULL),(118,NULL,50,25,NULL,NULL,NULL,NULL,NULL,NULL,NULL,1,NULL),(119,NULL,50,25,NULL,NULL,NULL,NULL,NULL,NULL,NULL,1,NULL),(120,NULL,50,25,NULL,NULL,NULL,NULL,NULL,NULL,NULL,0,NULL),(121,NULL,50,25,NULL,NULL,NULL,NULL,NULL,NULL,NULL,1,NULL),(122,NULL,50,25,NULL,NULL,NULL,NULL,NULL,NULL,NULL,1,NULL),(123,NULL,50,25,NULL,NULL,NULL,NULL,NULL,NULL,NULL,0,NULL),(124,NULL,50,25,NULL,NULL,NULL,NULL,NULL,NULL,NULL,1,NULL),(125,NULL,50,25,NULL,NULL,NULL,NULL,NULL,NULL,NULL,1,NULL),(126,NULL,50,25,NULL,NULL,NULL,NULL,NULL,NULL,NULL,0,NULL),(127,NULL,50,25,NULL,NULL,NULL,NULL,NULL,NULL,NULL,1,NULL),(128,NULL,50,25,NULL,NULL,NULL,NULL,NULL,NULL,NULL,1,NULL),(129,NULL,50,25,NULL,NULL,NULL,NULL,NULL,NULL,NULL,0,NULL),(130,NULL,50,25,NULL,NULL,NULL,NULL,NULL,NULL,NULL,1,NULL),(131,NULL,50,25,NULL,NULL,NULL,NULL,NULL,NULL,NULL,1,NULL),(132,NULL,50,25,NULL,NULL,NULL,NULL,NULL,NULL,NULL,0,NULL),(133,NULL,50,25,NULL,NULL,NULL,NULL,NULL,NULL,NULL,1,NULL),(134,NULL,50,25,NULL,NULL,NULL,NULL,NULL,NULL,NULL,1,NULL),(135,NULL,50,25,NULL,NULL,NULL,NULL,NULL,NULL,NULL,0,NULL),(136,NULL,50,25,NULL,NULL,NULL,NULL,NULL,NULL,NULL,0,NULL),(137,NULL,50,25,NULL,NULL,NULL,NULL,NULL,NULL,NULL,1,NULL),(138,NULL,50,25,NULL,NULL,NULL,NULL,NULL,NULL,NULL,1,NULL),(139,NULL,50,25,NULL,NULL,NULL,NULL,NULL,NULL,NULL,0,NULL),(140,NULL,50,25,NULL,NULL,NULL,NULL,NULL,NULL,NULL,1,NULL),(141,NULL,50,25,NULL,NULL,NULL,NULL,NULL,NULL,NULL,1,NULL),(142,NULL,50,25,NULL,NULL,NULL,NULL,NULL,NULL,NULL,0,NULL),(143,NULL,50,25,NULL,NULL,NULL,NULL,NULL,NULL,NULL,1,NULL),(144,NULL,50,25,NULL,NULL,NULL,NULL,NULL,NULL,NULL,1,NULL),(145,NULL,50,25,NULL,NULL,NULL,NULL,NULL,NULL,NULL,0,NULL),(146,NULL,50,25,NULL,NULL,NULL,NULL,NULL,NULL,NULL,1,NULL),(147,NULL,50,25,NULL,NULL,NULL,NULL,NULL,NULL,NULL,0,NULL),(148,NULL,50,25,NULL,NULL,NULL,NULL,NULL,NULL,NULL,1,NULL),(149,NULL,50,25,NULL,NULL,NULL,NULL,NULL,NULL,NULL,0,NULL),(150,NULL,50,25,NULL,NULL,NULL,NULL,NULL,NULL,NULL,1,NULL),(151,NULL,50,25,NULL,NULL,NULL,NULL,NULL,NULL,NULL,0,NULL),(152,NULL,50,25,NULL,NULL,NULL,NULL,NULL,NULL,NULL,0,NULL),(153,NULL,50,25,NULL,NULL,NULL,NULL,NULL,NULL,NULL,1,NULL),(154,NULL,50,25,NULL,NULL,NULL,NULL,NULL,NULL,NULL,0,NULL),(155,NULL,50,25,NULL,NULL,NULL,NULL,NULL,NULL,NULL,0,NULL),(156,NULL,50,25,NULL,NULL,NULL,NULL,NULL,NULL,NULL,1,NULL),(157,NULL,50,25,NULL,NULL,NULL,NULL,NULL,NULL,NULL,0,NULL),(158,NULL,50,25,NULL,NULL,NULL,NULL,NULL,NULL,NULL,0,NULL),(159,NULL,50,25,NULL,NULL,NULL,NULL,NULL,NULL,NULL,1,NULL),(160,NULL,50,25,NULL,NULL,NULL,NULL,NULL,NULL,NULL,0,NULL),(161,NULL,50,25,NULL,NULL,NULL,NULL,NULL,NULL,NULL,0,NULL),(162,NULL,50,25,NULL,NULL,NULL,NULL,NULL,NULL,NULL,1,NULL),(163,NULL,50,25,NULL,NULL,NULL,NULL,NULL,NULL,NULL,0,NULL),(164,NULL,50,25,NULL,NULL,NULL,NULL,NULL,NULL,NULL,0,NULL),(165,NULL,50,25,NULL,NULL,NULL,NULL,NULL,NULL,NULL,1,NULL),(166,NULL,50,25,NULL,NULL,NULL,NULL,NULL,NULL,NULL,0,NULL),(167,NULL,50,25,NULL,NULL,NULL,NULL,NULL,NULL,NULL,1,NULL),(168,NULL,50,25,NULL,NULL,NULL,NULL,NULL,NULL,NULL,0,NULL),(169,NULL,50,25,NULL,NULL,NULL,NULL,NULL,NULL,NULL,1,NULL),(170,NULL,50,25,NULL,NULL,NULL,NULL,NULL,NULL,NULL,1,NULL),(171,NULL,50,25,NULL,NULL,NULL,NULL,NULL,NULL,NULL,0,NULL),(172,NULL,50,25,NULL,NULL,NULL,NULL,NULL,NULL,NULL,1,NULL),(173,NULL,50,25,NULL,NULL,NULL,NULL,NULL,NULL,NULL,1,NULL),(174,NULL,50,25,NULL,NULL,NULL,NULL,NULL,NULL,NULL,0,NULL),(175,NULL,50,25,NULL,NULL,NULL,NULL,NULL,NULL,NULL,1,NULL),(176,NULL,50,25,NULL,NULL,NULL,NULL,NULL,NULL,NULL,1,NULL),(177,NULL,50,25,NULL,NULL,NULL,NULL,NULL,NULL,NULL,0,NULL),(178,NULL,50,25,NULL,NULL,NULL,NULL,NULL,NULL,NULL,1,NULL),(179,NULL,50,25,NULL,NULL,NULL,NULL,NULL,NULL,NULL,1,NULL),(180,NULL,50,25,NULL,NULL,NULL,NULL,NULL,NULL,NULL,0,NULL),(181,NULL,50,25,NULL,NULL,NULL,NULL,NULL,NULL,NULL,1,NULL),(182,NULL,50,25,NULL,NULL,NULL,NULL,NULL,NULL,NULL,1,NULL),(183,NULL,50,25,NULL,NULL,NULL,NULL,NULL,NULL,NULL,0,NULL),(184,NULL,50,25,NULL,NULL,NULL,NULL,NULL,NULL,NULL,1,NULL),(185,NULL,50,25,NULL,NULL,NULL,NULL,NULL,NULL,NULL,1,NULL),(186,NULL,50,25,NULL,NULL,NULL,NULL,NULL,NULL,NULL,0,NULL),(187,NULL,50,25,NULL,NULL,NULL,NULL,NULL,NULL,NULL,1,NULL),(188,NULL,50,25,NULL,NULL,NULL,NULL,NULL,NULL,NULL,0,NULL),(189,NULL,50,25,NULL,NULL,NULL,NULL,NULL,NULL,NULL,1,NULL),(190,NULL,50,25,NULL,NULL,NULL,NULL,NULL,NULL,NULL,0,NULL),(191,NULL,50,25,NULL,NULL,NULL,NULL,NULL,NULL,NULL,0,NULL),(192,NULL,50,25,NULL,NULL,NULL,NULL,NULL,NULL,NULL,1,NULL),(193,NULL,50,25,NULL,NULL,NULL,NULL,NULL,NULL,NULL,0,NULL),(194,NULL,50,25,NULL,NULL,NULL,NULL,NULL,NULL,NULL,0,NULL),(195,NULL,50,25,NULL,NULL,NULL,NULL,NULL,NULL,NULL,1,NULL),(196,NULL,50,25,NULL,NULL,NULL,NULL,NULL,NULL,NULL,0,NULL),(197,NULL,50,25,NULL,NULL,NULL,NULL,NULL,NULL,NULL,0,NULL),(198,NULL,50,25,NULL,NULL,NULL,NULL,NULL,NULL,NULL,1,NULL),(199,NULL,50,25,NULL,NULL,NULL,NULL,NULL,NULL,NULL,0,NULL),(200,NULL,50,25,NULL,NULL,NULL,NULL,NULL,NULL,NULL,0,NULL),(201,NULL,50,25,NULL,NULL,NULL,NULL,NULL,NULL,NULL,1,NULL),(202,NULL,50,25,NULL,NULL,NULL,NULL,NULL,NULL,NULL,0,NULL),(203,NULL,50,25,NULL,NULL,NULL,NULL,NULL,NULL,NULL,0,NULL),(204,NULL,50,25,NULL,NULL,NULL,NULL,NULL,NULL,NULL,1,NULL),(205,NULL,50,25,NULL,NULL,NULL,NULL,NULL,NULL,NULL,0,NULL),(206,NULL,50,25,NULL,NULL,NULL,NULL,NULL,NULL,NULL,0,NULL),(207,NULL,50,25,NULL,NULL,NULL,NULL,NULL,NULL,NULL,1,NULL),(208,NULL,50,25,NULL,NULL,NULL,NULL,NULL,NULL,NULL,0,NULL),(209,NULL,50,25,NULL,NULL,NULL,NULL,NULL,NULL,NULL,0,NULL),(210,NULL,50,25,NULL,NULL,NULL,NULL,NULL,NULL,NULL,1,NULL),(211,NULL,50,25,NULL,NULL,NULL,NULL,NULL,NULL,NULL,0,NULL),(212,NULL,50,25,NULL,NULL,NULL,NULL,NULL,NULL,NULL,0,NULL),(213,NULL,50,25,NULL,NULL,NULL,NULL,NULL,NULL,NULL,1,NULL),(214,NULL,50,25,NULL,NULL,NULL,NULL,NULL,NULL,NULL,0,NULL),(215,NULL,50,25,NULL,NULL,NULL,NULL,NULL,NULL,NULL,1,NULL),(216,NULL,50,25,NULL,NULL,NULL,NULL,NULL,NULL,NULL,0,NULL),(217,NULL,50,25,NULL,NULL,NULL,NULL,NULL,NULL,NULL,1,NULL),(218,NULL,50,25,NULL,NULL,NULL,NULL,NULL,NULL,NULL,1,NULL),(219,NULL,50,25,NULL,NULL,NULL,NULL,NULL,NULL,NULL,0,NULL),(220,NULL,50,25,NULL,NULL,NULL,NULL,NULL,NULL,NULL,1,NULL),(221,NULL,50,25,NULL,NULL,NULL,NULL,NULL,NULL,NULL,1,NULL),(222,NULL,50,25,NULL,NULL,NULL,NULL,NULL,NULL,NULL,0,NULL),(223,NULL,50,25,NULL,NULL,NULL,NULL,NULL,NULL,NULL,1,NULL),(224,NULL,50,25,NULL,NULL,NULL,NULL,NULL,NULL,NULL,1,NULL),(225,NULL,50,25,NULL,NULL,NULL,NULL,NULL,NULL,NULL,0,NULL),(226,NULL,50,25,NULL,NULL,NULL,NULL,NULL,NULL,NULL,1,NULL),(227,NULL,50,25,NULL,NULL,NULL,NULL,NULL,NULL,NULL,1,NULL),(228,NULL,50,25,NULL,NULL,NULL,NULL,NULL,NULL,NULL,0,NULL),(229,NULL,50,25,NULL,NULL,NULL,NULL,NULL,NULL,NULL,1,NULL);
/*!40000 ALTER TABLE `physicalexamtable` ENABLE KEYS */;
UNLOCK TABLES;

--
-- Table structure for table `prognosticriskscoringtable`
--

DROP TABLE IF EXISTS `prognosticriskscoringtable`;
/*!40101 SET @saved_cs_client     = @@character_set_client */;
/*!40101 SET character_set_client = utf8 */;
CREATE TABLE `prognosticriskscoringtable` (
  `PrognosticRiskScoringID` int(11) NOT NULL AUTO_INCREMENT,
  `PrognosticRiskScoringName` varchar(300) NOT NULL,
  `OtherPrognosticRiskScoring` varchar(300) DEFAULT NULL,
  PRIMARY KEY (`PrognosticRiskScoringID`)
) ENGINE=InnoDB AUTO_INCREMENT=25 DEFAULT CHARSET=latin1;
/*!40101 SET character_set_client = @saved_cs_client */;

--
-- Dumping data for table `prognosticriskscoringtable`
--

LOCK TABLES `prognosticriskscoringtable` WRITE;
/*!40000 ALTER TABLE `prognosticriskscoringtable` DISABLE KEYS */;
INSERT INTO `prognosticriskscoringtable` VALUES (1,'Others',NULL),(2,'Others',NULL),(3,'Others',NULL),(4,'Others',NULL),(5,'Others',NULL),(6,'Others',NULL),(7,'Others',NULL),(8,'Others',NULL),(9,'Others',NULL),(10,'Others',NULL),(11,'Others',NULL),(12,'Others',NULL),(13,'Others',NULL),(14,'Others',NULL),(15,'Others',NULL),(16,'Others',NULL),(17,'Others',NULL),(18,'Others',NULL),(19,'Others',NULL),(20,'Others',NULL),(21,'Others',NULL),(22,'Others',NULL),(23,'Others',NULL),(24,'Others',NULL);
/*!40000 ALTER TABLE `prognosticriskscoringtable` ENABLE KEYS */;
UNLOCK TABLES;

--
-- Table structure for table `regimennontransplanttable`
--

DROP TABLE IF EXISTS `regimennontransplanttable`;
/*!40101 SET @saved_cs_client     = @@character_set_client */;
/*!40101 SET character_set_client = utf8 */;
CREATE TABLE `regimennontransplanttable` (
  `RegimenNonTransplantID` int(11) NOT NULL AUTO_INCREMENT,
  `RegimenName` blob,
  `OtherRegimen` blob,
  PRIMARY KEY (`RegimenNonTransplantID`)
) ENGINE=InnoDB AUTO_INCREMENT=21 DEFAULT CHARSET=latin1;
/*!40101 SET character_set_client = @saved_cs_client */;

--
-- Dumping data for table `regimennontransplanttable`
--

LOCK TABLES `regimennontransplanttable` WRITE;
/*!40000 ALTER TABLE `regimennontransplanttable` DISABLE KEYS */;
INSERT INTO `regimennontransplanttable` VALUES (1,'Others','Other Regimens'),(2,'Others','Other Regimens'),(3,'Others','Other Regimens'),(4,'Others','Other Regimens'),(5,'Others','Other Regimens'),(6,'Others','Other Regimens'),(7,'Others','Other Regimens'),(8,'Others','Other Regimens'),(9,'Others','Other Regimens'),(10,'Others','Other Regimens'),(11,'Others','Other Regimens'),(12,'Others','Other Regimens'),(13,'Others','Other Regimens'),(14,'Others','Other Regimens'),(15,'Others','Other Regimens'),(16,'Others','Other Regimens'),(17,'Others','Other Regimens'),(18,'Others','Other Regimens'),(19,'Others','Other Regimens'),(20,'Others','Other Regimens');
/*!40000 ALTER TABLE `regimennontransplanttable` ENABLE KEYS */;
UNLOCK TABLES;

--
-- Table structure for table `regimentable`
--

DROP TABLE IF EXISTS `regimentable`;
/*!40101 SET @saved_cs_client     = @@character_set_client */;
/*!40101 SET character_set_client = utf8 */;
CREATE TABLE `regimentable` (
  `RegimenID` int(11) NOT NULL AUTO_INCREMENT,
  `RegimenName` blob,
  `OtherRegimen` blob,
  PRIMARY KEY (`RegimenID`)
) ENGINE=InnoDB AUTO_INCREMENT=63 DEFAULT CHARSET=latin1;
/*!40101 SET character_set_client = @saved_cs_client */;

--
-- Dumping data for table `regimentable`
--

LOCK TABLES `regimentable` WRITE;
/*!40000 ALTER TABLE `regimentable` DISABLE KEYS */;
INSERT INTO `regimentable` VALUES (1,'Regimen/Protocol',''),(2,'Regimen/Protocol',''),(3,'Regimen/Protocol',''),(4,'Regimen/Protocol',''),(5,'Regimen/Protocol',''),(6,'Regimen/Protocol',''),(7,'Regimen/Protocol',''),(8,'Regimen/Protocol',''),(9,'Regimen/Protocol',''),(10,'Regimen/Protocol',''),(11,'Regimen/Protocol',''),(12,'Regimen/Protocol',''),(13,'Regimen/Protocol',''),(14,'Regimen/Protocol',''),(15,'Regimen/Protocol',''),(16,'Regimen/Protocol',''),(17,'Regimen/Protocol',''),(18,'Regimen/Protocol',''),(19,'Regimen/Protocol',''),(20,'Regimen/Protocol',''),(21,'Regimen/Protocol',''),(22,'Regimen/Protocol',''),(23,'Regimen/Protocol',''),(24,'Regimen/Protocol',''),(25,'Regimen/Protocol',''),(26,'Regimen/Protocol',''),(27,'Regimen/Protocol',''),(28,'',''),(29,'',''),(30,'',''),(31,'',''),(32,'',''),(33,'',''),(34,'',''),(35,'',''),(36,'',''),(37,'',''),(38,'',''),(39,'',''),(40,'Other Regimens','Other Regimens'),(41,'Other Regimens','Other Regimens'),(42,'Other Regimens','Other Regimens'),(43,'Other Regimens','Other Regimens'),(44,'Other Regimens','Other Regimens'),(45,'Other Regimens','Other Regimens'),(46,'Other Regimens','Other Regimens'),(47,'Other Regimens','Other Regimens'),(48,'Regimen/Protocol',''),(49,'Regimen/Protocol',''),(50,'Regimen/Protocol',''),(51,'Regimen/Protocol',''),(52,'Regimen/Protocol',''),(53,'Regimen/Protocol',''),(54,'Regimen/Protocol',''),(55,'Regimen/Protocol',''),(56,'Regimen/Protocol',''),(57,'Regimen/Protocol',''),(58,'Regimen/Protocol',''),(59,'Regimen/Protocol',''),(60,'Regimen/Protocol',''),(61,'Regimen/Protocol',''),(62,'Regimen/Protocol','');
/*!40000 ALTER TABLE `regimentable` ENABLE KEYS */;
UNLOCK TABLES;

--
-- Table structure for table `regimentransplanttable`
--

DROP TABLE IF EXISTS `regimentransplanttable`;
/*!40101 SET @saved_cs_client     = @@character_set_client */;
/*!40101 SET character_set_client = utf8 */;
CREATE TABLE `regimentransplanttable` (
  `RegimenTransplantID` int(11) NOT NULL AUTO_INCREMENT,
  `RegimenName` blob,
  `OtherRegimen` blob,
  PRIMARY KEY (`RegimenTransplantID`)
) ENGINE=InnoDB AUTO_INCREMENT=21 DEFAULT CHARSET=latin1;
/*!40101 SET character_set_client = @saved_cs_client */;

--
-- Dumping data for table `regimentransplanttable`
--

LOCK TABLES `regimentransplanttable` WRITE;
/*!40000 ALTER TABLE `regimentransplanttable` DISABLE KEYS */;
INSERT INTO `regimentransplanttable` VALUES (1,'Others','Other Regimens'),(2,'Others','Other Regimens'),(3,'Others','Other Regimens'),(4,'Others','Other Regimens'),(5,'Others','Other Regimens'),(6,'Others','Other Regimens'),(7,'Others','Other Regimens'),(8,'Others','Other Regimens'),(9,'Others','Other Regimens'),(10,'Others','Other Regimens'),(11,'Others','Other Regimens'),(12,'Others','Other Regimens'),(13,'Others','Other Regimens'),(14,'Others','Other Regimens'),(15,'Others','Other Regimens'),(16,'Others','Other Regimens'),(17,'Others','Other Regimens'),(18,'Others','Other Regimens'),(19,'Others','Other Regimens'),(20,'Others','Other Regimens');
/*!40000 ALTER TABLE `regimentransplanttable` ENABLE KEYS */;
UNLOCK TABLES;

--
-- Table structure for table `riskscoretable`
--

DROP TABLE IF EXISTS `riskscoretable`;
/*!40101 SET @saved_cs_client     = @@character_set_client */;
/*!40101 SET character_set_client = utf8 */;
CREATE TABLE `riskscoretable` (
  `RiskScoreID` int(11) NOT NULL AUTO_INCREMENT,
  `RiskScoreName` varchar(500) NOT NULL,
  `OtherRiskScore` varchar(500) DEFAULT NULL,
  PRIMARY KEY (`RiskScoreID`)
) ENGINE=InnoDB AUTO_INCREMENT=40 DEFAULT CHARSET=latin1;
/*!40101 SET character_set_client = @saved_cs_client */;

--
-- Dumping data for table `riskscoretable`
--

LOCK TABLES `riskscoretable` WRITE;
/*!40000 ALTER TABLE `riskscoretable` DISABLE KEYS */;
INSERT INTO `riskscoretable` VALUES (1,'Intermediate Risk',''),(2,'Intermediate Risk',''),(3,'Intermediate Risk',''),(4,'Intermediate Risk',''),(5,'Intermediate Risk',''),(6,'Intermediate Risk',''),(7,'Intermediate Risk',''),(8,'Intermediate Risk',''),(9,'Intermediate Risk',''),(10,'Intermediate Risk',''),(11,'Intermediate Risk',''),(12,'Intermediate Risk',''),(13,'Intermediate Risk',''),(14,'Intermediate Risk',''),(15,'Intermediate Risk',''),(16,'Others','Risk Score Others'),(17,'Others','Risk Score Others'),(18,'Others','Risk Score Others'),(19,'Others','Risk Score Others'),(20,'Others','Risk Score Others'),(21,'Others','Risk Score Others'),(22,'Others','Risk Score Others'),(23,'Others','Risk Score Others'),(24,'Others','Risk Score Others'),(25,'Others','Risk Score Others'),(26,'Others','Risk Score Others'),(27,'Others','Risk Score Others'),(28,'Others','Risk Score Others'),(29,'Others','Risk Score Others'),(30,'Others','Risk Score Others'),(31,'Others','Risk Score Others'),(32,'Others','Risk Score Others'),(33,'Others','Risk Score Others'),(34,'Others','Risk Score Others'),(35,'Others','Risk Score Others'),(36,'Others','Risk Score Others'),(37,'Others','Risk Score Others'),(38,'Others','Risk Score Others'),(39,'Others','Risk Score Others');
/*!40000 ALTER TABLE `riskscoretable` ENABLE KEYS */;
UNLOCK TABLES;

--
-- Table structure for table `roletable`
--

DROP TABLE IF EXISTS `roletable`;
/*!40101 SET @saved_cs_client     = @@character_set_client */;
/*!40101 SET character_set_client = utf8 */;
CREATE TABLE `roletable` (
  `RoleID` int(11) NOT NULL,
  `RoleName` varchar(500) NOT NULL,
  PRIMARY KEY (`RoleID`)
) ENGINE=InnoDB DEFAULT CHARSET=latin1;
/*!40101 SET character_set_client = @saved_cs_client */;

--
-- Dumping data for table `roletable`
--

LOCK TABLES `roletable` WRITE;
/*!40000 ALTER TABLE `roletable` DISABLE KEYS */;
INSERT INTO `roletable` VALUES (1,'Admin'),(2,'Encoder');
/*!40000 ALTER TABLE `roletable` ENABLE KEYS */;
UNLOCK TABLES;

--
-- Table structure for table `serumfreetable`
--

DROP TABLE IF EXISTS `serumfreetable`;
/*!40101 SET @saved_cs_client     = @@character_set_client */;
/*!40101 SET character_set_client = utf8 */;
CREATE TABLE `serumfreetable` (
  `SerumFreeID` int(11) NOT NULL AUTO_INCREMENT,
  `Result` blob,
  PRIMARY KEY (`SerumFreeID`)
) ENGINE=InnoDB AUTO_INCREMENT=48 DEFAULT CHARSET=latin1;
/*!40101 SET character_set_client = @saved_cs_client */;

--
-- Dumping data for table `serumfreetable`
--

LOCK TABLES `serumfreetable` WRITE;
/*!40000 ALTER TABLE `serumfreetable` DISABLE KEYS */;
INSERT INTO `serumfreetable` VALUES (1,''),(2,'ok'),(3,'ok'),(4,'ok'),(5,''),(6,''),(7,'ok'),(8,'ok'),(9,'ok'),(10,''),(11,''),(12,'ok'),(13,'ok'),(14,'ok'),(15,''),(16,''),(17,'ok'),(18,'ok'),(19,'ok'),(20,''),(21,'Ok'),(22,'Ok'),(23,'Ok'),(24,'Ok'),(25,'Ok'),(26,'Ok'),(27,'Ok'),(28,'Ok'),(29,'Ok'),(30,'Ok'),(31,'Ok'),(32,'Ok'),(33,'Ok'),(34,'Ok'),(35,'Ok'),(36,'Ok'),(37,'Ok'),(38,'Ok'),(39,'Ok'),(40,'Ok'),(41,'Ok'),(42,'Ok'),(43,'Ok'),(44,'Ok'),(45,'Ok'),(46,'Ok'),(47,'Ok');
/*!40000 ALTER TABLE `serumfreetable` ENABLE KEYS */;
UNLOCK TABLES;

--
-- Table structure for table `serumimmunofixationtable`
--

DROP TABLE IF EXISTS `serumimmunofixationtable`;
/*!40101 SET @saved_cs_client     = @@character_set_client */;
/*!40101 SET character_set_client = utf8 */;
CREATE TABLE `serumimmunofixationtable` (
  `SerumImmunofixationID` int(11) NOT NULL AUTO_INCREMENT,
  `Result` blob,
  PRIMARY KEY (`SerumImmunofixationID`)
) ENGINE=InnoDB AUTO_INCREMENT=48 DEFAULT CHARSET=latin1;
/*!40101 SET character_set_client = @saved_cs_client */;

--
-- Dumping data for table `serumimmunofixationtable`
--

LOCK TABLES `serumimmunofixationtable` WRITE;
/*!40000 ALTER TABLE `serumimmunofixationtable` DISABLE KEYS */;
INSERT INTO `serumimmunofixationtable` VALUES (1,''),(2,'ok'),(3,'ok'),(4,'ok'),(5,''),(6,''),(7,'ok'),(8,'ok'),(9,'ok'),(10,''),(11,''),(12,'ok'),(13,'ok'),(14,'ok'),(15,''),(16,''),(17,'ok'),(18,'ok'),(19,'ok'),(20,''),(21,'Ok'),(22,'Ok'),(23,'Ok'),(24,'Ok'),(25,'Ok'),(26,'Ok'),(27,'Ok'),(28,'Ok'),(29,'Ok'),(30,'Ok'),(31,'Ok'),(32,'Ok'),(33,'Ok'),(34,'Ok'),(35,'Ok'),(36,'Ok'),(37,'Ok'),(38,'Ok'),(39,'Ok'),(40,'Ok'),(41,'Ok'),(42,'Ok'),(43,'Ok'),(44,'Ok'),(45,'Ok'),(46,'Ok'),(47,'Ok');
/*!40000 ALTER TABLE `serumimmunofixationtable` ENABLE KEYS */;
UNLOCK TABLES;

--
-- Table structure for table `serumproteintable`
--

DROP TABLE IF EXISTS `serumproteintable`;
/*!40101 SET @saved_cs_client     = @@character_set_client */;
/*!40101 SET character_set_client = utf8 */;
CREATE TABLE `serumproteintable` (
  `SerumProteinID` int(11) NOT NULL AUTO_INCREMENT,
  `Result` blob,
  PRIMARY KEY (`SerumProteinID`)
) ENGINE=InnoDB AUTO_INCREMENT=48 DEFAULT CHARSET=latin1;
/*!40101 SET character_set_client = @saved_cs_client */;

--
-- Dumping data for table `serumproteintable`
--

LOCK TABLES `serumproteintable` WRITE;
/*!40000 ALTER TABLE `serumproteintable` DISABLE KEYS */;
INSERT INTO `serumproteintable` VALUES (1,''),(2,'ok'),(3,'ok'),(4,'ok'),(5,''),(6,''),(7,'ok'),(8,'ok'),(9,'ok'),(10,''),(11,''),(12,'ok'),(13,'ok'),(14,'ok'),(15,''),(16,''),(17,'ok'),(18,'ok'),(19,'ok'),(20,''),(21,'Ok'),(22,'Ok'),(23,'Ok'),(24,'Ok'),(25,'Ok'),(26,'Ok'),(27,'Ok'),(28,'Ok'),(29,'Ok'),(30,'Ok'),(31,'Ok'),(32,'Ok'),(33,'Ok'),(34,'Ok'),(35,'Ok'),(36,'Ok'),(37,'Ok'),(38,'Ok'),(39,'Ok'),(40,'Ok'),(41,'Ok'),(42,'Ok'),(43,'Ok'),(44,'Ok'),(45,'Ok'),(46,'Ok'),(47,'Ok');
/*!40000 ALTER TABLE `serumproteintable` ENABLE KEYS */;
UNLOCK TABLES;

--
-- Table structure for table `severitytable`
--

DROP TABLE IF EXISTS `severitytable`;
/*!40101 SET @saved_cs_client     = @@character_set_client */;
/*!40101 SET character_set_client = utf8 */;
CREATE TABLE `severitytable` (
  `SeverityID` int(11) NOT NULL AUTO_INCREMENT,
  `SeverityName` varchar(100) NOT NULL,
  PRIMARY KEY (`SeverityID`)
) ENGINE=InnoDB AUTO_INCREMENT=7 DEFAULT CHARSET=latin1;
/*!40101 SET character_set_client = @saved_cs_client */;

--
-- Dumping data for table `severitytable`
--

LOCK TABLES `severitytable` WRITE;
/*!40000 ALTER TABLE `severitytable` DISABLE KEYS */;
INSERT INTO `severitytable` VALUES (1,'3'),(2,'3'),(3,'3'),(4,'3'),(5,'3'),(6,'3');
/*!40000 ALTER TABLE `severitytable` ENABLE KEYS */;
UNLOCK TABLES;

--
-- Table structure for table `tissuespecimentable`
--

DROP TABLE IF EXISTS `tissuespecimentable`;
/*!40101 SET @saved_cs_client     = @@character_set_client */;
/*!40101 SET character_set_client = utf8 */;
CREATE TABLE `tissuespecimentable` (
  `TissueSpecimenID` int(11) NOT NULL AUTO_INCREMENT,
  `TissueSpecimenName` varchar(150) DEFAULT NULL,
  PRIMARY KEY (`TissueSpecimenID`)
) ENGINE=InnoDB AUTO_INCREMENT=108 DEFAULT CHARSET=latin1;
/*!40101 SET character_set_client = @saved_cs_client */;

--
-- Dumping data for table `tissuespecimentable`
--

LOCK TABLES `tissuespecimentable` WRITE;
/*!40000 ALTER TABLE `tissuespecimentable` DISABLE KEYS */;
INSERT INTO `tissuespecimentable` VALUES (1,'BMA'),(2,'BB'),(3,''),(4,'BMA'),(5,'BB'),(6,'LN'),(7,''),(8,'BB'),(9,'LN'),(10,'LN'),(11,''),(12,'BB'),(13,'LN'),(14,'LN'),(15,'LN'),(16,''),(17,''),(18,''),(19,''),(20,''),(21,''),(22,'BMA'),(23,''),(24,'BB'),(25,'LN'),(26,'LN'),(27,''),(28,'BB'),(29,''),(30,'BMA'),(31,'BB'),(32,''),(33,'BB'),(34,'LN'),(35,'BMA'),(36,''),(37,''),(38,'BB'),(39,'LN'),(40,''),(41,'BB'),(42,'LN'),(43,''),(44,'BB'),(45,'LN'),(46,''),(47,'BB'),(48,'LN'),(49,'BMA'),(50,'BB'),(51,''),(52,'BMA'),(53,'BB'),(54,'BMA'),(55,'BB'),(56,''),(57,'BMA'),(58,'BB'),(59,'BB'),(60,''),(61,'BMA'),(62,'BB'),(63,'BB'),(64,''),(65,'BMA'),(66,'BB'),(67,'BMA'),(68,'BB'),(69,'BMA'),(70,'BB'),(71,'BMA'),(72,'BB'),(73,''),(74,'BB'),(75,'LN'),(76,'BMA'),(77,''),(78,''),(79,'BB'),(80,'LN'),(81,'BMA'),(82,''),(83,''),(84,'BB'),(85,'LN'),(86,'BMA'),(87,''),(88,''),(89,'BB'),(90,'LN'),(91,'BMA'),(92,''),(93,''),(94,''),(95,''),(96,''),(97,''),(98,''),(99,''),(100,''),(101,''),(102,''),(103,''),(104,''),(105,''),(106,''),(107,'');
/*!40000 ALTER TABLE `tissuespecimentable` ENABLE KEYS */;
UNLOCK TABLES;

--
-- Table structure for table `tokentable`
--

DROP TABLE IF EXISTS `tokentable`;
/*!40101 SET @saved_cs_client     = @@character_set_client */;
/*!40101 SET character_set_client = utf8 */;
CREATE TABLE `tokentable` (
  `AccountID` int(11) NOT NULL,
  `Token` varchar(500) NOT NULL,
  `Expiration` timestamp NOT NULL DEFAULT CURRENT_TIMESTAMP ON UPDATE CURRENT_TIMESTAMP
) ENGINE=InnoDB DEFAULT CHARSET=latin1;
/*!40101 SET character_set_client = @saved_cs_client */;

--
-- Dumping data for table `tokentable`
--

LOCK TABLES `tokentable` WRITE;
/*!40000 ALTER TABLE `tokentable` DISABLE KEYS */;
/*!40000 ALTER TABLE `tokentable` ENABLE KEYS */;
UNLOCK TABLES;

--
-- Table structure for table `treatmenttable`
--

DROP TABLE IF EXISTS `treatmenttable`;
/*!40101 SET @saved_cs_client     = @@character_set_client */;
/*!40101 SET character_set_client = utf8 */;
CREATE TABLE `treatmenttable` (
  `TreatmentID` int(11) NOT NULL AUTO_INCREMENT,
  `Transplant` tinyint(1) DEFAULT NULL,
  `ModeOfTreatmentID` int(11) DEFAULT NULL,
  `ChemoMedicationID` int(11) DEFAULT NULL,
  `MaintenanceTherapyID` int(11) DEFAULT NULL,
  `RegimenID` int(11) DEFAULT NULL,
  `RegimenTransplantID` int(11) DEFAULT NULL,
  `RegimenNonTransplantID` int(11) DEFAULT NULL,
  `RegimenText` blob,
  `CycleNumber` int(11) DEFAULT NULL,
  `DateStarted` date DEFAULT NULL,
  `Complications` blob,
  PRIMARY KEY (`TreatmentID`),
  KEY `TreatmentTable_fk0` (`ModeOfTreatmentID`),
  KEY `TreatmentTable_fk1` (`ChemoMedicationID`),
  KEY `TreatmentTable_fk2` (`RegimenID`),
  KEY `TreatmentTable_fk3` (`RegimenTransplantID`),
  KEY `TreatmentTable_fk4` (`RegimenNonTransplantID`),
  KEY `TreatmentTable_fk5` (`MaintenanceTherapyID`),
  CONSTRAINT `TreatmentTable_fk0` FOREIGN KEY (`ModeOfTreatmentID`) REFERENCES `modeoftreatmenttable` (`ModeOfTreatmentID`),
  CONSTRAINT `TreatmentTable_fk1` FOREIGN KEY (`ChemoMedicationID`) REFERENCES `chemomedicationstable` (`ChemoMedicationID`),
  CONSTRAINT `TreatmentTable_fk2` FOREIGN KEY (`RegimenID`) REFERENCES `regimentable` (`RegimenID`),
  CONSTRAINT `TreatmentTable_fk3` FOREIGN KEY (`RegimenTransplantID`) REFERENCES `regimentransplanttable` (`RegimenTransplantID`),
  CONSTRAINT `TreatmentTable_fk4` FOREIGN KEY (`RegimenNonTransplantID`) REFERENCES `regimennontransplanttable` (`RegimenNonTransplantID`),
  CONSTRAINT `TreatmentTable_fk5` FOREIGN KEY (`MaintenanceTherapyID`) REFERENCES `maintenancetherapytable` (`MaintenanceTherapyID`)
) ENGINE=InnoDB AUTO_INCREMENT=108 DEFAULT CHARSET=latin1;
/*!40101 SET character_set_client = @saved_cs_client */;

--
-- Dumping data for table `treatmenttable`
--

LOCK TABLES `treatmenttable` WRITE;
/*!40000 ALTER TABLE `treatmenttable` DISABLE KEYS */;
INSERT INTO `treatmenttable` VALUES (1,1,1,1,NULL,NULL,NULL,NULL,NULL,NULL,'2010-01-01',NULL),(2,1,2,2,NULL,NULL,NULL,NULL,NULL,NULL,'2011-02-02',NULL),(3,0,3,3,NULL,NULL,NULL,NULL,NULL,NULL,'2012-03-03',NULL),(4,1,4,4,NULL,NULL,NULL,NULL,NULL,NULL,'2013-04-04',NULL),(5,1,5,5,NULL,NULL,NULL,NULL,NULL,NULL,'2014-05-05',NULL),(6,1,6,6,NULL,NULL,NULL,NULL,NULL,NULL,'2010-01-06',NULL),(7,0,7,7,NULL,NULL,NULL,NULL,NULL,NULL,'2011-02-07',NULL),(8,1,8,8,NULL,NULL,NULL,NULL,NULL,NULL,'2012-03-08',NULL),(9,1,9,9,NULL,NULL,NULL,NULL,NULL,NULL,'2013-04-09',NULL),(10,1,10,10,NULL,NULL,NULL,NULL,NULL,NULL,'2014-05-10',NULL),(11,0,11,11,NULL,NULL,NULL,NULL,NULL,NULL,'2011-02-07',NULL),(12,1,12,12,NULL,NULL,NULL,NULL,NULL,NULL,'2012-03-08',NULL),(13,1,13,13,NULL,NULL,NULL,NULL,NULL,NULL,'2013-04-09',NULL),(14,1,14,14,NULL,NULL,NULL,NULL,NULL,NULL,'2014-05-10',NULL),(15,1,15,15,NULL,NULL,NULL,NULL,NULL,NULL,'2014-05-10',NULL),(16,NULL,16,NULL,NULL,NULL,NULL,NULL,NULL,NULL,NULL,NULL),(17,NULL,17,NULL,NULL,NULL,NULL,NULL,NULL,NULL,NULL,NULL),(18,NULL,18,NULL,NULL,NULL,NULL,NULL,NULL,NULL,NULL,NULL),(19,NULL,19,NULL,NULL,NULL,NULL,NULL,NULL,NULL,NULL,NULL),(20,NULL,20,NULL,NULL,NULL,NULL,NULL,NULL,NULL,NULL,NULL),(21,NULL,21,NULL,NULL,NULL,NULL,NULL,NULL,NULL,NULL,NULL),(22,NULL,22,16,NULL,1,NULL,NULL,NULL,1,'2010-01-01',NULL),(23,NULL,23,17,NULL,2,NULL,NULL,NULL,7,'2011-02-07',NULL),(24,NULL,24,18,NULL,3,NULL,NULL,NULL,8,'2012-03-08',NULL),(25,NULL,25,19,NULL,4,NULL,NULL,NULL,9,'2013-04-09',NULL),(26,NULL,26,20,NULL,5,NULL,NULL,NULL,10,'2014-05-10',NULL),(27,NULL,27,21,NULL,6,NULL,NULL,NULL,11,'2010-01-01',NULL),(28,NULL,28,22,NULL,7,NULL,NULL,NULL,25,'2014-05-05',NULL),(29,NULL,29,23,NULL,8,NULL,NULL,NULL,23,'2012-03-03',NULL),(30,NULL,30,24,NULL,9,NULL,NULL,NULL,24,'2013-04-04',NULL),(31,NULL,31,25,NULL,10,NULL,NULL,NULL,25,'2014-05-05',NULL),(32,NULL,32,26,NULL,11,NULL,NULL,NULL,31,'2010-01-01',NULL),(33,NULL,33,27,NULL,12,NULL,NULL,NULL,32,'2011-02-02',NULL),(34,NULL,34,28,NULL,13,NULL,NULL,NULL,33,'2012-03-03',NULL),(35,NULL,35,29,NULL,14,NULL,NULL,NULL,34,'2013-04-04',NULL),(36,NULL,36,30,NULL,15,NULL,NULL,NULL,35,'2014-05-05',NULL),(37,NULL,37,31,NULL,16,NULL,NULL,NULL,31,'2010-01-01','Complications'),(38,NULL,38,32,NULL,17,NULL,NULL,NULL,32,'2011-02-02','Complications'),(39,NULL,39,33,NULL,18,NULL,NULL,NULL,33,'2012-03-03','Complications'),(40,NULL,40,34,NULL,19,NULL,NULL,NULL,31,'2010-01-01','Complications'),(41,NULL,41,35,NULL,20,NULL,NULL,NULL,32,'2011-02-02','Complications'),(42,NULL,42,36,NULL,21,NULL,NULL,NULL,33,'2012-03-03','Complications'),(43,NULL,43,37,NULL,22,NULL,NULL,NULL,31,'2010-01-01','Complications'),(44,NULL,44,38,NULL,23,NULL,NULL,NULL,32,'2011-02-02','Complications'),(45,NULL,45,39,NULL,24,NULL,NULL,NULL,33,'2012-03-03','Complications'),(46,NULL,46,40,NULL,25,NULL,NULL,NULL,31,'2010-01-01','Complications'),(47,NULL,47,41,NULL,26,NULL,NULL,NULL,32,'2011-02-02','Complications'),(48,NULL,48,42,NULL,27,NULL,NULL,NULL,33,'2012-03-03','Complications'),(49,NULL,49,43,NULL,NULL,NULL,NULL,NULL,NULL,'2010-01-01',NULL),(50,NULL,50,44,NULL,NULL,NULL,NULL,NULL,NULL,'2011-02-02',NULL),(51,NULL,51,45,NULL,NULL,NULL,NULL,NULL,NULL,'2012-03-03',NULL),(52,NULL,52,46,NULL,NULL,NULL,NULL,NULL,NULL,'2013-04-04',NULL),(53,NULL,53,47,NULL,NULL,NULL,NULL,NULL,NULL,'2014-05-05',NULL),(54,NULL,54,48,NULL,NULL,NULL,NULL,NULL,NULL,'2010-01-01',NULL),(55,NULL,55,49,NULL,NULL,NULL,NULL,NULL,NULL,'2011-02-02',NULL),(56,NULL,56,50,NULL,NULL,NULL,NULL,NULL,NULL,'2012-03-03',NULL),(57,NULL,57,51,NULL,NULL,NULL,NULL,NULL,NULL,'2013-04-04',NULL),(58,NULL,58,52,NULL,NULL,NULL,NULL,NULL,NULL,'2014-05-05',NULL),(59,NULL,59,53,NULL,NULL,NULL,NULL,NULL,NULL,'2011-02-02',NULL),(60,NULL,60,54,NULL,NULL,NULL,NULL,NULL,NULL,'2012-03-03',NULL),(61,NULL,61,55,NULL,NULL,NULL,NULL,NULL,NULL,'2013-04-04',NULL),(62,NULL,62,56,NULL,NULL,NULL,NULL,NULL,NULL,'2014-05-05',NULL),(63,NULL,63,57,NULL,NULL,NULL,NULL,NULL,NULL,'2011-02-02',NULL),(64,NULL,64,58,NULL,NULL,NULL,NULL,NULL,NULL,'2012-03-03',NULL),(65,NULL,65,59,NULL,NULL,NULL,NULL,NULL,NULL,'2013-04-04',NULL),(66,NULL,66,60,NULL,NULL,NULL,NULL,NULL,NULL,'2014-05-05',NULL),(67,NULL,67,61,NULL,NULL,NULL,NULL,NULL,NULL,'2013-04-04',NULL),(68,NULL,68,62,NULL,NULL,NULL,NULL,NULL,NULL,'2014-05-05',NULL),(69,NULL,69,63,NULL,NULL,NULL,NULL,NULL,NULL,'2013-04-04',NULL),(70,NULL,70,64,NULL,NULL,NULL,NULL,NULL,NULL,'2014-05-05',NULL),(71,NULL,71,65,NULL,NULL,NULL,NULL,NULL,NULL,'2013-04-04',NULL),(72,NULL,72,66,NULL,NULL,NULL,NULL,NULL,NULL,'2014-05-05',NULL),(73,0,73,NULL,1,28,1,1,NULL,51,'2010-01-01','Complications'),(74,1,74,NULL,2,29,2,2,NULL,52,'2011-02-02','Complications'),(75,1,75,NULL,3,30,3,3,NULL,53,'2012-03-03','Complications'),(76,1,76,NULL,4,31,4,4,NULL,54,'2013-04-04','Complications'),(77,0,77,NULL,5,32,5,5,NULL,55,'2014-05-05','Complications'),(78,0,78,NULL,6,33,6,6,NULL,51,'2010-01-01','Complications'),(79,1,79,NULL,7,34,7,7,NULL,52,'2011-02-02','Complications'),(80,1,80,NULL,8,35,8,8,NULL,53,'2012-03-03','Complications'),(81,1,81,NULL,9,36,9,9,NULL,54,'2013-04-04','Complications'),(82,0,82,NULL,10,37,10,10,NULL,55,'2014-05-05','Complications'),(83,0,83,NULL,11,38,11,11,NULL,51,'2010-01-01','Complications'),(84,1,84,NULL,12,39,12,12,NULL,52,'2011-02-02','Complications'),(85,1,85,NULL,13,40,13,13,NULL,53,'2012-03-03','Complications'),(86,1,86,NULL,14,41,14,14,NULL,54,'2013-04-04','Complications'),(87,0,87,NULL,15,42,15,15,NULL,55,'2014-05-05','Complications'),(88,0,88,NULL,16,43,16,16,NULL,51,'2010-01-01','Complications'),(89,1,89,NULL,17,44,17,17,NULL,52,'2011-02-02','Complications'),(90,1,90,NULL,18,45,18,18,NULL,53,'2012-03-03','Complications'),(91,1,91,NULL,19,46,19,19,NULL,54,'2013-04-04','Complications'),(92,0,92,NULL,20,47,20,20,NULL,55,'2014-05-05','Complications'),(93,NULL,93,NULL,NULL,48,NULL,NULL,NULL,NULL,'2010-01-01','Complications'),(94,NULL,94,NULL,NULL,49,NULL,NULL,NULL,NULL,'2011-02-02','Complications'),(95,NULL,95,NULL,NULL,50,NULL,NULL,NULL,NULL,'2012-03-03','Complications'),(96,NULL,96,NULL,NULL,51,NULL,NULL,NULL,NULL,'2013-04-04','Complications'),(97,NULL,97,NULL,NULL,52,NULL,NULL,NULL,NULL,'2014-05-05','Complications'),(98,NULL,98,NULL,NULL,53,NULL,NULL,NULL,NULL,'2010-01-01','Complications'),(99,NULL,99,NULL,NULL,54,NULL,NULL,NULL,NULL,'2011-02-02','Complications'),(100,NULL,100,NULL,NULL,55,NULL,NULL,NULL,NULL,'2012-03-03','Complications'),(101,NULL,101,NULL,NULL,56,NULL,NULL,NULL,NULL,'2013-04-04','Complications'),(102,NULL,102,NULL,NULL,57,NULL,NULL,NULL,NULL,'2014-05-05','Complications'),(103,NULL,103,NULL,NULL,58,NULL,NULL,NULL,NULL,'2010-01-01','Complications'),(104,NULL,104,NULL,NULL,59,NULL,NULL,NULL,NULL,'2011-02-02','Complications'),(105,NULL,105,NULL,NULL,60,NULL,NULL,NULL,NULL,'2012-03-03','Complications'),(106,NULL,106,NULL,NULL,61,NULL,NULL,NULL,NULL,'2013-04-04','Complications'),(107,NULL,107,NULL,NULL,62,NULL,NULL,NULL,NULL,'2014-05-05','Complications');
/*!40000 ALTER TABLE `treatmenttable` ENABLE KEYS */;
UNLOCK TABLES;

--
-- Table structure for table `uppergiendoscopytable`
--

DROP TABLE IF EXISTS `uppergiendoscopytable`;
/*!40101 SET @saved_cs_client     = @@character_set_client */;
/*!40101 SET character_set_client = utf8 */;
CREATE TABLE `uppergiendoscopytable` (
  `UpperGIEndoscopyID` int(11) NOT NULL AUTO_INCREMENT,
  `DatePerformed` blob,
  `Description` blob,
  `HPylori` tinyint(1) DEFAULT NULL,
  PRIMARY KEY (`UpperGIEndoscopyID`)
) ENGINE=InnoDB AUTO_INCREMENT=16 DEFAULT CHARSET=latin1;
/*!40101 SET character_set_client = @saved_cs_client */;

--
-- Dumping data for table `uppergiendoscopytable`
--

LOCK TABLES `uppergiendoscopytable` WRITE;
/*!40000 ALTER TABLE `uppergiendoscopytable` DISABLE KEYS */;
INSERT INTO `uppergiendoscopytable` VALUES (1,'2010-01-01','Upper GI Endoscopy',1),(2,'2011-02-02','Upper GI Endoscopy',1),(3,'','',0),(4,'2013-04-04','Upper GI Endoscopy',1),(5,'2014-05-05','Upper GI Endoscopy',1),(6,'2010-01-01','Upper GI Endoscopy',1),(7,'2011-02-02','Upper GI Endoscopy',1),(8,'','',0),(9,'2013-04-04','Upper GI Endoscopy',1),(10,'2014-05-05','Upper GI Endoscopy',1),(11,'2010-01-01','Upper GI Endoscopy',1),(12,'2011-02-02','Upper GI Endoscopy',1),(13,'','',0),(14,'2013-04-04','Upper GI Endoscopy',1),(15,'2014-05-05','Upper GI Endoscopy',1);
/*!40000 ALTER TABLE `uppergiendoscopytable` ENABLE KEYS */;
UNLOCK TABLES;

--
-- Table structure for table `urineproteintable`
--

DROP TABLE IF EXISTS `urineproteintable`;
/*!40101 SET @saved_cs_client     = @@character_set_client */;
/*!40101 SET character_set_client = utf8 */;
CREATE TABLE `urineproteintable` (
  `UrineProteinID` int(11) NOT NULL AUTO_INCREMENT,
  `Result` blob,
  PRIMARY KEY (`UrineProteinID`)
) ENGINE=InnoDB AUTO_INCREMENT=48 DEFAULT CHARSET=latin1;
/*!40101 SET character_set_client = @saved_cs_client */;

--
-- Dumping data for table `urineproteintable`
--

LOCK TABLES `urineproteintable` WRITE;
/*!40000 ALTER TABLE `urineproteintable` DISABLE KEYS */;
INSERT INTO `urineproteintable` VALUES (1,''),(2,'ok'),(3,'ok'),(4,'ok'),(5,''),(6,''),(7,'ok'),(8,'ok'),(9,'ok'),(10,''),(11,''),(12,'ok'),(13,'ok'),(14,'ok'),(15,''),(16,''),(17,'ok'),(18,'ok'),(19,'ok'),(20,''),(21,'Ok'),(22,'Ok'),(23,'Ok'),(24,'Ok'),(25,'Ok'),(26,'Ok'),(27,'Ok'),(28,'Ok'),(29,'Ok'),(30,'Ok'),(31,'Ok'),(32,'Ok'),(33,'Ok'),(34,'Ok'),(35,'Ok'),(36,'Ok'),(37,'Ok'),(38,'Ok'),(39,'Ok'),(40,'Ok'),(41,'Ok'),(42,'Ok'),(43,'Ok'),(44,'Ok'),(45,'Ok'),(46,'Ok'),(47,'Ok');
/*!40000 ALTER TABLE `urineproteintable` ENABLE KEYS */;
UNLOCK TABLES;
/*!40103 SET TIME_ZONE=@OLD_TIME_ZONE */;

/*!40101 SET SQL_MODE=@OLD_SQL_MODE */;
/*!40014 SET FOREIGN_KEY_CHECKS=@OLD_FOREIGN_KEY_CHECKS */;
/*!40014 SET UNIQUE_CHECKS=@OLD_UNIQUE_CHECKS */;
/*!40101 SET CHARACTER_SET_CLIENT=@OLD_CHARACTER_SET_CLIENT */;
/*!40101 SET CHARACTER_SET_RESULTS=@OLD_CHARACTER_SET_RESULTS */;
/*!40101 SET COLLATION_CONNECTION=@OLD_COLLATION_CONNECTION */;
/*!40111 SET SQL_NOTES=@OLD_SQL_NOTES */;

-- Dump completed on 2018-04-29 17:12:14
